ISO-10303-21;
HEADER;
FILE_DESCRIPTION(('FreeCAD Model'),'2;1');
FILE_NAME('Open CASCADE Shape Model','2026-03-13T16:14:00',(''),(''),
  'Open CASCADE STEP processor 7.8','FreeCAD','Unknown');
FILE_SCHEMA(('AUTOMOTIVE_DESIGN { 1 0 10303 214 1 1 1 1 }'));
ENDSEC;
DATA;
#1 = APPLICATION_PROTOCOL_DEFINITION('international standard',
  'automotive_design',2000,#2);
#2 = APPLICATION_CONTEXT(
  'core data for automotive mechanical design processes');
#3 = SHAPE_DEFINITION_REPRESENTATION(#4,#10);
#4 = PRODUCT_DEFINITION_SHAPE('','',#5);
#5 = PRODUCT_DEFINITION('design','',#6,#9);
#6 = PRODUCT_DEFINITION_FORMATION('','',#7);
#7 = PRODUCT('SensorHeadNipple','SensorHeadNipple','',(#8));
#8 = PRODUCT_CONTEXT('',#2,'mechanical');
#9 = PRODUCT_DEFINITION_CONTEXT('part definition',#2,'design');
#10 = SHAPE_REPRESENTATION('',(#11,#15),#19);
#11 = AXIS2_PLACEMENT_3D('',#12,#13,#14);
#12 = CARTESIAN_POINT('',(0.,0.,0.));
#13 = DIRECTION('',(0.,0.,1.));
#14 = DIRECTION('',(1.,0.,-0.));
#15 = AXIS2_PLACEMENT_3D('',#16,#17,#18);
#16 = CARTESIAN_POINT('',(0.,0.,0.));
#17 = DIRECTION('',(0.,0.,1.));
#18 = DIRECTION('',(1.,0.,0.));
#19 = ( GEOMETRIC_REPRESENTATION_CONTEXT(3) 
GLOBAL_UNCERTAINTY_ASSIGNED_CONTEXT((#23)) GLOBAL_UNIT_ASSIGNED_CONTEXT(
(#20,#21,#22)) REPRESENTATION_CONTEXT('Context #1',
  '3D Context with UNIT and UNCERTAINTY') );
#20 = ( LENGTH_UNIT() NAMED_UNIT(*) SI_UNIT(.MILLI.,.METRE.) );
#21 = ( NAMED_UNIT(*) PLANE_ANGLE_UNIT() SI_UNIT($,.RADIAN.) );
#22 = ( NAMED_UNIT(*) SI_UNIT($,.STERADIAN.) SOLID_ANGLE_UNIT() );
#23 = UNCERTAINTY_MEASURE_WITH_UNIT(LENGTH_MEASURE(1.E-07),#20,
  'distance_accuracy_value','confusion accuracy');
#24 = PRODUCT_RELATED_PRODUCT_CATEGORY('part',$,(#7));
#25 = SHAPE_DEFINITION_REPRESENTATION(#26,#32);
#26 = PRODUCT_DEFINITION_SHAPE('','',#27);
#27 = PRODUCT_DEFINITION('design','',#28,#31);
#28 = PRODUCT_DEFINITION_FORMATION('','',#29);
#29 = PRODUCT('SensorHeadNippleBody','SensorHeadNippleBody','',(#30));
#30 = PRODUCT_CONTEXT('',#2,'mechanical');
#31 = PRODUCT_DEFINITION_CONTEXT('part definition',#2,'design');
#32 = ADVANCED_BREP_SHAPE_REPRESENTATION('',(#11,#33),#5725);
#33 = MANIFOLD_SOLID_BREP('',#34);
#34 = CLOSED_SHELL('',(#35,#115,#171,#227,#286,#345,#384,#1926,#1985,
    #3498,#3533,#5046,#5101,#5619,#5713,#5720));
#35 = ADVANCED_FACE('',(#36,#84),#49,.T.);
#36 = FACE_BOUND('',#37,.T.);
#37 = EDGE_LOOP('',(#38));
#38 = ORIENTED_EDGE('',*,*,#39,.T.);
#39 = EDGE_CURVE('',#40,#40,#42,.T.);
#40 = VERTEX_POINT('',#41);
#41 = CARTESIAN_POINT('',(5.875,0.,-8.));
#42 = SURFACE_CURVE('',#43,(#48,#60),.PCURVE_S1.);
#43 = CIRCLE('',#44,5.875);
#44 = AXIS2_PLACEMENT_3D('',#45,#46,#47);
#45 = CARTESIAN_POINT('',(0.,0.,-8.));
#46 = DIRECTION('',(0.,0.,-1.));
#47 = DIRECTION('',(1.,0.,0.));
#48 = PCURVE('',#49,#54);
#49 = PLANE('',#50);
#50 = AXIS2_PLACEMENT_3D('',#51,#52,#53);
#51 = CARTESIAN_POINT('',(-1.18265092544E-15,5.663991446057E-16,-8.));
#52 = DIRECTION('',(-0.,-0.,-1.));
#53 = DIRECTION('',(-1.,0.,0.));
#54 = DEFINITIONAL_REPRESENTATION('',(#55),#59);
#55 = CIRCLE('',#56,5.875);
#56 = AXIS2_PLACEMENT_2D('',#57,#58);
#57 = CARTESIAN_POINT('',(-1.18265092544E-15,-5.663991446057E-16));
#58 = DIRECTION('',(-1.,0.));
#59 = ( GEOMETRIC_REPRESENTATION_CONTEXT(2) 
PARAMETRIC_REPRESENTATION_CONTEXT() REPRESENTATION_CONTEXT('2D SPACE',''
  ) );
#60 = PCURVE('',#61,#78);
#61 = SURFACE_OF_REVOLUTION('',#62,#75);
#62 = B_SPLINE_CURVE_WITH_KNOTS('',6,(#63,#64,#65,#66,#67,#68,#69,#70,
    #71,#72,#73,#74),.UNSPECIFIED.,.F.,.F.,(7,5,7),(4.712388980385,
    5.497787143782,6.28318530718),.UNSPECIFIED.);
#63 = CARTESIAN_POINT('',(5.875,0.,-8.));
#64 = CARTESIAN_POINT('',(6.922197551197,0.,-8.));
#65 = CARTESIAN_POINT('',(7.969393353286,0.,-7.835507238548));
#66 = CARTESIAN_POINT('',(8.984301325829,0.,-7.50651743032));
#67 = CARTESIAN_POINT('',(9.934580559833,0.,-7.021500044994));
#68 = CARTESIAN_POINT('',(10.791373759799,0.,-6.397334739185));
#69 = CARTESIAN_POINT('',(12.272334739185,0.,-4.916373759799));
#70 = CARTESIAN_POINT('',(12.896500044994,0.,-4.059580559833));
#71 = CARTESIAN_POINT('',(13.38151743032,0.,-3.109301325829));
#72 = CARTESIAN_POINT('',(13.710507238548,0.,-2.094393353286));
#73 = CARTESIAN_POINT('',(13.875,0.,-1.047197551197));
#74 = CARTESIAN_POINT('',(13.875,0.,-1.7763568394E-15));
#75 = AXIS1_PLACEMENT('',#76,#77);
#76 = CARTESIAN_POINT('',(0.,0.,0.));
#77 = DIRECTION('',(0.,0.,1.));
#78 = DEFINITIONAL_REPRESENTATION('',(#79),#83);
#79 = LINE('',#80,#81);
#80 = CARTESIAN_POINT('',(-0.,4.712388980385));
#81 = VECTOR('',#82,1.);
#82 = DIRECTION('',(-1.,0.));
#83 = ( GEOMETRIC_REPRESENTATION_CONTEXT(2) 
PARAMETRIC_REPRESENTATION_CONTEXT() REPRESENTATION_CONTEXT('2D SPACE',''
  ) );
#84 = FACE_BOUND('',#85,.T.);
#85 = EDGE_LOOP('',(#86));
#86 = ORIENTED_EDGE('',*,*,#87,.F.);
#87 = EDGE_CURVE('',#88,#88,#90,.T.);
#88 = VERTEX_POINT('',#89);
#89 = CARTESIAN_POINT('',(1.75,0.,-8.));
#90 = SURFACE_CURVE('',#91,(#96,#103),.PCURVE_S1.);
#91 = CIRCLE('',#92,1.75);
#92 = AXIS2_PLACEMENT_3D('',#93,#94,#95);
#93 = CARTESIAN_POINT('',(0.,0.,-8.));
#94 = DIRECTION('',(0.,0.,-1.));
#95 = DIRECTION('',(1.,0.,0.));
#96 = PCURVE('',#49,#97);
#97 = DEFINITIONAL_REPRESENTATION('',(#98),#102);
#98 = CIRCLE('',#99,1.75);
#99 = AXIS2_PLACEMENT_2D('',#100,#101);
#100 = CARTESIAN_POINT('',(-1.18265092544E-15,-5.663991446057E-16));
#101 = DIRECTION('',(-1.,0.));
#102 = ( GEOMETRIC_REPRESENTATION_CONTEXT(2) 
PARAMETRIC_REPRESENTATION_CONTEXT() REPRESENTATION_CONTEXT('2D SPACE',''
  ) );
#103 = PCURVE('',#104,#109);
#104 = TOROIDAL_SURFACE('',#105,1.75,1.);
#105 = AXIS2_PLACEMENT_3D('',#106,#107,#108);
#106 = CARTESIAN_POINT('',(0.,0.,-7.));
#107 = DIRECTION('',(0.,0.,-1.));
#108 = DIRECTION('',(1.,0.,0.));
#109 = DEFINITIONAL_REPRESENTATION('',(#110),#114);
#110 = LINE('',#111,#112);
#111 = CARTESIAN_POINT('',(0.,1.570796326795));
#112 = VECTOR('',#113,1.);
#113 = DIRECTION('',(1.,0.));
#114 = ( GEOMETRIC_REPRESENTATION_CONTEXT(2) 
PARAMETRIC_REPRESENTATION_CONTEXT() REPRESENTATION_CONTEXT('2D SPACE',''
  ) );
#115 = ADVANCED_FACE('',(#116),#61,.T.);
#116 = FACE_BOUND('',#117,.F.);
#117 = EDGE_LOOP('',(#118,#142,#143,#144));
#118 = ORIENTED_EDGE('',*,*,#119,.F.);
#119 = EDGE_CURVE('',#40,#120,#122,.T.);
#120 = VERTEX_POINT('',#121);
#121 = CARTESIAN_POINT('',(13.875,0.,0.));
#122 = SEAM_CURVE('',#123,(#128,#135),.PCURVE_S1.);
#123 = CIRCLE('',#124,8.);
#124 = AXIS2_PLACEMENT_3D('',#125,#126,#127);
#125 = CARTESIAN_POINT('',(5.875,0.,0.));
#126 = DIRECTION('',(0.,-1.,0.));
#127 = DIRECTION('',(1.,0.,0.));
#128 = PCURVE('',#61,#129);
#129 = DEFINITIONAL_REPRESENTATION('',(#130),#134);
#130 = LINE('',#131,#132);
#131 = CARTESIAN_POINT('',(-0.,0.));
#132 = VECTOR('',#133,1.);
#133 = DIRECTION('',(-0.,1.));
#134 = ( GEOMETRIC_REPRESENTATION_CONTEXT(2) 
PARAMETRIC_REPRESENTATION_CONTEXT() REPRESENTATION_CONTEXT('2D SPACE',''
  ) );
#135 = PCURVE('',#61,#136);
#136 = DEFINITIONAL_REPRESENTATION('',(#137),#141);
#137 = LINE('',#138,#139);
#138 = CARTESIAN_POINT('',(-6.28318530718,0.));
#139 = VECTOR('',#140,1.);
#140 = DIRECTION('',(-0.,1.));
#141 = ( GEOMETRIC_REPRESENTATION_CONTEXT(2) 
PARAMETRIC_REPRESENTATION_CONTEXT() REPRESENTATION_CONTEXT('2D SPACE',''
  ) );
#142 = ORIENTED_EDGE('',*,*,#39,.F.);
#143 = ORIENTED_EDGE('',*,*,#119,.T.);
#144 = ORIENTED_EDGE('',*,*,#145,.T.);
#145 = EDGE_CURVE('',#120,#120,#146,.T.);
#146 = SURFACE_CURVE('',#147,(#152,#159),.PCURVE_S1.);
#147 = CIRCLE('',#148,13.875);
#148 = AXIS2_PLACEMENT_3D('',#149,#150,#151);
#149 = CARTESIAN_POINT('',(0.,0.,0.));
#150 = DIRECTION('',(0.,0.,-1.));
#151 = DIRECTION('',(1.,0.,0.));
#152 = PCURVE('',#61,#153);
#153 = DEFINITIONAL_REPRESENTATION('',(#154),#158);
#154 = LINE('',#155,#156);
#155 = CARTESIAN_POINT('',(-0.,6.28318530718));
#156 = VECTOR('',#157,1.);
#157 = DIRECTION('',(-1.,0.));
#158 = ( GEOMETRIC_REPRESENTATION_CONTEXT(2) 
PARAMETRIC_REPRESENTATION_CONTEXT() REPRESENTATION_CONTEXT('2D SPACE',''
  ) );
#159 = PCURVE('',#160,#165);
#160 = CYLINDRICAL_SURFACE('',#161,13.875);
#161 = AXIS2_PLACEMENT_3D('',#162,#163,#164);
#162 = CARTESIAN_POINT('',(0.,0.,-8.));
#163 = DIRECTION('',(0.,0.,-1.));
#164 = DIRECTION('',(1.,0.,0.));
#165 = DEFINITIONAL_REPRESENTATION('',(#166),#170);
#166 = LINE('',#167,#168);
#167 = CARTESIAN_POINT('',(0.,-8.));
#168 = VECTOR('',#169,1.);
#169 = DIRECTION('',(1.,0.));
#170 = ( GEOMETRIC_REPRESENTATION_CONTEXT(2) 
PARAMETRIC_REPRESENTATION_CONTEXT() REPRESENTATION_CONTEXT('2D SPACE',''
  ) );
#171 = ADVANCED_FACE('',(#172),#104,.T.);
#172 = FACE_BOUND('',#173,.T.);
#173 = EDGE_LOOP('',(#174,#198,#199,#200));
#174 = ORIENTED_EDGE('',*,*,#175,.F.);
#175 = EDGE_CURVE('',#88,#176,#178,.T.);
#176 = VERTEX_POINT('',#177);
#177 = CARTESIAN_POINT('',(0.75,0.,-7.));
#178 = SEAM_CURVE('',#179,(#184,#191),.PCURVE_S1.);
#179 = CIRCLE('',#180,1.);
#180 = AXIS2_PLACEMENT_3D('',#181,#182,#183);
#181 = CARTESIAN_POINT('',(1.75,0.,-7.));
#182 = DIRECTION('',(-0.,1.,0.));
#183 = DIRECTION('',(1.,0.,0.));
#184 = PCURVE('',#104,#185);
#185 = DEFINITIONAL_REPRESENTATION('',(#186),#190);
#186 = LINE('',#187,#188);
#187 = CARTESIAN_POINT('',(0.,0.));
#188 = VECTOR('',#189,1.);
#189 = DIRECTION('',(0.,1.));
#190 = ( GEOMETRIC_REPRESENTATION_CONTEXT(2) 
PARAMETRIC_REPRESENTATION_CONTEXT() REPRESENTATION_CONTEXT('2D SPACE',''
  ) );
#191 = PCURVE('',#104,#192);
#192 = DEFINITIONAL_REPRESENTATION('',(#193),#197);
#193 = LINE('',#194,#195);
#194 = CARTESIAN_POINT('',(6.28318530718,0.));
#195 = VECTOR('',#196,1.);
#196 = DIRECTION('',(0.,1.));
#197 = ( GEOMETRIC_REPRESENTATION_CONTEXT(2) 
PARAMETRIC_REPRESENTATION_CONTEXT() REPRESENTATION_CONTEXT('2D SPACE',''
  ) );
#198 = ORIENTED_EDGE('',*,*,#87,.T.);
#199 = ORIENTED_EDGE('',*,*,#175,.T.);
#200 = ORIENTED_EDGE('',*,*,#201,.F.);
#201 = EDGE_CURVE('',#176,#176,#202,.T.);
#202 = SURFACE_CURVE('',#203,(#208,#215),.PCURVE_S1.);
#203 = CIRCLE('',#204,0.75);
#204 = AXIS2_PLACEMENT_3D('',#205,#206,#207);
#205 = CARTESIAN_POINT('',(0.,0.,-7.));
#206 = DIRECTION('',(0.,0.,-1.));
#207 = DIRECTION('',(1.,0.,0.));
#208 = PCURVE('',#104,#209);
#209 = DEFINITIONAL_REPRESENTATION('',(#210),#214);
#210 = LINE('',#211,#212);
#211 = CARTESIAN_POINT('',(0.,3.14159265359));
#212 = VECTOR('',#213,1.);
#213 = DIRECTION('',(1.,0.));
#214 = ( GEOMETRIC_REPRESENTATION_CONTEXT(2) 
PARAMETRIC_REPRESENTATION_CONTEXT() REPRESENTATION_CONTEXT('2D SPACE',''
  ) );
#215 = PCURVE('',#216,#221);
#216 = CYLINDRICAL_SURFACE('',#217,0.75);
#217 = AXIS2_PLACEMENT_3D('',#218,#219,#220);
#218 = CARTESIAN_POINT('',(0.,0.,-8.));
#219 = DIRECTION('',(0.,0.,-1.));
#220 = DIRECTION('',(1.,0.,0.));
#221 = DEFINITIONAL_REPRESENTATION('',(#222),#226);
#222 = LINE('',#223,#224);
#223 = CARTESIAN_POINT('',(0.,-1.));
#224 = VECTOR('',#225,1.);
#225 = DIRECTION('',(1.,0.));
#226 = ( GEOMETRIC_REPRESENTATION_CONTEXT(2) 
PARAMETRIC_REPRESENTATION_CONTEXT() REPRESENTATION_CONTEXT('2D SPACE',''
  ) );
#227 = ADVANCED_FACE('',(#228),#160,.T.);
#228 = FACE_BOUND('',#229,.T.);
#229 = EDGE_LOOP('',(#230,#253,#284,#285));
#230 = ORIENTED_EDGE('',*,*,#231,.T.);
#231 = EDGE_CURVE('',#120,#232,#234,.T.);
#232 = VERTEX_POINT('',#233);
#233 = CARTESIAN_POINT('',(13.875,0.,4.5));
#234 = SEAM_CURVE('',#235,(#239,#246),.PCURVE_S1.);
#235 = LINE('',#236,#237);
#236 = CARTESIAN_POINT('',(13.875,0.,-8.));
#237 = VECTOR('',#238,1.);
#238 = DIRECTION('',(0.,0.,1.));
#239 = PCURVE('',#160,#240);
#240 = DEFINITIONAL_REPRESENTATION('',(#241),#245);
#241 = LINE('',#242,#243);
#242 = CARTESIAN_POINT('',(0.,0.));
#243 = VECTOR('',#244,1.);
#244 = DIRECTION('',(0.,-1.));
#245 = ( GEOMETRIC_REPRESENTATION_CONTEXT(2) 
PARAMETRIC_REPRESENTATION_CONTEXT() REPRESENTATION_CONTEXT('2D SPACE',''
  ) );
#246 = PCURVE('',#160,#247);
#247 = DEFINITIONAL_REPRESENTATION('',(#248),#252);
#248 = LINE('',#249,#250);
#249 = CARTESIAN_POINT('',(6.28318530718,0.));
#250 = VECTOR('',#251,1.);
#251 = DIRECTION('',(0.,-1.));
#252 = ( GEOMETRIC_REPRESENTATION_CONTEXT(2) 
PARAMETRIC_REPRESENTATION_CONTEXT() REPRESENTATION_CONTEXT('2D SPACE',''
  ) );
#253 = ORIENTED_EDGE('',*,*,#254,.T.);
#254 = EDGE_CURVE('',#232,#232,#255,.T.);
#255 = SURFACE_CURVE('',#256,(#261,#268),.PCURVE_S1.);
#256 = CIRCLE('',#257,13.875);
#257 = AXIS2_PLACEMENT_3D('',#258,#259,#260);
#258 = CARTESIAN_POINT('',(0.,0.,4.5));
#259 = DIRECTION('',(0.,0.,-1.));
#260 = DIRECTION('',(1.,0.,0.));
#261 = PCURVE('',#160,#262);
#262 = DEFINITIONAL_REPRESENTATION('',(#263),#267);
#263 = LINE('',#264,#265);
#264 = CARTESIAN_POINT('',(0.,-12.5));
#265 = VECTOR('',#266,1.);
#266 = DIRECTION('',(1.,0.));
#267 = ( GEOMETRIC_REPRESENTATION_CONTEXT(2) 
PARAMETRIC_REPRESENTATION_CONTEXT() REPRESENTATION_CONTEXT('2D SPACE',''
  ) );
#268 = PCURVE('',#269,#274);
#269 = PLANE('',#270);
#270 = AXIS2_PLACEMENT_3D('',#271,#272,#273);
#271 = CARTESIAN_POINT('',(-9.558804809984E-16,-2.012832336873E-16,4.5)
  );
#272 = DIRECTION('',(0.,0.,1.));
#273 = DIRECTION('',(1.,0.,0.));
#274 = DEFINITIONAL_REPRESENTATION('',(#275),#283);
#275 = ( BOUNDED_CURVE() B_SPLINE_CURVE(2,(#276,#277,#278,#279,#280,#281
,#282),.UNSPECIFIED.,.T.,.F.) B_SPLINE_CURVE_WITH_KNOTS((1,2,2,2,2,1),(
    -2.094395102393,0.,2.094395102393,4.188790204786,6.28318530718,
8.377580409573),.UNSPECIFIED.) CURVE() GEOMETRIC_REPRESENTATION_ITEM() 
RATIONAL_B_SPLINE_CURVE((1.,0.5,1.,0.5,1.,0.5,1.)) REPRESENTATION_ITEM(
  '') );
#276 = CARTESIAN_POINT('',(13.875,2.012832336873E-16));
#277 = CARTESIAN_POINT('',(13.875,-24.03220495501));
#278 = CARTESIAN_POINT('',(-6.9375,-12.0161024775));
#279 = CARTESIAN_POINT('',(-27.75,-3.197111633947E-15));
#280 = CARTESIAN_POINT('',(-6.9375,12.016102477509));
#281 = CARTESIAN_POINT('',(13.875,24.032204955018));
#282 = CARTESIAN_POINT('',(13.875,2.012832336873E-16));
#283 = ( GEOMETRIC_REPRESENTATION_CONTEXT(2) 
PARAMETRIC_REPRESENTATION_CONTEXT() REPRESENTATION_CONTEXT('2D SPACE',''
  ) );
#284 = ORIENTED_EDGE('',*,*,#231,.F.);
#285 = ORIENTED_EDGE('',*,*,#145,.F.);
#286 = ADVANCED_FACE('',(#287),#216,.F.);
#287 = FACE_BOUND('',#288,.F.);
#288 = EDGE_LOOP('',(#289,#312,#313,#314));
#289 = ORIENTED_EDGE('',*,*,#290,.F.);
#290 = EDGE_CURVE('',#176,#291,#293,.T.);
#291 = VERTEX_POINT('',#292);
#292 = CARTESIAN_POINT('',(0.75,0.,4.50000000014));
#293 = SEAM_CURVE('',#294,(#298,#305),.PCURVE_S1.);
#294 = LINE('',#295,#296);
#295 = CARTESIAN_POINT('',(0.75,0.,-8.));
#296 = VECTOR('',#297,1.);
#297 = DIRECTION('',(0.,0.,1.));
#298 = PCURVE('',#216,#299);
#299 = DEFINITIONAL_REPRESENTATION('',(#300),#304);
#300 = LINE('',#301,#302);
#301 = CARTESIAN_POINT('',(6.28318530718,0.));
#302 = VECTOR('',#303,1.);
#303 = DIRECTION('',(0.,-1.));
#304 = ( GEOMETRIC_REPRESENTATION_CONTEXT(2) 
PARAMETRIC_REPRESENTATION_CONTEXT() REPRESENTATION_CONTEXT('2D SPACE',''
  ) );
#305 = PCURVE('',#216,#306);
#306 = DEFINITIONAL_REPRESENTATION('',(#307),#311);
#307 = LINE('',#308,#309);
#308 = CARTESIAN_POINT('',(0.,0.));
#309 = VECTOR('',#310,1.);
#310 = DIRECTION('',(0.,-1.));
#311 = ( GEOMETRIC_REPRESENTATION_CONTEXT(2) 
PARAMETRIC_REPRESENTATION_CONTEXT() REPRESENTATION_CONTEXT('2D SPACE',''
  ) );
#312 = ORIENTED_EDGE('',*,*,#201,.F.);
#313 = ORIENTED_EDGE('',*,*,#290,.T.);
#314 = ORIENTED_EDGE('',*,*,#315,.T.);
#315 = EDGE_CURVE('',#291,#291,#316,.T.);
#316 = SURFACE_CURVE('',#317,(#322,#329),.PCURVE_S1.);
#317 = CIRCLE('',#318,0.75);
#318 = AXIS2_PLACEMENT_3D('',#319,#320,#321);
#319 = CARTESIAN_POINT('',(0.,0.,4.500000000392));
#320 = DIRECTION('',(0.,0.,-1.));
#321 = DIRECTION('',(1.,0.,0.));
#322 = PCURVE('',#216,#323);
#323 = DEFINITIONAL_REPRESENTATION('',(#324),#328);
#324 = LINE('',#325,#326);
#325 = CARTESIAN_POINT('',(0.,-12.50000000039));
#326 = VECTOR('',#327,1.);
#327 = DIRECTION('',(1.,0.));
#328 = ( GEOMETRIC_REPRESENTATION_CONTEXT(2) 
PARAMETRIC_REPRESENTATION_CONTEXT() REPRESENTATION_CONTEXT('2D SPACE',''
  ) );
#329 = PCURVE('',#330,#335);
#330 = PLANE('',#331);
#331 = AXIS2_PLACEMENT_3D('',#332,#333,#334);
#332 = CARTESIAN_POINT('',(-6.408668448474E-02,-0.433346011553,
    4.500000000501));
#333 = DIRECTION('',(3.366095997876E-10,2.010274087102E-10,1.));
#334 = DIRECTION('',(1.,0.,-3.366095997876E-10));
#335 = DEFINITIONAL_REPRESENTATION('',(#336),#344);
#336 = ( BOUNDED_CURVE() B_SPLINE_CURVE(2,(#337,#338,#339,#340,#341,#342
,#343),.UNSPECIFIED.,.T.,.F.) B_SPLINE_CURVE_WITH_KNOTS((1,2,2,2,2,1),(
    -2.094395102393,0.,2.094395102393,4.188790204786,6.28318530718,
8.377580409573),.UNSPECIFIED.) CURVE() GEOMETRIC_REPRESENTATION_ITEM() 
RATIONAL_B_SPLINE_CURVE((1.,0.5,1.,0.5,1.,0.5,1.)) REPRESENTATION_ITEM(
  '') );
#337 = CARTESIAN_POINT('',(0.814086684485,0.433346011553));
#338 = CARTESIAN_POINT('',(0.814086684485,-0.865692094124));
#339 = CARTESIAN_POINT('',(-0.310913315515,-0.216173041285));
#340 = CARTESIAN_POINT('',(-1.435913315515,0.433346011553));
#341 = CARTESIAN_POINT('',(-0.310913315515,1.082865064391));
#342 = CARTESIAN_POINT('',(0.814086684485,1.73238411723));
#343 = CARTESIAN_POINT('',(0.814086684485,0.433346011553));
#344 = ( GEOMETRIC_REPRESENTATION_CONTEXT(2) 
PARAMETRIC_REPRESENTATION_CONTEXT() REPRESENTATION_CONTEXT('2D SPACE',''
  ) );
#345 = ADVANCED_FACE('',(#346,#349),#269,.T.);
#346 = FACE_BOUND('',#347,.F.);
#347 = EDGE_LOOP('',(#348));
#348 = ORIENTED_EDGE('',*,*,#254,.T.);
#349 = FACE_BOUND('',#350,.T.);
#350 = EDGE_LOOP('',(#351));
#351 = ORIENTED_EDGE('',*,*,#352,.T.);
#352 = EDGE_CURVE('',#353,#353,#355,.T.);
#353 = VERTEX_POINT('',#354);
#354 = CARTESIAN_POINT('',(11.875,0.,4.5));
#355 = SURFACE_CURVE('',#356,(#361,#372),.PCURVE_S1.);
#356 = CIRCLE('',#357,11.875);
#357 = AXIS2_PLACEMENT_3D('',#358,#359,#360);
#358 = CARTESIAN_POINT('',(0.,0.,4.5));
#359 = DIRECTION('',(0.,0.,-1.));
#360 = DIRECTION('',(1.,0.,0.));
#361 = PCURVE('',#269,#362);
#362 = DEFINITIONAL_REPRESENTATION('',(#363),#371);
#363 = ( BOUNDED_CURVE() B_SPLINE_CURVE(2,(#364,#365,#366,#367,#368,#369
,#370),.UNSPECIFIED.,.T.,.F.) B_SPLINE_CURVE_WITH_KNOTS((1,2,2,2,2,1),(
    -2.094395102393,0.,2.094395102393,4.188790204786,6.28318530718,
8.377580409573),.UNSPECIFIED.) CURVE() GEOMETRIC_REPRESENTATION_ITEM() 
RATIONAL_B_SPLINE_CURVE((1.,0.5,1.,0.5,1.,0.5,1.)) REPRESENTATION_ITEM(
  '') );
#364 = CARTESIAN_POINT('',(11.875,2.012832336873E-16));
#365 = CARTESIAN_POINT('',(11.875,-20.56810333988));
#366 = CARTESIAN_POINT('',(-5.9375,-10.28405166994));
#367 = CARTESIAN_POINT('',(-23.75,-2.707252914288E-15));
#368 = CARTESIAN_POINT('',(-5.9375,10.28405166994));
#369 = CARTESIAN_POINT('',(11.875,20.56810333988));
#370 = CARTESIAN_POINT('',(11.875,2.012832336873E-16));
#371 = ( GEOMETRIC_REPRESENTATION_CONTEXT(2) 
PARAMETRIC_REPRESENTATION_CONTEXT() REPRESENTATION_CONTEXT('2D SPACE',''
  ) );
#372 = PCURVE('',#373,#378);
#373 = CYLINDRICAL_SURFACE('',#374,11.875);
#374 = AXIS2_PLACEMENT_3D('',#375,#376,#377);
#375 = CARTESIAN_POINT('',(0.,0.,-8.));
#376 = DIRECTION('',(0.,0.,-1.));
#377 = DIRECTION('',(1.,0.,0.));
#378 = DEFINITIONAL_REPRESENTATION('',(#379),#383);
#379 = LINE('',#380,#381);
#380 = CARTESIAN_POINT('',(0.,-12.5));
#381 = VECTOR('',#382,1.);
#382 = DIRECTION('',(1.,0.));
#383 = ( GEOMETRIC_REPRESENTATION_CONTEXT(2) 
PARAMETRIC_REPRESENTATION_CONTEXT() REPRESENTATION_CONTEXT('2D SPACE',''
  ) );
#384 = ADVANCED_FACE('',(#385,#1923),#330,.T.);
#385 = FACE_BOUND('',#386,.T.);
#386 = EDGE_LOOP('',(#387));
#387 = ORIENTED_EDGE('',*,*,#388,.T.);
#388 = EDGE_CURVE('',#389,#389,#391,.T.);
#389 = VERTEX_POINT('',#390);
#390 = CARTESIAN_POINT('',(4.892270471243,3.657788246071,4.49999999801)
  );
#391 = SURFACE_CURVE('',#392,(#462,#535),.PCURVE_S1.);
#392 = B_SPLINE_CURVE_WITH_KNOTS('',3,(#393,#394,#395,#396,#397,#398,
    #399,#400,#401,#402,#403,#404,#405,#406,#407,#408,#409,#410,#411,
    #412,#413,#414,#415,#416,#417,#418,#419,#420,#421,#422,#423,#424,
    #425,#426,#427,#428,#429,#430,#431,#432,#433,#434,#435,#436,#437,
    #438,#439,#440,#441,#442,#443,#444,#445,#446,#447,#448,#449,#450,
    #451,#452,#453,#454,#455,#456,#457,#458,#459,#460,#461),
  .UNSPECIFIED.,.T.,.F.,(1,1,2,1,1,1,1,1,1,1,1,1,1,1,1,1,1,1,1,1,1,1,1,1
    ,1,1,1,1,1,1,1,1,1,1,1,1,1,1,1,1,1,1,1,1,1,1,1,1,1,1,1,1,1,1,1,1,1,1
    ,1,1,1,1,1,1,1,1,1,1,2,1,1),(-0.806026575103,-0.214473175889,0.,
    0.586286434173,1.169790793149,1.751355281267,2.331488559819,
    2.910562708888,3.488880006941,4.066703671393,4.644275166407,
    5.221825806552,5.79958609389,6.377794883986,6.956710383849,
    7.536626039736,8.117897857159,8.701001356912,9.286688188225,
    9.875955541234,10.468810074336,11.065242783825,11.665253753848,
    12.268843067054,12.876010804635,13.486757046351,14.101081870572,
    14.718985354304,15.340467573224,15.965528601709,16.594168512865,
    17.226387378557,17.862185269437,18.501562254969,19.144518403459,
    19.791053782076,20.441168456882,21.094862492853,21.752135953902,
    22.41200520612,23.072621290473,23.733237374826,24.393853459179,
    25.054469543532,25.715085627885,26.375701712238,27.036317796592,
    27.696779606114,28.356330915924,29.012302760525,29.664695203167,
    30.313508308148,30.958742140836,31.600396767692,32.238472256296,
    32.872968675372,33.503886094813,34.131224585709,34.754984220372,
    35.375165072369,35.991767216544,36.604790729055,37.2142356874,
    37.82010217045,38.422390258483,39.021100033216,39.616231577839,
    40.207784977053,40.422258152942,41.008544587115,41.592048946091),
  .UNSPECIFIED.);
#393 = CARTESIAN_POINT('',(4.93836123089,3.603146007452,4.499999998005)
  );
#394 = CARTESIAN_POINT('',(4.766276220403,3.807158921923,4.499999998022)
  );
#395 = CARTESIAN_POINT('',(4.503173223492,4.095628710759,4.499999998053)
  );
#396 = CARTESIAN_POINT('',(4.075377398155,4.49384602983,4.499999998117)
  );
#397 = CARTESIAN_POINT('',(3.615732850068,4.851694621493,4.4999999982));
#398 = CARTESIAN_POINT('',(3.12715598035,5.166181106837,4.499999998301)
  );
#399 = CARTESIAN_POINT('',(2.612997874795,5.43454483407,4.49999999842));
#400 = CARTESIAN_POINT('',(2.077176564107,5.654515372718,4.499999998556)
  );
#401 = CARTESIAN_POINT('',(1.523901732459,5.824234866931,4.499999998708)
  );
#402 = CARTESIAN_POINT('',(0.957608288849,5.942285649814,4.499999998875)
  );
#403 = CARTESIAN_POINT('',(0.38287204426,6.007694759789,4.499999999055)
  );
#404 = CARTESIAN_POINT('',(-0.195655137603,6.019945546256,4.499999999248
    ));
#405 = CARTESIAN_POINT('',(-0.77331278553,5.978987283274,4.49999999945)
  );
#406 = CARTESIAN_POINT('',(-1.345503763195,5.885248217631,4.499999999662
    ));
#407 = CARTESIAN_POINT('',(-1.907788921016,5.739652658611,4.49999999988)
  );
#408 = CARTESIAN_POINT('',(-2.45600769498,5.543672158681,4.500000000104)
  );
#409 = CARTESIAN_POINT('',(-2.986583651979,5.29938892442,4.500000000332)
  );
#410 = CARTESIAN_POINT('',(-3.496809488224,5.010013671727,4.500000000562
    ));
#411 = CARTESIAN_POINT('',(-3.986801183209,4.681313491901,4.500000000793
    ));
#412 = CARTESIAN_POINT('',(-4.444258070621,4.302620008054,4.500000001023
    ));
#413 = CARTESIAN_POINT('',(-4.865993841349,3.879617118057,4.50000000125)
  );
#414 = CARTESIAN_POINT('',(-5.24718616889,3.415029846788,4.500000001472)
  );
#415 = CARTESIAN_POINT('',(-5.583866925368,2.912941162317,4.500000001686
    ));
#416 = CARTESIAN_POINT('',(-5.872302565225,2.377585938233,4.500000001891
    ));
#417 = CARTESIAN_POINT('',(-6.109212284373,1.813632473565,4.500000002084
    ));
#418 = CARTESIAN_POINT('',(-6.29175591526,1.226056246439,4.500000002263)
  );
#419 = CARTESIAN_POINT('',(-6.417579179747,0.620119276335,4.500000002428
    ));
#420 = CARTESIAN_POINT('',(-6.484838090911,1.316781183804E-03,
    4.500000002575));
#421 = CARTESIAN_POINT('',(-6.492223213106,-0.624670938151,
    4.500000002703));
#422 = CARTESIAN_POINT('',(-6.438977909167,-1.252031139202,
    4.500000002811));
#423 = CARTESIAN_POINT('',(-6.324911536491,-1.874872324961,
    4.500000002898));
#424 = CARTESIAN_POINT('',(-6.15040830159,-2.487280201806,4.500000002962
    ));
#425 = CARTESIAN_POINT('',(-5.916426832717,-3.083371478712,
    4.500000003003));
#426 = CARTESIAN_POINT('',(-5.624508876689,-3.657358994003,
    4.500000003021));
#427 = CARTESIAN_POINT('',(-5.276727407362,-4.203575060392,
    4.500000003013));
#428 = CARTESIAN_POINT('',(-4.875836438538,-4.71665026741,4.500000002981
    ));
#429 = CARTESIAN_POINT('',(-4.424635659886,-5.191102934245,
    4.500000002925));
#430 = CARTESIAN_POINT('',(-3.928511544112,-5.622923786999,
    4.500000002845));
#431 = CARTESIAN_POINT('',(-3.387041566492,-6.003027641982,
    4.500000002739));
#432 = CARTESIAN_POINT('',(-2.791411194147,-6.292347459155,
    4.500000002597));
#433 = CARTESIAN_POINT('',(-2.175681565181,-6.533350245372,
    4.500000002438));
#434 = CARTESIAN_POINT('',(-1.538287587357,-6.711425672302,
    4.500000002259));
#435 = CARTESIAN_POINT('',(-0.887094557931,-6.828274746878,
    4.500000002063));
#436 = CARTESIAN_POINT('',(-0.227669466256,-6.88171374595,4.500000001852
    ));
#437 = CARTESIAN_POINT('',(0.434096717583,-6.872323363191,4.500000001627
    ));
#438 = CARTESIAN_POINT('',(1.090806454728,-6.797004566803,4.500000001391
    ));
#439 = CARTESIAN_POINT('',(1.740845729124,-6.668218924214,4.500000001147
    ));
#440 = CARTESIAN_POINT('',(2.355167897485,-6.424311448852,4.500000000891
    ));
#441 = CARTESIAN_POINT('',(2.945780016488,-6.137939315718,4.500000000634
    ));
#442 = CARTESIAN_POINT('',(3.501679265783,-5.794088492852,4.500000000378
    ));
#443 = CARTESIAN_POINT('',(4.019386322361,-5.401489401765,4.500000000125
    ));
#444 = CARTESIAN_POINT('',(4.494153284609,-4.963023768587,4.499999999877
    ));
#445 = CARTESIAN_POINT('',(4.922127759747,-4.483622081672,4.499999999637
    ));
#446 = CARTESIAN_POINT('',(5.299819995118,-3.968105935254,4.499999999406
    ));
#447 = CARTESIAN_POINT('',(5.624280589707,-3.421698967184,4.499999999187
    ));
#448 = CARTESIAN_POINT('',(5.893082957883,-2.849825785242,4.499999998981
    ));
#449 = CARTESIAN_POINT('',(6.104351086743,-2.258097823438,4.499999998791
    ));
#450 = CARTESIAN_POINT('',(6.256768326064,-1.652248092734,4.499999998618
    ));
#451 = CARTESIAN_POINT('',(6.349584910813,-1.038078141386,4.499999998463
    ));
#452 = CARTESIAN_POINT('',(6.38261686295,-0.421403326828,4.499999998328)
  );
#453 = CARTESIAN_POINT('',(6.356248008689,0.192007552189,4.499999998214)
  );
#454 = CARTESIAN_POINT('',(6.271396087286,0.796465786635,4.499999998121)
  );
#455 = CARTESIAN_POINT('',(6.129586741817,1.386491252618,4.49999999805)
  );
#456 = CARTESIAN_POINT('',(5.932604510117,1.956581853369,4.499999998002)
  );
#457 = CARTESIAN_POINT('',(5.683685488717,2.50230138855,4.499999997976)
  );
#458 = CARTESIAN_POINT('',(5.382985755798,3.016478807657,4.499999997974)
  );
#459 = CARTESIAN_POINT('',(5.115503279208,3.400979687373,4.499999997986)
  );
#460 = CARTESIAN_POINT('',(4.93836123089,3.603146007452,4.499999998005)
  );
#461 = CARTESIAN_POINT('',(4.766276220403,3.807158921923,4.499999998022)
  );
#462 = PCURVE('',#330,#463);
#463 = DEFINITIONAL_REPRESENTATION('',(#464),#534);
#464 = B_SPLINE_CURVE_WITH_KNOTS('',3,(#465,#466,#467,#468,#469,#470,
    #471,#472,#473,#474,#475,#476,#477,#478,#479,#480,#481,#482,#483,
    #484,#485,#486,#487,#488,#489,#490,#491,#492,#493,#494,#495,#496,
    #497,#498,#499,#500,#501,#502,#503,#504,#505,#506,#507,#508,#509,
    #510,#511,#512,#513,#514,#515,#516,#517,#518,#519,#520,#521,#522,
    #523,#524,#525,#526,#527,#528,#529,#530,#531,#532,#533),
  .UNSPECIFIED.,.T.,.F.,(1,1,2,1,1,1,1,1,1,1,1,1,1,1,1,1,1,1,1,1,1,1,1,1
    ,1,1,1,1,1,1,1,1,1,1,1,1,1,1,1,1,1,1,1,1,1,1,1,1,1,1,1,1,1,1,1,1,1,1
    ,1,1,1,1,1,1,1,1,1,1,2,1,1),(-0.806026575103,-0.214473175889,0.,
    0.586286434173,1.169790793149,1.751355281267,2.331488559819,
    2.910562708888,3.488880006941,4.066703671393,4.644275166407,
    5.221825806552,5.79958609389,6.377794883986,6.956710383849,
    7.536626039736,8.117897857159,8.701001356912,9.286688188225,
    9.875955541234,10.468810074336,11.065242783825,11.665253753848,
    12.268843067054,12.876010804635,13.486757046351,14.101081870572,
    14.718985354304,15.340467573224,15.965528601709,16.594168512865,
    17.226387378557,17.862185269437,18.501562254969,19.144518403459,
    19.791053782076,20.441168456882,21.094862492853,21.752135953902,
    22.41200520612,23.072621290473,23.733237374826,24.393853459179,
    25.054469543532,25.715085627885,26.375701712238,27.036317796592,
    27.696779606114,28.356330915924,29.012302760525,29.664695203167,
    30.313508308148,30.958742140836,31.600396767692,32.238472256296,
    32.872968675372,33.503886094813,34.131224585709,34.754984220372,
    35.375165072369,35.991767216544,36.604790729055,37.2142356874,
    37.82010217045,38.422390258483,39.021100033216,39.616231577839,
    40.207784977053,40.422258152942,41.008544587115,41.592048946091),
  .UNSPECIFIED.);
#465 = CARTESIAN_POINT('',(5.002447915375,4.036492019005));
#466 = CARTESIAN_POINT('',(4.830362904888,4.240504933476));
#467 = CARTESIAN_POINT('',(4.567259907977,4.528974722312));
#468 = CARTESIAN_POINT('',(4.13946408264,4.927192041383));
#469 = CARTESIAN_POINT('',(3.679819534553,5.285040633046));
#470 = CARTESIAN_POINT('',(3.191242664835,5.59952711839));
#471 = CARTESIAN_POINT('',(2.67708455928,5.867890845623));
#472 = CARTESIAN_POINT('',(2.141263248592,6.087861384271));
#473 = CARTESIAN_POINT('',(1.587988416943,6.257580878484));
#474 = CARTESIAN_POINT('',(1.021694973333,6.375631661367));
#475 = CARTESIAN_POINT('',(0.446958728745,6.441040771342));
#476 = CARTESIAN_POINT('',(-0.131568453118,6.453291557809));
#477 = CARTESIAN_POINT('',(-0.709226101045,6.412333294827));
#478 = CARTESIAN_POINT('',(-1.281417078711,6.318594229184));
#479 = CARTESIAN_POINT('',(-1.843702236531,6.172998670164));
#480 = CARTESIAN_POINT('',(-2.391921010496,5.977018170234));
#481 = CARTESIAN_POINT('',(-2.922496967494,5.732734935973));
#482 = CARTESIAN_POINT('',(-3.432722803739,5.44335968328));
#483 = CARTESIAN_POINT('',(-3.922714498725,5.114659503454));
#484 = CARTESIAN_POINT('',(-4.380171386137,4.735966019607));
#485 = CARTESIAN_POINT('',(-4.801907156864,4.31296312961));
#486 = CARTESIAN_POINT('',(-5.183099484406,3.848375858341));
#487 = CARTESIAN_POINT('',(-5.519780240883,3.34628717387));
#488 = CARTESIAN_POINT('',(-5.80821588074,2.810931949786));
#489 = CARTESIAN_POINT('',(-6.045125599888,2.246978485118));
#490 = CARTESIAN_POINT('',(-6.227669230775,1.659402257992));
#491 = CARTESIAN_POINT('',(-6.353492495262,1.053465287888));
#492 = CARTESIAN_POINT('',(-6.420751406426,0.434662792737));
#493 = CARTESIAN_POINT('',(-6.428136528621,-0.191324926598));
#494 = CARTESIAN_POINT('',(-6.374891224682,-0.818685127649));
#495 = CARTESIAN_POINT('',(-6.260824852006,-1.441526313408));
#496 = CARTESIAN_POINT('',(-6.086321617106,-2.053934190253));
#497 = CARTESIAN_POINT('',(-5.852340148232,-2.650025467159));
#498 = CARTESIAN_POINT('',(-5.560422192204,-3.22401298245));
#499 = CARTESIAN_POINT('',(-5.212640722877,-3.770229048839));
#500 = CARTESIAN_POINT('',(-4.811749754053,-4.283304255857));
#501 = CARTESIAN_POINT('',(-4.360548975401,-4.757756922692));
#502 = CARTESIAN_POINT('',(-3.864424859627,-5.189577775446));
#503 = CARTESIAN_POINT('',(-3.322954882007,-5.569681630429));
#504 = CARTESIAN_POINT('',(-2.727324509662,-5.859001447602));
#505 = CARTESIAN_POINT('',(-2.111594880696,-6.100004233819));
#506 = CARTESIAN_POINT('',(-1.474200902873,-6.278079660749));
#507 = CARTESIAN_POINT('',(-0.823007873446,-6.394928735325));
#508 = CARTESIAN_POINT('',(-0.163582781772,-6.448367734397));
#509 = CARTESIAN_POINT('',(0.498183402068,-6.438977351638));
#510 = CARTESIAN_POINT('',(1.154893139213,-6.36365855525));
#511 = CARTESIAN_POINT('',(1.804932413609,-6.234872912661));
#512 = CARTESIAN_POINT('',(2.41925458197,-5.990965437299));
#513 = CARTESIAN_POINT('',(3.009866700973,-5.704593304165));
#514 = CARTESIAN_POINT('',(3.565765950268,-5.360742481299));
#515 = CARTESIAN_POINT('',(4.083473006845,-4.968143390212));
#516 = CARTESIAN_POINT('',(4.558239969094,-4.529677757034));
#517 = CARTESIAN_POINT('',(4.986214444232,-4.050276070119));
#518 = CARTESIAN_POINT('',(5.363906679603,-3.534759923701));
#519 = CARTESIAN_POINT('',(5.688367274192,-2.988352955631));
#520 = CARTESIAN_POINT('',(5.957169642368,-2.416479773689));
#521 = CARTESIAN_POINT('',(6.168437771228,-1.824751811885));
#522 = CARTESIAN_POINT('',(6.320855010549,-1.218902081181));
#523 = CARTESIAN_POINT('',(6.413671595298,-0.604732129833));
#524 = CARTESIAN_POINT('',(6.446703547435,1.194268472458E-02));
#525 = CARTESIAN_POINT('',(6.420334693173,0.625353563742));
#526 = CARTESIAN_POINT('',(6.335482771771,1.229811798188));
#527 = CARTESIAN_POINT('',(6.193673426302,1.819837264171));
#528 = CARTESIAN_POINT('',(5.996691194602,2.389927864922));
#529 = CARTESIAN_POINT('',(5.747772173202,2.935647400103));
#530 = CARTESIAN_POINT('',(5.447072440283,3.44982481921));
#531 = CARTESIAN_POINT('',(5.179589963692,3.834325698926));
#532 = CARTESIAN_POINT('',(5.002447915375,4.036492019005));
#533 = CARTESIAN_POINT('',(4.830362904888,4.240504933476));
#534 = ( GEOMETRIC_REPRESENTATION_CONTEXT(2) 
PARAMETRIC_REPRESENTATION_CONTEXT() REPRESENTATION_CONTEXT('2D SPACE',''
  ) );
#535 = PCURVE('',#536,#1917);
#536 = B_SPLINE_SURFACE_WITH_KNOTS('',3,10,(
    (#537,#538,#539,#540,#541,#542,#543,#544,#545,#546,#547,#548,#549
      ,#550,#551,#552,#553,#554,#555,#556)
    ,(#557,#558,#559,#560,#561,#562,#563,#564,#565,#566,#567,#568,#569
      ,#570,#571,#572,#573,#574,#575,#576)
    ,(#577,#578,#579,#580,#581,#582,#583,#584,#585,#586,#587,#588,#589
      ,#590,#591,#592,#593,#594,#595,#596)
    ,(#597,#598,#599,#600,#601,#602,#603,#604,#605,#606,#607,#608,#609
      ,#610,#611,#612,#613,#614,#615,#616)
    ,(#617,#618,#619,#620,#621,#622,#623,#624,#625,#626,#627,#628,#629
      ,#630,#631,#632,#633,#634,#635,#636)
    ,(#637,#638,#639,#640,#641,#642,#643,#644,#645,#646,#647,#648,#649
      ,#650,#651,#652,#653,#654,#655,#656)
    ,(#657,#658,#659,#660,#661,#662,#663,#664,#665,#666,#667,#668,#669
      ,#670,#671,#672,#673,#674,#675,#676)
    ,(#677,#678,#679,#680,#681,#682,#683,#684,#685,#686,#687,#688,#689
      ,#690,#691,#692,#693,#694,#695,#696)
    ,(#697,#698,#699,#700,#701,#702,#703,#704,#705,#706,#707,#708,#709
      ,#710,#711,#712,#713,#714,#715,#716)
    ,(#717,#718,#719,#720,#721,#722,#723,#724,#725,#726,#727,#728,#729
      ,#730,#731,#732,#733,#734,#735,#736)
    ,(#737,#738,#739,#740,#741,#742,#743,#744,#745,#746,#747,#748,#749
      ,#750,#751,#752,#753,#754,#755,#756)
    ,(#757,#758,#759,#760,#761,#762,#763,#764,#765,#766,#767,#768,#769
      ,#770,#771,#772,#773,#774,#775,#776)
    ,(#777,#778,#779,#780,#781,#782,#783,#784,#785,#786,#787,#788,#789
      ,#790,#791,#792,#793,#794,#795,#796)
    ,(#797,#798,#799,#800,#801,#802,#803,#804,#805,#806,#807,#808,#809
      ,#810,#811,#812,#813,#814,#815,#816)
    ,(#817,#818,#819,#820,#821,#822,#823,#824,#825,#826,#827,#828,#829
      ,#830,#831,#832,#833,#834,#835,#836)
    ,(#837,#838,#839,#840,#841,#842,#843,#844,#845,#846,#847,#848,#849
      ,#850,#851,#852,#853,#854,#855,#856)
    ,(#857,#858,#859,#860,#861,#862,#863,#864,#865,#866,#867,#868,#869
      ,#870,#871,#872,#873,#874,#875,#876)
    ,(#877,#878,#879,#880,#881,#882,#883,#884,#885,#886,#887,#888,#889
      ,#890,#891,#892,#893,#894,#895,#896)
    ,(#897,#898,#899,#900,#901,#902,#903,#904,#905,#906,#907,#908,#909
      ,#910,#911,#912,#913,#914,#915,#916)
    ,(#917,#918,#919,#920,#921,#922,#923,#924,#925,#926,#927,#928,#929
      ,#930,#931,#932,#933,#934,#935,#936)
    ,(#937,#938,#939,#940,#941,#942,#943,#944,#945,#946,#947,#948,#949
      ,#950,#951,#952,#953,#954,#955,#956)
    ,(#957,#958,#959,#960,#961,#962,#963,#964,#965,#966,#967,#968,#969
      ,#970,#971,#972,#973,#974,#975,#976)
    ,(#977,#978,#979,#980,#981,#982,#983,#984,#985,#986,#987,#988,#989
      ,#990,#991,#992,#993,#994,#995,#996)
    ,(#997,#998,#999,#1000,#1001,#1002,#1003,#1004,#1005,#1006,#1007
      ,#1008,#1009,#1010,#1011,#1012,#1013,#1014,#1015,#1016)
    ,(#1017,#1018,#1019,#1020,#1021,#1022,#1023,#1024,#1025,#1026,#1027
      ,#1028,#1029,#1030,#1031,#1032,#1033,#1034,#1035,#1036)
    ,(#1037,#1038,#1039,#1040,#1041,#1042,#1043,#1044,#1045,#1046,#1047
      ,#1048,#1049,#1050,#1051,#1052,#1053,#1054,#1055,#1056)
    ,(#1057,#1058,#1059,#1060,#1061,#1062,#1063,#1064,#1065,#1066,#1067
      ,#1068,#1069,#1070,#1071,#1072,#1073,#1074,#1075,#1076)
    ,(#1077,#1078,#1079,#1080,#1081,#1082,#1083,#1084,#1085,#1086,#1087
      ,#1088,#1089,#1090,#1091,#1092,#1093,#1094,#1095,#1096)
    ,(#1097,#1098,#1099,#1100,#1101,#1102,#1103,#1104,#1105,#1106,#1107
      ,#1108,#1109,#1110,#1111,#1112,#1113,#1114,#1115,#1116)
    ,(#1117,#1118,#1119,#1120,#1121,#1122,#1123,#1124,#1125,#1126,#1127
      ,#1128,#1129,#1130,#1131,#1132,#1133,#1134,#1135,#1136)
    ,(#1137,#1138,#1139,#1140,#1141,#1142,#1143,#1144,#1145,#1146,#1147
      ,#1148,#1149,#1150,#1151,#1152,#1153,#1154,#1155,#1156)
    ,(#1157,#1158,#1159,#1160,#1161,#1162,#1163,#1164,#1165,#1166,#1167
      ,#1168,#1169,#1170,#1171,#1172,#1173,#1174,#1175,#1176)
    ,(#1177,#1178,#1179,#1180,#1181,#1182,#1183,#1184,#1185,#1186,#1187
      ,#1188,#1189,#1190,#1191,#1192,#1193,#1194,#1195,#1196)
    ,(#1197,#1198,#1199,#1200,#1201,#1202,#1203,#1204,#1205,#1206,#1207
      ,#1208,#1209,#1210,#1211,#1212,#1213,#1214,#1215,#1216)
    ,(#1217,#1218,#1219,#1220,#1221,#1222,#1223,#1224,#1225,#1226,#1227
      ,#1228,#1229,#1230,#1231,#1232,#1233,#1234,#1235,#1236)
    ,(#1237,#1238,#1239,#1240,#1241,#1242,#1243,#1244,#1245,#1246,#1247
      ,#1248,#1249,#1250,#1251,#1252,#1253,#1254,#1255,#1256)
    ,(#1257,#1258,#1259,#1260,#1261,#1262,#1263,#1264,#1265,#1266,#1267
      ,#1268,#1269,#1270,#1271,#1272,#1273,#1274,#1275,#1276)
    ,(#1277,#1278,#1279,#1280,#1281,#1282,#1283,#1284,#1285,#1286,#1287
      ,#1288,#1289,#1290,#1291,#1292,#1293,#1294,#1295,#1296)
    ,(#1297,#1298,#1299,#1300,#1301,#1302,#1303,#1304,#1305,#1306,#1307
      ,#1308,#1309,#1310,#1311,#1312,#1313,#1314,#1315,#1316)
    ,(#1317,#1318,#1319,#1320,#1321,#1322,#1323,#1324,#1325,#1326,#1327
      ,#1328,#1329,#1330,#1331,#1332,#1333,#1334,#1335,#1336)
    ,(#1337,#1338,#1339,#1340,#1341,#1342,#1343,#1344,#1345,#1346,#1347
      ,#1348,#1349,#1350,#1351,#1352,#1353,#1354,#1355,#1356)
    ,(#1357,#1358,#1359,#1360,#1361,#1362,#1363,#1364,#1365,#1366,#1367
      ,#1368,#1369,#1370,#1371,#1372,#1373,#1374,#1375,#1376)
    ,(#1377,#1378,#1379,#1380,#1381,#1382,#1383,#1384,#1385,#1386,#1387
      ,#1388,#1389,#1390,#1391,#1392,#1393,#1394,#1395,#1396)
    ,(#1397,#1398,#1399,#1400,#1401,#1402,#1403,#1404,#1405,#1406,#1407
      ,#1408,#1409,#1410,#1411,#1412,#1413,#1414,#1415,#1416)
    ,(#1417,#1418,#1419,#1420,#1421,#1422,#1423,#1424,#1425,#1426,#1427
      ,#1428,#1429,#1430,#1431,#1432,#1433,#1434,#1435,#1436)
    ,(#1437,#1438,#1439,#1440,#1441,#1442,#1443,#1444,#1445,#1446,#1447
      ,#1448,#1449,#1450,#1451,#1452,#1453,#1454,#1455,#1456)
    ,(#1457,#1458,#1459,#1460,#1461,#1462,#1463,#1464,#1465,#1466,#1467
      ,#1468,#1469,#1470,#1471,#1472,#1473,#1474,#1475,#1476)
    ,(#1477,#1478,#1479,#1480,#1481,#1482,#1483,#1484,#1485,#1486,#1487
      ,#1488,#1489,#1490,#1491,#1492,#1493,#1494,#1495,#1496)
    ,(#1497,#1498,#1499,#1500,#1501,#1502,#1503,#1504,#1505,#1506,#1507
      ,#1508,#1509,#1510,#1511,#1512,#1513,#1514,#1515,#1516)
    ,(#1517,#1518,#1519,#1520,#1521,#1522,#1523,#1524,#1525,#1526,#1527
      ,#1528,#1529,#1530,#1531,#1532,#1533,#1534,#1535,#1536)
    ,(#1537,#1538,#1539,#1540,#1541,#1542,#1543,#1544,#1545,#1546,#1547
      ,#1548,#1549,#1550,#1551,#1552,#1553,#1554,#1555,#1556)
    ,(#1557,#1558,#1559,#1560,#1561,#1562,#1563,#1564,#1565,#1566,#1567
      ,#1568,#1569,#1570,#1571,#1572,#1573,#1574,#1575,#1576)
    ,(#1577,#1578,#1579,#1580,#1581,#1582,#1583,#1584,#1585,#1586,#1587
      ,#1588,#1589,#1590,#1591,#1592,#1593,#1594,#1595,#1596)
    ,(#1597,#1598,#1599,#1600,#1601,#1602,#1603,#1604,#1605,#1606,#1607
      ,#1608,#1609,#1610,#1611,#1612,#1613,#1614,#1615,#1616)
    ,(#1617,#1618,#1619,#1620,#1621,#1622,#1623,#1624,#1625,#1626,#1627
      ,#1628,#1629,#1630,#1631,#1632,#1633,#1634,#1635,#1636)
    ,(#1637,#1638,#1639,#1640,#1641,#1642,#1643,#1644,#1645,#1646,#1647
      ,#1648,#1649,#1650,#1651,#1652,#1653,#1654,#1655,#1656)
    ,(#1657,#1658,#1659,#1660,#1661,#1662,#1663,#1664,#1665,#1666,#1667
      ,#1668,#1669,#1670,#1671,#1672,#1673,#1674,#1675,#1676)
    ,(#1677,#1678,#1679,#1680,#1681,#1682,#1683,#1684,#1685,#1686,#1687
      ,#1688,#1689,#1690,#1691,#1692,#1693,#1694,#1695,#1696)
    ,(#1697,#1698,#1699,#1700,#1701,#1702,#1703,#1704,#1705,#1706,#1707
      ,#1708,#1709,#1710,#1711,#1712,#1713,#1714,#1715,#1716)
    ,(#1717,#1718,#1719,#1720,#1721,#1722,#1723,#1724,#1725,#1726,#1727
      ,#1728,#1729,#1730,#1731,#1732,#1733,#1734,#1735,#1736)
    ,(#1737,#1738,#1739,#1740,#1741,#1742,#1743,#1744,#1745,#1746,#1747
      ,#1748,#1749,#1750,#1751,#1752,#1753,#1754,#1755,#1756)
    ,(#1757,#1758,#1759,#1760,#1761,#1762,#1763,#1764,#1765,#1766,#1767
      ,#1768,#1769,#1770,#1771,#1772,#1773,#1774,#1775,#1776)
    ,(#1777,#1778,#1779,#1780,#1781,#1782,#1783,#1784,#1785,#1786,#1787
      ,#1788,#1789,#1790,#1791,#1792,#1793,#1794,#1795,#1796)
    ,(#1797,#1798,#1799,#1800,#1801,#1802,#1803,#1804,#1805,#1806,#1807
      ,#1808,#1809,#1810,#1811,#1812,#1813,#1814,#1815,#1816)
    ,(#1817,#1818,#1819,#1820,#1821,#1822,#1823,#1824,#1825,#1826,#1827
      ,#1828,#1829,#1830,#1831,#1832,#1833,#1834,#1835,#1836)
    ,(#1837,#1838,#1839,#1840,#1841,#1842,#1843,#1844,#1845,#1846,#1847
      ,#1848,#1849,#1850,#1851,#1852,#1853,#1854,#1855,#1856)
    ,(#1857,#1858,#1859,#1860,#1861,#1862,#1863,#1864,#1865,#1866,#1867
      ,#1868,#1869,#1870,#1871,#1872,#1873,#1874,#1875,#1876)
    ,(#1877,#1878,#1879,#1880,#1881,#1882,#1883,#1884,#1885,#1886,#1887
      ,#1888,#1889,#1890,#1891,#1892,#1893,#1894,#1895,#1896)
    ,(#1897,#1898,#1899,#1900,#1901,#1902,#1903,#1904,#1905,#1906,#1907
      ,#1908,#1909,#1910,#1911,#1912,#1913,#1914,#1915,#1916
  )),.UNSPECIFIED.,.T.,.F.,.F.,(1,1,2,1,1,1,1,1,1,1,1,1,1,1,1,1,1,1,1,1,
    1,1,1,1,1,1,1,1,1,1,1,1,1,1,1,1,1,1,1,1,1,1,1,1,1,1,1,1,1,1,1,1,1,1,
    1,1,1,1,1,1,1,1,1,1,1,1,1,1,2,1,1),(11,9,11),(-0.806026575103,
    -0.214473175889,0.,0.586286434173,1.169790793149,1.751355281267,
    2.331488559819,2.910562708888,3.488880006941,4.066703671393,
    4.644275166407,5.221825806552,5.79958609389,6.377794883986,
    6.956710383849,7.536626039736,8.117897857159,8.701001356912,
    9.286688188225,9.875955541234,10.468810074336,11.065242783825,
    11.665253753848,12.268843067054,12.876010804635,13.486757046351,
    14.101081870572,14.718985354304,15.340467573224,15.965528601709,
    16.594168512865,17.226387378557,17.862185269437,18.501562254969,
    19.144518403459,19.791053782076,20.441168456882,21.094862492853,
    21.752135953902,22.41200520612,23.072621290473,23.733237374826,
    24.393853459179,25.054469543532,25.715085627885,26.375701712238,
    27.036317796592,27.696779606114,28.356330915924,29.012302760525,
    29.664695203167,30.313508308148,30.958742140836,31.600396767692,
    32.238472256296,32.872968675372,33.503886094813,34.131224585709,
    34.754984220372,35.375165072369,35.991767216544,36.604790729055,
    37.2142356874,37.82010217045,38.422390258483,39.021100033216,
    39.616231577839,40.207784977053,40.422258152942,41.008544587115,
    41.592048946091),(0.,2.633268558081,5.266537116163),.UNSPECIFIED.);
#537 = CARTESIAN_POINT('',(-0.515655114546,6.091319446609,3.319999998418
    ));
#538 = CARTESIAN_POINT('',(-2.117144790459,5.955746792831,3.378999994805
    ));
#539 = CARTESIAN_POINT('',(-3.67903009726,5.352337571286,3.438000007379)
  );
#540 = CARTESIAN_POINT('',(-5.047560943945,4.29410509416,3.496999982691)
  );
#541 = CARTESIAN_POINT('',(-6.07387205711,2.851822730017,3.556000010927)
  );
#542 = CARTESIAN_POINT('',(-6.639304502713,1.15182755984,3.614999997211)
  );
#543 = CARTESIAN_POINT('',(-6.679530754169,-0.639283624598,3.67399998661
    ));
#544 = CARTESIAN_POINT('',(-6.199003740646,-2.342981576223,
    3.733000011699));
#545 = CARTESIAN_POINT('',(-5.266893740733,-3.800343439453,
    3.791999989989));
#546 = CARTESIAN_POINT('',(-3.999528004915,-4.894588610034,
    3.851000000128));
#547 = CARTESIAN_POINT('',(-1.075049460716,-6.22876316615,3.968999996165
    ));
#548 = CARTESIAN_POINT('',(0.582063187413,-6.468692478822,4.028000004054
    ));
#549 = CARTESIAN_POINT('',(2.293668879901,-6.217418523277,4.086999987394
    ));
#550 = CARTESIAN_POINT('',(3.895323634679,-5.463631435708,4.146000007691
    ));
#551 = CARTESIAN_POINT('',(5.221665460347,-4.259258243374,4.204999996147
    ));
#552 = CARTESIAN_POINT('',(6.134944293913,-2.717953862137,4.263999991517
    ));
#553 = CARTESIAN_POINT('',(6.551504337694,-0.997497335941,4.323000006335
    ));
#554 = CARTESIAN_POINT('',(6.453707129656,0.729687758878,4.381999993116)
  );
#555 = CARTESIAN_POINT('',(5.885676698511,2.304784528616,4.440999999283)
  );
#556 = CARTESIAN_POINT('',(4.93836123089,3.603146007452,4.499999998005)
  );
#557 = CARTESIAN_POINT('',(-0.779360412046,6.05016077589,3.319999998433)
  );
#558 = CARTESIAN_POINT('',(-2.370028920752,5.845256458394,3.378999994843
    ));
#559 = CARTESIAN_POINT('',(-3.900839487917,5.175676719961,3.438000007344
    ));
#560 = CARTESIAN_POINT('',(-5.219080803923,4.061091025922,3.496999982773
    ));
#561 = CARTESIAN_POINT('',(-6.179426938872,2.578538826583,3.556000010941
    ));
#562 = CARTESIAN_POINT('',(-6.669085470069,0.859137155351,3.614999997115
    ));
#563 = CARTESIAN_POINT('',(-6.631181965688,-0.928227078568,
    3.673999986821));
#564 = CARTESIAN_POINT('',(-6.077930968247,-2.605766663597,
    3.733000011546));
#565 = CARTESIAN_POINT('',(-5.085211785961,-4.018059147401,
    3.791999990093));
#566 = CARTESIAN_POINT('',(-3.774080548558,-5.053748723691,
    3.851000000125));
#567 = CARTESIAN_POINT('',(-0.800474618849,-6.256460703393,
    3.968999996198));
#568 = CARTESIAN_POINT('',(0.861999910509,-6.423483041185,4.028000004028
    ));
#569 = CARTESIAN_POINT('',(2.557407360233,-6.098436876314,4.086999987477
    ));
#570 = CARTESIAN_POINT('',(4.121316040787,-5.277208911853,4.146000007667
    ));
#571 = CARTESIAN_POINT('',(5.391133157346,-4.018768579417,4.204999996136
    ));
#572 = CARTESIAN_POINT('',(6.234481437437,-2.442421137975,4.263999991621
    ));
#573 = CARTESIAN_POINT('',(6.574833488565,-0.709104601923,4.323000006268
    ));
#574 = CARTESIAN_POINT('',(6.402114370966,1.00851862059,4.381999993177)
  );
#575 = CARTESIAN_POINT('',(5.767229422681,2.554040903065,4.44099999929)
  );
#576 = CARTESIAN_POINT('',(4.766276220403,3.807158921923,4.499999998022)
  );
#577 = CARTESIAN_POINT('',(-1.162502359989,5.975059152864,3.319999998458
    ));
#578 = CARTESIAN_POINT('',(-2.733425643546,5.669421672468,3.378999994913
    ));
#579 = CARTESIAN_POINT('',(-4.215064223154,4.904876867966,3.438000007271
    ));
#580 = CARTESIAN_POINT('',(-5.456602274513,3.710765049358,3.496999982945
    ));
#581 = CARTESIAN_POINT('',(-6.318242474605,2.173084677087,3.556000010927
    ));
#582 = CARTESIAN_POINT('',(-6.696038582482,0.429607610442,3.614999996984
    ));
#583 = CARTESIAN_POINT('',(-6.544140512518,-1.347853824303,
    3.673999987167));
#584 = CARTESIAN_POINT('',(-5.886066376632,-2.983036748982,
    3.733000011289));
#585 = CARTESIAN_POINT('',(-4.807304181637,-4.326015487715,
    3.791999990274));
#586 = CARTESIAN_POINT('',(-3.435515247389,-5.273631844731,
    3.851000000121));
#587 = CARTESIAN_POINT('',(-0.397543662257,-6.281394501591,
    3.968999996258));
#588 = CARTESIAN_POINT('',(1.268638822143,-6.341540746548,4.028000003977
    ));
#589 = CARTESIAN_POINT('',(2.936189527493,-5.909574999478,4.086999987636
    ));
#590 = CARTESIAN_POINT('',(4.441102382809,-4.991902907833,4.146000007609
    ));
#591 = CARTESIAN_POINT('',(5.625231406407,-3.657631334327,4.204999996131
    ));
#592 = CARTESIAN_POINT('',(6.364373110368,-2.034020631375,4.263999991797
    ));
#593 = CARTESIAN_POINT('',(6.592599047016,-0.286222675525,4.323000006151
    ));
#594 = CARTESIAN_POINT('',(6.310903845962,1.413179446767,4.381999993287)
  );
#595 = CARTESIAN_POINT('',(5.579969006766,2.91168400268,4.440999999302)
  );
#596 = CARTESIAN_POINT('',(4.503173223492,4.095628710759,4.499999998053)
  );
#597 = CARTESIAN_POINT('',(-1.724945918356,5.816176979428,3.319999998511
    ));
#598 = CARTESIAN_POINT('',(-3.254096945063,5.362665535111,3.378999995066
    ));
#599 = CARTESIAN_POINT('',(-4.650765458829,4.462449532094,3.438000007093
    ));
#600 = CARTESIAN_POINT('',(-5.768145744364,3.159065875624,3.49699998336)
  );
#601 = CARTESIAN_POINT('',(-6.475783964676,1.551203496228,3.556000010804
    ));
#602 = CARTESIAN_POINT('',(-6.683745317098,-0.214518516311,
    3.614999996817));
#603 = CARTESIAN_POINT('',(-6.36298495791,-1.963270909892,3.673999987804
    ));
#604 = CARTESIAN_POINT('',(-5.553698887604,-3.522446763845,3.7330000108)
  );
#605 = CARTESIAN_POINT('',(-4.355038768852,-4.751495817115,
    3.791999990636));
#606 = CARTESIAN_POINT('',(-2.903518379786,-5.560297616815,
    3.851000000112));
#607 = CARTESIAN_POINT('',(0.206652183369,-6.269339952776,3.968999996381
    ));
#608 = CARTESIAN_POINT('',(1.865302187017,-6.1695804506,4.028000003865)
  );
#609 = CARTESIAN_POINT('',(3.478222525975,-5.581502537573,4.086999987988
    ));
#610 = CARTESIAN_POINT('',(4.883327960034,-4.52715344476,4.146000007452)
  );
#611 = CARTESIAN_POINT('',(5.930346074516,-3.090220874107,4.204999996159
    ));
#612 = CARTESIAN_POINT('',(6.508240589535,-1.408834520647,4.263999992139
    ));
#613 = CARTESIAN_POINT('',(6.567411126209,0.34686253226,4.323000005919)
  );
#614 = CARTESIAN_POINT('',(6.125357727309,2.005758683861,4.381999993514)
  );
#615 = CARTESIAN_POINT('',(5.256869861792,3.422374588585,4.440999999327)
  );
#616 = CARTESIAN_POINT('',(4.075377398155,4.49384602983,4.499999998117)
  );
#617 = CARTESIAN_POINT('',(-2.269422399805,5.609116393393,3.319999998579
    ));
#618 = CARTESIAN_POINT('',(-3.744134418058,5.012454770935,3.378999995268
    ));
#619 = CARTESIAN_POINT('',(-5.044546055144,3.984991640838,3.438000006845
    ));
#620 = CARTESIAN_POINT('',(-6.029077774058,2.584007017597,3.496999983942
    ));
#621 = CARTESIAN_POINT('',(-6.577664961899,0.919969960098,3.556000010574
    ));
#622 = CARTESIAN_POINT('',(-6.615059503523,-0.852945292426,
    3.614999996679));
#623 = CARTESIAN_POINT('',(-6.129165766406,-2.55838778952,3.673999988565
    ));
#624 = CARTESIAN_POINT('',(-5.176417405209,-4.028842752523,
    3.733000010201));
#625 = CARTESIAN_POINT('',(-3.868709614713,-5.134266178825,
    3.791999991091));
#626 = CARTESIAN_POINT('',(-2.350201892091,-5.798258052016,
    3.851000000103));
#627 = CARTESIAN_POINT('',(0.805456097806,-6.204392463791,3.968999996541
    ));
#628 = CARTESIAN_POINT('',(2.442606192153,-5.946534980618,4.028000003714
    ));
#629 = CARTESIAN_POINT('',(3.987599292291,-5.208255268258,4.086999988462
    ));
#630 = CARTESIAN_POINT('',(5.281628753021,-4.026961488191,4.14600000722)
  );
#631 = CARTESIAN_POINT('',(6.183517769572,-2.500127168164,4.204999996226
    ));
#632 = CARTESIAN_POINT('',(6.596255887053,-0.775518783798,4.263999992558
    ));
#633 = CARTESIAN_POINT('',(6.486891304751,0.973196925723,4.323000005628)
  );
#634 = CARTESIAN_POINT('',(5.889182028915,2.577816579122,4.381999993806)
  );
#635 = CARTESIAN_POINT('',(4.891308513568,3.901069903949,4.440999999359)
  );
#636 = CARTESIAN_POINT('',(3.615732850068,4.851694621493,4.4999999982));
#637 = CARTESIAN_POINT('',(-2.791859342194,5.354815885498,3.319999998661
    ));
#638 = CARTESIAN_POINT('',(-4.199712342202,4.620798575663,3.378999995519
    ));
#639 = CARTESIAN_POINT('',(-5.393139814206,3.475511015172,3.438000006527
    ));
#640 = CARTESIAN_POINT('',(-6.236980781978,1.989420049143,3.496999984688
    ));
#641 = CARTESIAN_POINT('',(-6.622543291011,0.283770626308,3.556000010236
    ));
#642 = CARTESIAN_POINT('',(-6.489844179135,-1.481068022562,
    3.614999996576));
#643 = CARTESIAN_POINT('',(-5.843762022554,-3.128745887327,
    3.673999989444));
#644 = CARTESIAN_POINT('',(-4.756407504993,-4.498256224283,
    3.733000009498));
#645 = CARTESIAN_POINT('',(-3.351398371106,-5.471129940659,
    3.791999991638));
#646 = CARTESIAN_POINT('',(-1.779265323416,-5.985280122382,
    3.851000000092));
#647 = CARTESIAN_POINT('',(1.394548654607,-6.086427300409,3.968999996737
    ));
#648 = CARTESIAN_POINT('',(2.996229411029,-5.673424291745,4.028000003525
    ));
#649 = CARTESIAN_POINT('',(4.460334100842,-4.79198717635,4.086999989053)
  );
#650 = CARTESIAN_POINT('',(5.632684177336,-3.494492009093,4.146000006913
    ));
#651 = CARTESIAN_POINT('',(6.382369342719,-1.891296245035,4.204999996333
    ));
#652 = CARTESIAN_POINT('',(6.627173335419,-0.138488353968,4.263999993053
    ));
#653 = CARTESIAN_POINT('',(6.350998567428,1.588250165262,4.32300000528)
  );
#654 = CARTESIAN_POINT('',(5.603495162186,3.125056134573,4.381999994161)
  );
#655 = CARTESIAN_POINT('',(4.485414363704,4.344009808849,4.440999999397)
  );
#656 = CARTESIAN_POINT('',(3.12715598035,5.166181106837,4.499999998301)
  );
#657 = CARTESIAN_POINT('',(-3.288157513228,5.054706283803,3.319999998757
    ));
#658 = CARTESIAN_POINT('',(-4.617107669113,4.190205520569,3.378999995817
    ));
#659 = CARTESIAN_POINT('',(-5.693514708203,2.937484076468,3.43800000614)
  );
#660 = CARTESIAN_POINT('',(-6.38979248378,1.379535880106,3.496999985595)
  );
#661 = CARTESIAN_POINT('',(-6.60953014904,-0.352712372653,3.55600000979)
  );
#662 = CARTESIAN_POINT('',(-6.308479888265,-2.094115926186,
    3.614999996509));
#663 = CARTESIAN_POINT('',(-5.508393514791,-3.669863170208,
    3.673999990433));
#664 = CARTESIAN_POINT('',(-4.296376089485,-4.926836686492,
    3.733000008696));
#665 = CARTESIAN_POINT('',(-2.806649818433,-5.759135284512,
    3.791999992273));
#666 = CARTESIAN_POINT('',(-1.194782310844,-6.119477164192,3.85100000008
    ));
#667 = CARTESIAN_POINT('',(1.969455055737,-5.915805297287,3.968999996967
    ));
#668 = CARTESIAN_POINT('',(3.521824741363,-5.351791562513,4.028000003299
    ));
#669 = CARTESIAN_POINT('',(4.892555079495,-4.335374494459,4.086999989759
    ));
#670 = CARTESIAN_POINT('',(5.933423854783,-2.933389882369,4.146000006535
    ));
#671 = CARTESIAN_POINT('',(6.524893238893,-1.268072628113,4.204999996477
    ));
#672 = CARTESIAN_POINT('',(6.600207011567,0.497556273092,4.263999993622)
  );
#673 = CARTESIAN_POINT('',(6.160204114235,2.18733913382,4.323000004876)
  );
#674 = CARTESIAN_POINT('',(5.269939211932,3.643166636154,4.381999994578)
  );
#675 = CARTESIAN_POINT('',(4.041812685571,4.747552606039,4.440999999442)
  );
#676 = CARTESIAN_POINT('',(2.612997874795,5.43454483407,4.49999999842));
#677 = CARTESIAN_POINT('',(-3.754342317739,4.710957475944,3.319999998867
    ));
#678 = CARTESIAN_POINT('',(-4.992916296218,3.723890467728,3.378999996159
    ));
#679 = CARTESIAN_POINT('',(-5.943142391202,2.375004005536,3.438000005687
    ));
#680 = CARTESIAN_POINT('',(-6.486110785932,0.759059031479,3.496999986655
    ));
#681 = CARTESIAN_POINT('',(-6.538507732383,-0.984509904623,
    3.556000009242));
#682 = CARTESIAN_POINT('',(-6.072170062516,-2.68724466047,3.614999996476
    ));
#683 = CARTESIAN_POINT('',(-5.125489711751,-4.177403299349,
    3.673999991528));
#684 = CARTESIAN_POINT('',(-3.799763789745,-5.311082647761,
    3.733000007797));
#685 = CARTESIAN_POINT('',(-2.238613829023,-5.995848032502,
    3.791999992992));
#686 = CARTESIAN_POINT('',(-0.601265657019,-6.199601032899,
    3.851000000068));
#687 = CARTESIAN_POINT('',(2.525632168324,-5.693659236925,3.968999997229
    ));
#688 = CARTESIAN_POINT('',(4.015181650369,-4.983964469005,4.028000003037
    ));
#689 = CARTESIAN_POINT('',(5.280733518334,-3.84182993271,4.086999990575)
  );
#690 = CARTESIAN_POINT('',(6.181308643239,-2.347928152538,4.146000006087
    ));
#691 = CARTESIAN_POINT('',(6.609763014491,-0.63526843257,4.204999996658)
  );
#692 = CARTESIAN_POINT('',(6.515348099531,1.127644576842,4.26399999426)
  );
#693 = CARTESIAN_POINT('',(5.915789742959,2.765725120765,4.323000004419)
  );
#694 = CARTESIAN_POINT('',(4.890937435863,4.127991825409,4.381999995053)
  );
#695 = CARTESIAN_POINT('',(3.563824583211,5.108397762163,4.440999999493)
  );
#696 = CARTESIAN_POINT('',(2.077176564107,5.654515372718,4.499999998556)
  );
#697 = CARTESIAN_POINT('',(-4.186640358365,4.326202813695,3.319999998989
    ));
#698 = CARTESIAN_POINT('',(-5.324057169696,3.225478845751,3.378999996544
    ));
#699 = CARTESIAN_POINT('',(-6.139923964199,1.792486056301,3.438000005173
    ));
#700 = CARTESIAN_POINT('',(-6.525042288961,0.132897086368,3.496999987862
    ));
#701 = CARTESIAN_POINT('',(-6.409909236721,-1.606589830824,
    3.556000008594));
#702 = CARTESIAN_POINT('',(-5.782668537962,-3.255694948537,
    3.614999996479));
#703 = CARTESIAN_POINT('',(-4.69798635162,-4.647256345254,3.67399999272)
  );
#704 = CARTESIAN_POINT('',(-3.270434893357,-5.64783977519,3.733000006811
    ));
#705 = CARTESIAN_POINT('',(-1.651752453602,-6.179270699326,
    3.791999993789));
#706 = CARTESIAN_POINT('',(-3.41219364278E-03,-6.224892520232,
    3.851000000054));
#707 = CARTESIAN_POINT('',(3.058617100452,-5.421638125388,3.968999997522
    ));
#708 = CARTESIAN_POINT('',(4.47230596688,-4.572761954452,4.028000002742)
  );
#709 = CARTESIAN_POINT('',(5.621684489876,-3.315192601864,4.086999991496
    ));
#710 = CARTESIAN_POINT('',(6.374248725978,-1.742704943703,4.146000005571
    ));
#711 = CARTESIAN_POINT('',(6.636173636027,2.108489920698E-03,
    4.204999996877));
#712 = CARTESIAN_POINT('',(6.373140031716,1.746755127162,4.26399999496)
  );
#713 = CARTESIAN_POINT('',(5.619576704938,3.318764250763,4.323000003914)
  );
#714 = CARTESIAN_POINT('',(4.469399287872,4.57560297197,4.381999995582)
  );
#715 = CARTESIAN_POINT('',(3.055171285548,5.423580638873,4.44099999955)
  );
#716 = CARTESIAN_POINT('',(1.523901732459,5.824234866931,4.499999998708)
  );
#717 = CARTESIAN_POINT('',(-4.58153752449,3.903496674869,3.319999999123)
  );
#718 = CARTESIAN_POINT('',(-5.607819215874,2.698948939317,3.378999996969
    ));
#719 = CARTESIAN_POINT('',(-6.28222128752,1.194597832388,3.4380000046));
#720 = CARTESIAN_POINT('',(-6.506214590545,-0.493916320737,
    3.496999989204));
#721 = CARTESIAN_POINT('',(-6.224710382525,-2.213935514407,
    3.556000007852));
#722 = CARTESIAN_POINT('',(-5.442250530637,-3.794866375978,
    3.614999996517));
#723 = CARTESIAN_POINT('',(-4.229278163665,-5.075602034514,
    3.673999993999));
#724 = CARTESIAN_POINT('',(-2.71261587566,-5.934348890299,3.733000005745
    ));
#725 = CARTESIAN_POINT('',(-1.050769500754,-6.307872203654,
    3.791999994658));
#726 = CARTESIAN_POINT('',(0.593970889665,-6.195091631144,3.85100000004)
  );
#727 = CARTESIAN_POINT('',(3.5640964005,-5.101879906681,3.968999997844)
  );
#728 = CARTESIAN_POINT('',(4.889481358285,-4.121448815499,4.028000002416
    ));
#729 = CARTESIAN_POINT('',(5.912615331718,-2.759666927732,4.086999992512
    ));
#730 = CARTESIAN_POINT('',(6.510634720209,-1.122570880849,4.146000004995
    ));
#731 = CARTESIAN_POINT('',(6.603852368065,0.638933099251,4.204999997127)
  );
#732 = CARTESIAN_POINT('',(6.174668294965,2.349893888206,4.263999995723)
  );
#733 = CARTESIAN_POINT('',(5.273895665885,3.84197945368,4.323000003362)
  );
#734 = CARTESIAN_POINT('',(4.008673611722,4.982359296982,4.381999996163)
  );
#735 = CARTESIAN_POINT('',(2.519914977919,5.69051757215,4.440999999611)
  );
#736 = CARTESIAN_POINT('',(0.957608288849,5.942285649814,4.499999998875)
  );
#737 = CARTESIAN_POINT('',(-4.935826630133,3.446244739789,3.319999999268
    ));
#738 = CARTESIAN_POINT('',(-5.841890647858,2.148549641011,3.378999997429
    ));
#739 = CARTESIAN_POINT('',(-6.368864297431,0.586169869353,3.438000003974
    ));
#740 = CARTESIAN_POINT('',(-6.429759713195,-1.116311533862,
    3.496999990673));
#741 = CARTESIAN_POINT('',(-5.984389266524,-2.801629363659,
    3.556000007022));
#742 = CARTESIAN_POINT('',(-5.05365159764,-4.300387665759,3.614999996591
    ));
#743 = CARTESIAN_POINT('',(-3.723141767454,-5.458961197281,
    3.673999995354));
#744 = CARTESIAN_POINT('',(-2.130808575991,-6.168274980413,
    3.733000004608));
#745 = CARTESIAN_POINT('',(-0.440520975328,-6.380593140098,
    3.791999995591));
#746 = CARTESIAN_POINT('',(1.186051586057,-6.110420078671,3.851000000026
    ));
#747 = CARTESIAN_POINT('',(4.037971927125,-4.736954149712,3.968999998191
    ));
#748 = CARTESIAN_POINT('',(5.263319550698,-3.633661358373,4.028000002062
    ));
#749 = CARTESIAN_POINT('',(6.15115534667,-2.179736060594,4.086999993615)
  );
#750 = CARTESIAN_POINT('',(6.589343648955,-0.49253659277,4.146000004362)
  );
#751 = CARTESIAN_POINT('',(6.513040032576,1.270054343069,4.20499999741)
  );
#752 = CARTESIAN_POINT('',(5.921518459798,2.932176861171,4.263999996537)
  );
#753 = CARTESIAN_POINT('',(4.881525260272,4.331128320753,4.32300000277)
  );
#754 = CARTESIAN_POINT('',(3.512473169338,5.344956481792,4.38199999679)
  );
#755 = CARTESIAN_POINT('',(1.962375666643,5.907032558265,4.440999999678)
  );
#756 = CARTESIAN_POINT('',(0.38287204426,6.007694759789,4.499999999055)
  );
#757 = CARTESIAN_POINT('',(-5.246651000766,2.958154591821,3.319999999422
    ));
#758 = CARTESIAN_POINT('',(-6.024389564571,1.57873959229,3.378999997921)
  );
#759 = CARTESIAN_POINT('',(-6.399165269755,-2.787288984768E-02,
    3.438000003299));
#760 = CARTESIAN_POINT('',(-6.296309931694,-1.729254171313,
    3.496999992255));
#761 = CARTESIAN_POINT('',(-5.690903312401,-3.364921372964,
    3.556000006111));
#762 = CARTESIAN_POINT('',(-4.620027138312,-4.768176955681,
    3.614999996699));
#763 = CARTESIAN_POINT('',(-3.183680928208,-5.794243012974,
    3.673999996776));
#764 = CARTESIAN_POINT('',(-1.529725767798,-6.347738009125,
    3.733000003408));
#765 = CARTESIAN_POINT('',(0.174053754047,-6.396858473678,3.791999996582
    ));
#766 = CARTESIAN_POINT('',(1.768040981339,-5.97157595745,3.851000000011)
  );
#767 = CARTESIAN_POINT('',(4.476417358081,-4.329824010461,3.968999998561
    ));
#768 = CARTESIAN_POINT('',(5.590806359339,-3.113354670655,4.028000001682
    ));
#769 = CARTESIAN_POINT('',(6.335387124002,-1.580097692066,4.086999994798
    ));
#770 = CARTESIAN_POINT('',(6.60975245973,0.142298325794,4.146000003676)
  );
#771 = CARTESIAN_POINT('',(6.364485267815,1.890367548548,4.204999997722)
  );
#772 = CARTESIAN_POINT('',(5.615751633758,3.488898103363,4.263999997398)
  );
#773 = CARTESIAN_POINT('',(4.445651045004,4.782261548548,4.323000002141)
  );
#774 = CARTESIAN_POINT('',(2.984820874789,5.660471481739,4.381999997457)
  );
#775 = CARTESIAN_POINT('',(1.387069381043,6.071385909184,4.440999999748)
  );
#776 = CARTESIAN_POINT('',(-0.195655137603,6.019945546256,4.499999999248
    ));
#777 = CARTESIAN_POINT('',(-5.511547705385,2.443183065037,3.319999999583
    ));
#778 = CARTESIAN_POINT('',(-6.153893339819,0.994123164861,3.378999998442
    ));
#779 = CARTESIAN_POINT('',(-6.372931045549,-0.642582435863,
    3.438000002582));
#780 = CARTESIAN_POINT('',(-6.106990843962,-2.327818653945,
    3.496999993937));
#781 = CARTESIAN_POINT('',(-5.346662934389,-3.899299111172,
    3.556000005125));
#782 = CARTESIAN_POINT('',(-4.144908327746,-5.194502606297,
    3.614999996841));
#783 = CARTESIAN_POINT('',(-2.615268246137,-6.078791827431,
    3.673999998252));
#784 = CARTESIAN_POINT('',(-0.914223441909,-6.471342392811,
    3.733000002156));
#785 = CARTESIAN_POINT('',(0.788003556651,-6.356588132521,3.791999997622
    ));
#786 = CARTESIAN_POINT('',(2.335263240697,-5.779725746334,3.850999999995
    ));
#787 = CARTESIAN_POINT('',(4.875935193709,-3.883804847165,3.968999998952
    ));
#788 = CARTESIAN_POINT('',(5.869347323729,-2.564746439121,4.028000001279
    ));
#789 = CARTESIAN_POINT('',(6.463876552904,-0.965596574646,4.086999996052
    ));
#790 = CARTESIAN_POINT('',(6.571749388045,0.776819225261,4.146000002942)
  );
#791 = CARTESIAN_POINT('',(6.15943593798,2.494889025745,4.204999998063)
  );
#792 = CARTESIAN_POINT('',(5.259876596664,4.015599122274,4.263999998295)
  );
#793 = CARTESIAN_POINT('',(3.969820934435,5.191781831921,4.323000001483)
  );
#794 = CARTESIAN_POINT('',(2.429992584253,5.926406865974,4.381999998159)
  );
#795 = CARTESIAN_POINT('',(0.798643255799,6.182301598507,4.440999999822)
  );
#796 = CARTESIAN_POINT('',(-0.77331278553,5.978987283274,4.49999999945)
  );
#797 = CARTESIAN_POINT('',(-5.728496058646,1.905481531316,3.319999999752
    ));
#798 = CARTESIAN_POINT('',(-6.229472739671,0.39938299591,3.378999998986)
  );
#799 = CARTESIAN_POINT('',(-6.290479038575,-1.253063707427,
    3.438000001827));
#800 = CARTESIAN_POINT('',(-5.863416924451,-2.907267342927,
    3.496999995707));
#801 = CARTESIAN_POINT('',(-4.954506133364,-4.400563850767,
    3.556000004074));
#802 = CARTESIAN_POINT('',(-3.632157325333,-5.576050203998,
    3.614999997015));
#803 = CARTESIAN_POINT('',(-2.022484520692,-6.310439729643,
    3.673999999769));
#804 = CARTESIAN_POINT('',(-0.289229379221,-6.53821136189,3.733000000862
    ));
#805 = CARTESIAN_POINT('',(1.3964419,-6.260211274619,3.791999998702));
#806 = CARTESIAN_POINT('',(2.883230991654,-5.53649857238,3.85099999998)
  );
#807 = CARTESIAN_POINT('',(5.233419571072,-3.402522150432,3.968999999358
    ));
#808 = CARTESIAN_POINT('',(6.096818930389,-1.992258548755,4.028000000858
    ));
#809 = CARTESIAN_POINT('',(6.535707750013,-0.341153369581,4.086999997364
    ));
#810 = CARTESIAN_POINT('',(6.475749144598,1.405975207019,4.146000002169)
  );
#811 = CARTESIAN_POINT('',(5.899632948612,3.0788364258,4.204999998427));
#812 = CARTESIAN_POINT('',(4.856822733529,4.508144429392,4.263999999227)
  );
#813 = CARTESIAN_POINT('',(3.457899796537,5.556508833624,4.323000000798)
  );
#814 = CARTESIAN_POINT('',(1.852457540102,6.140740692624,4.381999998892)
  );
#815 = CARTESIAN_POINT('',(0.201807019068,6.238999224152,4.440999999899)
  );
#816 = CARTESIAN_POINT('',(-1.345503763195,5.885248217631,4.499999999662
    ));
#817 = CARTESIAN_POINT('',(-5.895981367407,1.349323876634,3.319999999926
    ));
#818 = CARTESIAN_POINT('',(-6.250736732995,-0.200808795418,3.37899999955
    ));
#819 = CARTESIAN_POINT('',(-6.152658213865,-1.854574603,3.438000001041)
  );
#820 = CARTESIAN_POINT('',(-5.567685592676,-3.463154638772,
    3.496999997549));
#821 = CARTESIAN_POINT('',(-4.517664999708,-4.864930687398,
    3.556000002964));
#822 = CARTESIAN_POINT('',(-3.085908283276,-5.910010655357,
    3.614999997221));
#823 = CARTESIAN_POINT('',(-1.410038931291,-6.487575652146,
    3.674000001318));
#824 = CARTESIAN_POINT('',(0.340350845693,-6.548032088081,3.732999999536
    ));
#825 = CARTESIAN_POINT('',(1.994647314641,-6.108684976166,3.791999999815
    ));
#826 = CARTESIAN_POINT('',(3.407744482403,-5.243978587075,3.850999999964
    ));
#827 = CARTESIAN_POINT('',(5.546238850662,-2.889856136254,3.968999999779
    ));
#828 = CARTESIAN_POINT('',(6.271635934379,-1.400440204665,4.02800000042)
  );
#829 = CARTESIAN_POINT('',(6.550528931863,0.288328988108,4.086999998725)
  );
#830 = CARTESIAN_POINT('',(6.322712811853,2.024882806144,4.14600000136)
  );
#831 = CARTESIAN_POINT('',(5.587302027601,3.637734443622,4.204999998813)
  );
#832 = CARTESIAN_POINT('',(4.409904350116,4.962820901172,4.264000000183)
  );
#833 = CARTESIAN_POINT('',(2.914009657981,5.873764603032,4.323000000093)
  );
#834 = CARTESIAN_POINT('',(1.256799974925,6.301992056489,4.381999999649)
  );
#835 = CARTESIAN_POINT('',(-0.398757166246,6.241235983369,4.440999999979
    ));
#836 = CARTESIAN_POINT('',(-1.907788921016,5.739652658611,4.49999999988)
  );
#837 = CARTESIAN_POINT('',(-6.013101284669,0.779030000233,3.320000000104
    ));
#838 = CARTESIAN_POINT('',(-6.21791873231,-0.801895070739,3.379000000129
    ));
#839 = CARTESIAN_POINT('',(-5.960907047084,-2.442652529815,
    3.438000000231));
#840 = CARTESIAN_POINT('',(-5.222400653614,-3.991467056654,3.49699999945
    ));
#841 = CARTESIAN_POINT('',(-4.039751336691,-5.289171622262,
    3.556000001808));
#842 = CARTESIAN_POINT('',(-2.510515483938,-6.19421496504,3.614999997455
    ));
#843 = CARTESIAN_POINT('',(-0.782683791238,-6.609261182767,
    3.674000002886));
#844 = CARTESIAN_POINT('',(0.969745157069,-6.501143914389,3.732999998187
    ));
#845 = CARTESIAN_POINT('',(2.578191234246,-5.903549284797,3.792000000952
    ));
#846 = CARTESIAN_POINT('',(3.905025602808,-4.904724672094,3.850999999948
    ));
#847 = CARTESIAN_POINT('',(5.812361999204,-2.349892988117,3.96900000021)
  );
#848 = CARTESIAN_POINT('',(6.392863922993,-0.793886058019,4.027999999971
    ));
#849 = CARTESIAN_POINT('',(6.508641526084,0.918075877794,4.087000000125)
  );
#850 = CARTESIAN_POINT('',(6.114205470567,2.628957742818,4.146000000524)
  );
#851 = CARTESIAN_POINT('',(5.225174609187,4.167557711828,4.204999999216)
  );
#852 = CARTESIAN_POINT('',(3.92280316239,5.376480511763,4.264000001156)
  );
#853 = CARTESIAN_POINT('',(2.342475969125,6.141505041333,4.322999999374)
  );
#854 = CARTESIAN_POINT('',(0.647634687326,6.409331752961,4.382000000423)
  );
#855 = CARTESIAN_POINT('',(-0.998501845227,6.189389560479,4.44100000006)
  );
#856 = CARTESIAN_POINT('',(-2.45600769498,5.543672158681,4.500000000104)
  );
#857 = CARTESIAN_POINT('',(-6.079778635042,0.198737594947,3.320000000285
    ));
#858 = CARTESIAN_POINT('',(-6.132029417233,-1.399717846774,
    3.379000000719));
#859 = CARTESIAN_POINT('',(-5.71733000016,-3.013437004743,3.437999999401
    ));
#860 = CARTESIAN_POINT('',(-4.830661840072,-4.488961353694,
    3.497000001396));
#861 = CARTESIAN_POINT('',(-3.524656462797,-5.670943107572,
    3.556000000609));
#862 = CARTESIAN_POINT('',(-1.910369441456,-6.427424929949,
    3.614999997718));
#863 = CARTESIAN_POINT('',(-0.144961496055,-6.67546141189,3.674000004459
    ));
#864 = CARTESIAN_POINT('',(1.594616032614,-6.398692645439,3.732999996826
    ));
#865 = CARTESIAN_POINT('',(3.143262259359,-5.646996305478,3.792000002103
    ));
#866 = CARTESIAN_POINT('',(4.372040130133,-4.521754076291,3.850999999932
    ));
#867 = CARTESIAN_POINT('',(6.030631118392,-1.786752119785,3.969000000648
    ));
#868 = CARTESIAN_POINT('',(6.460444145536,-0.176992543547,4.027999999512
    ));
#869 = CARTESIAN_POINT('',(6.411156848146,1.543740812873,4.087000001553)
  );
#870 = CARTESIAN_POINT('',(5.852469475851,3.214249520957,4.145999999665)
  );
#871 = CARTESIAN_POINT('',(4.816470092378,4.665074322103,4.204999999636)
  );
#872 = CARTESIAN_POINT('',(3.399460940761,5.746865602687,4.264000002139)
  );
#873 = CARTESIAN_POINT('',(1.747640874147,6.358601985507,4.322999998644)
  );
#874 = CARTESIAN_POINT('',(2.935830681563E-02,6.462801482685,
    4.38200000121));
#875 = CARTESIAN_POINT('',(-1.593303144696,6.084601869775,4.441000000142
    ));
#876 = CARTESIAN_POINT('',(-2.986583651979,5.29938892442,4.500000000332)
  );
#877 = CARTESIAN_POINT('',(-6.097351973193,-0.387572577768,
    3.320000000468));
#878 = CARTESIAN_POINT('',(-5.995453938072,-1.990648286061,
    3.379000001316));
#879 = CARTESIAN_POINT('',(-5.425256012876,-3.56395685197,3.437999998558
    ));
#880 = CARTESIAN_POINT('',(-4.396538596968,-4.953595968619,
    3.497000003373));
#881 = CARTESIAN_POINT('',(-2.976899254996,-6.009333616973,
    3.555999999379));
#882 = CARTESIAN_POINT('',(-1.290088831838,-6.60995579826,3.614999998005
    ));
#883 = CARTESIAN_POINT('',(0.49877484238,-6.68769342434,3.674000006031)
  );
#884 = CARTESIAN_POINT('',(2.211209170284,-6.243253853112,3.732999995462
    ));
#885 = CARTESIAN_POINT('',(3.686966038796,-5.342421985358,3.792000003263
    ));
#886 = CARTESIAN_POINT('',(4.806918110879,-4.098986069651,3.850999999917
    ));
#887 = CARTESIAN_POINT('',(6.20134566998,-1.20476570461,3.96900000109));
#888 = CARTESIAN_POINT('',(6.475821081209,0.44601858489,4.027999999047)
  );
#889 = CARTESIAN_POINT('',(6.260620568202,2.161549151928,4.087000002999)
  );
#890 = CARTESIAN_POINT('',(5.54099627685,3.777748005637,4.14599999879));
#891 = CARTESIAN_POINT('',(4.36536841903,5.128294391158,4.205000000068)
  );
#892 = CARTESIAN_POINT('',(2.844415462978,6.073163953209,4.264000003125)
  );
#893 = CARTESIAN_POINT('',(1.134039261777,6.525459339702,4.322999997911)
  );
#894 = CARTESIAN_POINT('',(-0.59384151348,6.463941793326,4.382000002005)
  );
#895 = CARTESIAN_POINT('',(-2.179609620544,5.929371840636,4.441000000225
    ));
#896 = CARTESIAN_POINT('',(-3.496809488224,5.010013671727,4.500000000562
    ));
#897 = CARTESIAN_POINT('',(-6.070810477733,-0.97700554121,3.320000000651
    ));
#898 = CARTESIAN_POINT('',(-5.813942601685,-2.573103133949,
    3.379000001917));
#899 = CARTESIAN_POINT('',(-5.090813332342,-4.094162884077,
    3.437999997707));
#900 = CARTESIAN_POINT('',(-3.926080850244,-5.386952196536,3.49700000537
    ));
#901 = CARTESIAN_POINT('',(-2.401969289773,-6.30749795857,3.555999998127
    ));
#902 = CARTESIAN_POINT('',(-0.654154387099,-6.746318850319,
    3.614999998313));
#903 = CARTESIAN_POINT('',(1.145407787536,-6.651468105131,3.674000007594
    ));
#904 = CARTESIAN_POINT('',(2.817984417504,-6.040888067762,3.7329999941)
  );
#905 = CARTESIAN_POINT('',(4.209393397022,-4.995954095886,3.792000004425
    ));
#906 = CARTESIAN_POINT('',(5.211281833433,-3.642160068924,3.850999999902
    ));
#907 = CARTESIAN_POINT('',(6.328740982977,-0.608133113078,3.969000001534
    ));
#908 = CARTESIAN_POINT('',(6.444311635575,1.072099648293,4.027999998578)
  );
#909 = CARTESIAN_POINT('',(6.063080791959,2.769912652085,4.087000004456)
  );
#910 = CARTESIAN_POINT('',(5.18611713828,4.319511087533,4.145999997904)
  );
#911 = CARTESIAN_POINT('',(3.877986711014,5.558952689786,4.205000000509)
  );
#912 = CARTESIAN_POINT('',(2.263085809453,6.358649984147,4.264000004111)
  );
#913 = CARTESIAN_POINT('',(0.505985046423,6.646603939518,4.322999997176)
  );
#914 = CARTESIAN_POINT('',(-1.219039353986,6.418137826701,4.382000002802
    ));
#915 = CARTESIAN_POINT('',(-2.756021006523,5.729497056926,4.441000000309
    ));
#916 = CARTESIAN_POINT('',(-3.986801183209,4.681313491901,4.500000000793
    ));
#917 = CARTESIAN_POINT('',(-5.984650059211,-1.564586974569,
    3.320000000834));
#918 = CARTESIAN_POINT('',(-5.573299134357,-3.138031836326,
    3.379000002517));
#919 = CARTESIAN_POINT('',(-4.702304273732,-4.591310360694,
    3.437999996853));
#920 = CARTESIAN_POINT('',(-3.411154726893,-5.773364495631,
    3.497000007373));
#921 = CARTESIAN_POINT('',(-1.796089160497,-6.547967355905,
    3.555999996856));
#922 = CARTESIAN_POINT('',(-3.539050163122E-03,-6.81859224921,
    3.614999998646));
#923 = CARTESIAN_POINT('',(1.789291012172,-6.549828274646,3.67400000913)
  );
#924 = CARTESIAN_POINT('',(3.405159797086,-5.776902365489,3.732999992755
    ));
#925 = CARTESIAN_POINT('',(4.697535687605,-4.596189157095,3.792000005578
    ));
#926 = CARTESIAN_POINT('',(5.570038669121,-3.143815559597,3.850999999887
    ));
#927 = CARTESIAN_POINT('',(6.396006732676,2.218454497507E-03,
    3.969000001977));
#928 = CARTESIAN_POINT('',(6.349471770233,1.69587869743,4.027999998109)
  );
#929 = CARTESIAN_POINT('',(5.803767360634,3.359166350866,4.087000005914)
  );
#930 = CARTESIAN_POINT('',(4.775974579305,4.826166141605,4.145999997011)
  );
#931 = CARTESIAN_POINT('',(3.346385470272,5.940952534275,4.20500000096)
  );
#932 = CARTESIAN_POINT('',(1.652078523676,6.585776290987,4.264000005085)
  );
#933 = CARTESIAN_POINT('',(-0.135200624013,6.70443397657,4.322999996447)
  );
#934 = CARTESIAN_POINT('',(-1.840489005417,6.309072557457,4.382000003596
    ));
#935 = CARTESIAN_POINT('',(-3.313041495854,5.471075131414,4.441000000391
    ));
#936 = CARTESIAN_POINT('',(-4.444258070621,4.302620008054,4.500000001023
    ));
#937 = CARTESIAN_POINT('',(-5.842074343926,-2.144642722466,
    3.320000001013));
#938 = CARTESIAN_POINT('',(-5.278218974028,-3.680602514183,
    3.379000003111));
#939 = CARTESIAN_POINT('',(-4.265670035821,-5.051845475921,
    3.437999996004));
#940 = CARTESIAN_POINT('',(-2.858557914203,-6.110912069783,
    3.497000009364));
#941 = CARTESIAN_POINT('',(-1.166410922383,-6.730674292754,
    3.555999995579));
#942 = CARTESIAN_POINT('',(0.654811787436,-6.828606924244,3.614999999001
    ));
#943 = CARTESIAN_POINT('',(2.424235207838,-6.386358470954,3.674000010624
    ));
#944 = CARTESIAN_POINT('',(3.967767939436,-5.456319021626,3.73299999144)
  );
#945 = CARTESIAN_POINT('',(5.147975758061,-4.149148003493,3.792000006712
    ));
#946 = CARTESIAN_POINT('',(5.88148539057,-2.610471223187,3.850999999873)
  );
#947 = CARTESIAN_POINT('',(6.404866016053,0.619775540583,3.969000002413)
  );
#948 = CARTESIAN_POINT('',(6.194736981209,2.311345345764,4.027999997646)
  );
#949 = CARTESIAN_POINT('',(5.48766293523,3.924303143367,4.087000007355)
  );
#950 = CARTESIAN_POINT('',(4.316768809995,5.294147519607,4.145999996124)
  );
#951 = CARTESIAN_POINT('',(2.777515639123,6.272484182525,4.205000001412)
  );
#952 = CARTESIAN_POINT('',(1.01854542174,6.754632198516,4.26400000604));
#953 = CARTESIAN_POINT('',(-0.782725950963,6.700890966346,4.322999995731
    ));
#954 = CARTESIAN_POINT('',(-2.452260133294,6.140317891568,4.382000004378
    ));
#955 = CARTESIAN_POINT('',(-3.845990406355,5.15895223852,4.441000000473)
  );
#956 = CARTESIAN_POINT('',(-4.865993841349,3.879617118057,4.50000000125)
  );
#957 = CARTESIAN_POINT('',(-5.642908724106,-2.711636531148,
    3.320000001189));
#958 = CARTESIAN_POINT('',(-4.929983068379,-4.195233007041,
    3.379000003691));
#959 = CARTESIAN_POINT('',(-3.783660532203,-5.470565367966,3.43799999517
    ));
#960 = CARTESIAN_POINT('',(-2.272382962623,-6.395200970586,
    3.497000011321));
#961 = CARTESIAN_POINT('',(-0.518102034126,-6.852415261864,
    3.555999994309));
#962 = CARTESIAN_POINT('',(1.31504352726,-6.774630075561,3.614999999373)
  );
#963 = CARTESIAN_POINT('',(3.044161767907,-6.16093367579,3.674000012063)
  );
#964 = CARTESIAN_POINT('',(4.499984073088,-5.080596730496,3.732999990167
    ));
#965 = CARTESIAN_POINT('',(5.555574925867,-3.657698689739,3.792000007815
    ));
#966 = CARTESIAN_POINT('',(6.141509208363,-2.046112822581,3.85099999986)
  );
#967 = CARTESIAN_POINT('',(6.353698180286,1.239044983339,3.969000002839)
  );
#968 = CARTESIAN_POINT('',(5.979952859028,2.912616740812,4.027999997191)
  );
#969 = CARTESIAN_POINT('',(5.116179897804,4.459486855442,4.087000008769)
  );
#970 = CARTESIAN_POINT('',(3.811432738483,5.718129516138,4.145999995247)
  );
#971 = CARTESIAN_POINT('',(2.17563011584,6.549166792783,4.205000001863)
  );
#972 = CARTESIAN_POINT('',(0.367722963976,6.862128277768,4.264000006966)
  );
#973 = CARTESIAN_POINT('',(-1.43079917402,6.63439021231,4.322999995034)
  );
#974 = CARTESIAN_POINT('',(-3.048467892967,5.911853852891,4.382000005142
    ));
#975 = CARTESIAN_POINT('',(-4.349328965893,4.794585548732,4.441000000552
    ));
#976 = CARTESIAN_POINT('',(-5.24718616889,3.415029846788,4.500000001472)
  );
#977 = CARTESIAN_POINT('',(-5.388582660944,-3.260057202214,
    3.320000001358));
#978 = CARTESIAN_POINT('',(-4.531469846664,-4.676787941039,
    3.379000004254));
#979 = CARTESIAN_POINT('',(-3.260493372042,-5.843133768555,
    3.437999994356));
#980 = CARTESIAN_POINT('',(-1.657937765376,-6.623081237656,
    3.497000013229));
#981 = CARTESIAN_POINT('',(0.142813780295,-6.911525474402,3.555999993056
    ));
#982 = CARTESIAN_POINT('',(1.970880173394,-6.656646341721,3.614999999762
    ));
#983 = CARTESIAN_POINT('',(3.64303889098,-5.875189170265,3.674000013429)
  );
#984 = CARTESIAN_POINT('',(4.996484948505,-4.65285943116,3.73299998895)
  );
#985 = CARTESIAN_POINT('',(5.916094405181,-3.126156785806,3.792000008876
    ));
#986 = CARTESIAN_POINT('',(6.347206588682,-1.455861579413,3.850999999848
    ));
#987 = CARTESIAN_POINT('',(6.242493913432,1.854139734869,3.969000003251)
  );
#988 = CARTESIAN_POINT('',(5.706669061441,3.49384566012,4.027999996749)
  );
#989 = CARTESIAN_POINT('',(4.692399806215,4.959369591989,4.087000010141)
  );
#990 = CARTESIAN_POINT('',(3.26440001027,6.093707638034,4.145999994389)
  );
#991 = CARTESIAN_POINT('',(1.546191160826,6.767909722415,4.205000002311)
  );
#992 = CARTESIAN_POINT('',(-0.294330069713,6.906732223771,4.264000007852
    ));
#993 = CARTESIAN_POINT('',(-2.073249125104,6.50504425512,4.322999994364)
  );
#994 = CARTESIAN_POINT('',(-3.623301989716,5.625363273823,4.382000005878
    ));
#995 = CARTESIAN_POINT('',(-4.818015579459,4.381014756017,4.441000000628
    ));
#996 = CARTESIAN_POINT('',(-5.583866925368,2.912941162317,4.500000001686
    ));
#997 = CARTESIAN_POINT('',(-5.080777232979,-3.784515163169,
    3.320000001519));
#998 = CARTESIAN_POINT('',(-4.085777378403,-5.120319721806,
    3.379000004794));
#999 = CARTESIAN_POINT('',(-2.70055450251,-6.165459001144,3.437999993573
    ));
#1000 = CARTESIAN_POINT('',(-1.020630996114,-6.791688622173,
    3.497000015067));
#1001 = CARTESIAN_POINT('',(0.810290373531,-6.906646082545,
    3.555999991835));
#1002 = CARTESIAN_POINT('',(2.616105129086,-6.474942641557,
    3.615000000161));
#1003 = CARTESIAN_POINT('',(4.214971298548,-5.531034942982,
    3.674000014712));
#1004 = CARTESIAN_POINT('',(5.452148715024,-4.17645739492,3.732999987799
    ));
#1005 = CARTESIAN_POINT('',(6.225543783717,-2.559000568073,
    3.792000009886));
#1006 = CARTESIAN_POINT('',(6.495948361362,-0.84492942126,3.850999999836
    ));
#1007 = CARTESIAN_POINT('',(6.071527401492,2.459228710637,3.969000003644
    ));
#1008 = CARTESIAN_POINT('',(5.376701888339,4.04931551342,4.027999996325)
  );
#1009 = CARTESIAN_POINT('',(4.219632143135,5.418803052663,4.087000011458
    ));
#1010 = CARTESIAN_POINT('',(2.680273823151,6.416733037835,4.145999993561
    ));
#1011 = CARTESIAN_POINT('',(0.8947574801,6.925914903335,4.205000002748)
  );
#1012 = CARTESIAN_POINT('',(-0.961539189882,6.887218090687,
    4.264000008693));
#1013 = CARTESIAN_POINT('',(-2.703969188143,6.313261643589,
    4.322999993727));
#1014 = CARTESIAN_POINT('',(-4.171088818328,5.282792575034,
    4.382000006582));
#1015 = CARTESIAN_POINT('',(-5.247203296364,3.921493134704,
    4.441000000701));
#1016 = CARTESIAN_POINT('',(-5.872302565225,2.377585938233,
    4.500000001891));
#1017 = CARTESIAN_POINT('',(-4.7217790047,-4.279782765007,3.320000001671
    ));
#1018 = CARTESIAN_POINT('',(-3.596566647205,-5.521201868842,
    3.379000005304));
#1019 = CARTESIAN_POINT('',(-2.108703709383,-6.433917257099,
    3.437999992827));
#1020 = CARTESIAN_POINT('',(-0.366213674832,-6.898745777887,
    3.497000016818));
#1021 = CARTESIAN_POINT('',(1.478103332541,-6.83708270824,3.555999990654
    ));
#1022 = CARTESIAN_POINT('',(3.244505309473,-6.230496766298,
    3.615000000569));
#1023 = CARTESIAN_POINT('',(4.754248723769,-5.131043605682,
    3.674000015897));
#1024 = CARTESIAN_POINT('',(5.86220181725,-3.65532428493,3.732999986728)
  );
#1025 = CARTESIAN_POINT('',(6.480411219781,-1.961171339477,
    3.792000010834));
#1026 = CARTESIAN_POINT('',(6.585671505768,-0.218843650233,
    3.850999999826));
#1027 = CARTESIAN_POINT('',(5.841720882572,3.048484681485,3.969000004015
    ));
#1028 = CARTESIAN_POINT('',(4.992510015339,4.573485143704,4.027999995924
    ));
#1029 = CARTESIAN_POINT('',(3.7017725312,5.83298258751,4.087000012705));
#1030 = CARTESIAN_POINT('',(2.064138544604,6.683548573762,4.145999992769
    ));
#1031 = CARTESIAN_POINT('',(0.22722346837,7.020988113551,4.205000003171)
  );
#1032 = CARTESIAN_POINT('',(-1.627666254237,6.803028151569,
    4.264000009478));
#1033 = CARTESIAN_POINT('',(-3.316870251478,6.060130153474,
    4.322999993128));
#1034 = CARTESIAN_POINT('',(-4.686344836052,4.886726377526,
    4.382000007246));
#1035 = CARTESIAN_POINT('',(-5.632383954022,3.419826416374,
    4.441000000769));
#1036 = CARTESIAN_POINT('',(-6.109212284373,1.813632473565,
    4.500000002084));
#1037 = CARTESIAN_POINT('',(-4.31436584294,-4.740849479794,
    3.320000001813));
#1038 = CARTESIAN_POINT('',(-3.067932854977,-5.875154192705,
    3.37900000578));
#1039 = CARTESIAN_POINT('',(-1.490140178798,-6.645343513092,
    3.437999992126));
#1040 = CARTESIAN_POINT('',(0.299350849806,-6.942517561415,
    3.497000018463));
#1041 = CARTESIAN_POINT('',(2.139965102097,-6.702727174642,
    3.555999989529));
#1042 = CARTESIAN_POINT('',(3.84996189791,-5.924871044203,3.615000000979
    ));
#1043 = CARTESIAN_POINT('',(5.255405121275,-4.678324402811,
    3.674000016973));
#1044 = CARTESIAN_POINT('',(6.222242712891,-3.093841730484,
    3.732999985745));
#1045 = CARTESIAN_POINT('',(6.677651290812,-1.337939233848,3.79200001171
    ));
#1046 = CARTESIAN_POINT('',(6.614834067193,0.416676199068,3.850999999817
    ));
#1047 = CARTESIAN_POINT('',(5.554544828032,3.616169318884,3.969000004359
    ));
#1048 = CARTESIAN_POINT('',(4.557072871852,5.06104682928,4.027999995547)
  );
#1049 = CARTESIAN_POINT('',(3.143167499961,6.197471989746,4.087000013872
    ));
#1050 = CARTESIAN_POINT('',(1.421421000096,6.890977042897,4.145999992021
    ));
#1051 = CARTESIAN_POINT('',(-0.450312027383,7.051490801215,
    4.205000003578));
#1052 = CARTESIAN_POINT('',(-2.286422847247,6.654192124261,
    4.264000010198));
#1053 = CARTESIAN_POINT('',(-3.905967781059,5.74731038768,4.322999992576
    ));
#1054 = CARTESIAN_POINT('',(-5.163831771094,4.440264587389,
    4.382000007861));
#1055 = CARTESIAN_POINT('',(-5.969409264869,2.880243360965,
    4.441000000833));
#1056 = CARTESIAN_POINT('',(-6.29175591526,1.226056246439,4.500000002263
    ));
#1057 = CARTESIAN_POINT('',(-3.861812772335,-5.162971291492,
    3.320000001941));
#1058 = CARTESIAN_POINT('',(-2.504398291873,-6.17829372531,
    3.379000006217));
#1059 = CARTESIAN_POINT('',(-0.850381931969,-6.797080207474,
    3.437999991476));
#1060 = CARTESIAN_POINT('',(0.969920104046,-6.921853513474,
    3.497000019986));
#1061 = CARTESIAN_POINT('',(2.789568727478,-6.5040901715,3.555999988468)
  );
#1062 = CARTESIAN_POINT('',(4.426501376242,-5.560232382182,
    3.615000001391));
#1063 = CARTESIAN_POINT('',(5.713272948235,-4.176529043962,
    3.674000017928));
#1064 = CARTESIAN_POINT('',(6.528295111258,-2.496830795028,
    3.732999984863));
#1065 = CARTESIAN_POINT('',(6.814733187238,-0.694881543983,
    3.792000012505));
#1066 = CARTESIAN_POINT('',(6.582455040079,1.05575082588,3.850999999809)
  );
#1067 = CARTESIAN_POINT('',(5.212036700567,4.156681078835,3.969000004674
    ));
#1068 = CARTESIAN_POINT('',(4.073896584644,5.506978790867,4.027999995201
    ));
#1069 = CARTESIAN_POINT('',(2.548606377039,6.508256800334,4.087000014946
    ));
#1070 = CARTESIAN_POINT('',(0.757868366031,7.036371098416,4.145999991324
    ));
#1071 = CARTESIAN_POINT('',(-1.131580356079,7.016382572953,
    4.205000003963));
#1072 = CARTESIAN_POINT('',(-2.931514728593,6.441358869786,
    4.264000010847));
#1073 = CARTESIAN_POINT('',(-4.465432403432,5.377054444233,
    4.322999992076));
#1074 = CARTESIAN_POINT('',(-5.59860925178,3.94702713829,4.382000008423)
  );
#1075 = CARTESIAN_POINT('',(-6.25454149519,2.307387016623,4.44100000089)
  );
#1076 = CARTESIAN_POINT('',(-6.417579179747,0.620119276335,
    4.500000002428));
#1077 = CARTESIAN_POINT('',(-3.367859053378,-5.5417192455,3.320000002056
    ));
#1078 = CARTESIAN_POINT('',(-1.910866650024,-6.427174613849,
    3.379000006611));
#1079 = CARTESIAN_POINT('',(-0.195209903124,-6.887004749793,
    3.437999990886));
#1080 = CARTESIAN_POINT('',(1.639234892926,-6.836200086151,
    3.497000021373));
#1081 = CARTESIAN_POINT('',(3.420652072908,-6.242296593695,
    3.555999987483));
#1082 = CARTESIAN_POINT('',(4.968356490889,-5.139330723563,
    3.615000001799));
#1083 = CARTESIAN_POINT('',(6.123036055361,-3.629814984972,
    3.674000018751));
#1084 = CARTESIAN_POINT('',(6.776848842106,-1.869503257694,
    3.732999984091));
#1085 = CARTESIAN_POINT('',(6.889666937282,-3.782618572995E-02,
    3.792000013211));
#1086 = CARTESIAN_POINT('',(6.488124848722,1.692400903666,3.850999999803
    ));
#1087 = CARTESIAN_POINT('',(4.816780697547,4.664612372042,3.969000004956
    ));
#1088 = CARTESIAN_POINT('',(3.546978727922,5.906596587063,4.027999994889
    ));
#1089 = CARTESIAN_POINT('',(1.923272895816,6.761785562521,4.087000015915
    ));
#1090 = CARTESIAN_POINT('',(7.948991510784E-02,7.117640674592,
    4.145999990689));
#1091 = CARTESIAN_POINT('',(-1.810206759661,6.915232311885,4.20500000432
    ));
#1092 = CARTESIAN_POINT('',(-3.556705933928,6.16579032388,4.264000011419
    ));
#1093 = CARTESIAN_POINT('',(-4.98964941235,4.952183494979,4.322999991631
    ));
#1094 = CARTESIAN_POINT('',(-5.986085383329,3.41111757664,4.382000008926
    ));
#1095 = CARTESIAN_POINT('',(-6.484491891479,1.706267792355,
    4.441000000942));
#1096 = CARTESIAN_POINT('',(-6.484838090911,1.316781183804E-03,
    4.500000002575));
#1097 = CARTESIAN_POINT('',(-2.836679654579,-5.873025163165,
    3.320000002156));
#1098 = CARTESIAN_POINT('',(-1.292582476734,-6.618826334953,
    3.379000006957));
#1099 = CARTESIAN_POINT('',(0.469382435209,-6.913556723538,3.43799999036
    ));
#1100 = CARTESIAN_POINT('',(2.300976157969,-6.685614043254,
    3.497000022606));
#1101 = CARTESIAN_POINT('',(4.027056933878,-5.919083501752,
    3.555999986584));
#1102 = CARTESIAN_POINT('',(5.470022968381,-4.665481399345,3.6150000022)
  );
#1103 = CARTESIAN_POINT('',(6.480279519104,-3.042813566042,
    3.674000019433));
#1104 = CARTESIAN_POINT('',(6.964899070482,-1.21741831708,3.732999983436
    ));
#1105 = CARTESIAN_POINT('',(6.901029451811,0.62719928503,3.79200001382)
  );
#1106 = CARTESIAN_POINT('',(6.332017051474,2.320601553756,3.850999999799
    ));
#1107 = CARTESIAN_POINT('',(4.371891150006,5.134802750099,3.969000005202
    ));
#1108 = CARTESIAN_POINT('',(2.980777757753,6.255601522472,4.027999994612
    ));
#1109 = CARTESIAN_POINT('',(1.272702212066,6.955009379347,4.087000016771
    ));
#1110 = CARTESIAN_POINT('',(-0.607495502569,7.133280193329,
    4.145999990115));
#1111 = CARTESIAN_POINT('',(-2.479768456592,6.748230604841,
    4.205000004652));
#1112 = CARTESIAN_POINT('',(-4.155877828297,5.829358161803,
    4.264000011903));
#1113 = CARTESIAN_POINT('',(-5.473274175201,4.476069278994,
    4.322999991249));
#1114 = CARTESIAN_POINT('',(-6.32206444509,2.837091398109,4.382000009363
    ));
#1115 = CARTESIAN_POINT('',(-6.656457590718,1.082221720811,
    4.441000000986));
#1116 = CARTESIAN_POINT('',(-6.492223213106,-0.624670938151,
    4.500000002703));
#1117 = CARTESIAN_POINT('',(-2.272849734851,-6.153224566936,
    3.32000000224));
#1118 = CARTESIAN_POINT('',(-0.65508437127,-6.750787281784,
    3.379000007252));
#1119 = CARTESIAN_POINT('',(1.137244433123,-6.87575883838,3.437999989905
    ));
#1120 = CARTESIAN_POINT('',(2.94882508445,-6.470768377331,3.497000023675
    ));
#1121 = CARTESIAN_POINT('',(4.602789332668,-5.536789906846,3.55599998578
    ));
#1122 = CARTESIAN_POINT('',(5.926315209221,-4.142539246927,3.61500000259
    ));
#1123 = CARTESIAN_POINT('',(6.781036328174,-2.420590511566,
    3.674000019966));
#1124 = CARTESIAN_POINT('',(7.089980531371,-0.546432833003,
    3.732999982908));
#1125 = CARTESIAN_POINT('',(6.847984206377,1.294023497496,3.792000014325
    ));
#1126 = CARTESIAN_POINT('',(6.114892847296,2.93433977638,3.850999999796)
  );
#1127 = CARTESIAN_POINT('',(3.88098820016,5.562391126666,3.96900000541)
  );
#1128 = CARTESIAN_POINT('',(2.380175036042,6.550126053087,4.027999994377
    ));
#1129 = CARTESIAN_POINT('',(0.602731419204,7.08541654244,4.087000017501)
  );
#1130 = CARTESIAN_POINT('',(-1.296717018165,7.082389225543,
    4.145999989617));
#1131 = CARTESIAN_POINT('',(-3.133855871522,6.516194493645,
    4.205000004947));
#1132 = CARTESIAN_POINT('',(-4.723089163152,5.434532263703,
    4.264000012302));
#1133 = CARTESIAN_POINT('',(-5.911286367466,3.952607522165,
    4.322999990931));
#1134 = CARTESIAN_POINT('',(-6.602791416506,2.229917044238,
    4.382000009731));
#1135 = CARTESIAN_POINT('',(-6.768153707695,0.440862614388,
    4.441000001023));
#1136 = CARTESIAN_POINT('',(-6.438977909167,-1.252031139202,
    4.500000002811));
#1137 = CARTESIAN_POINT('',(-1.681305609745,-6.379095831389,
    3.320000002307));
#1138 = CARTESIAN_POINT('',(-4.155657766658E-03,-6.82113365256,
    3.379000007491));
#1139 = CARTESIAN_POINT('',(1.802124885817,-6.773232549228,
    3.437999989525));
#1140 = CARTESIAN_POINT('',(3.576523033107,-6.192952637579,
    3.497000024565));
#1141 = CARTESIAN_POINT('',(5.142078154999,-5.098341142317,
    3.555999985081));
#1142 = CARTESIAN_POINT('',(6.332418939629,-3.574867925198,
    3.615000002964));
#1143 = CARTESIAN_POINT('',(7.021829885323,-1.768602616091,
    3.674000020344));
#1144 = CARTESIAN_POINT('',(7.150196786731,0.137350979749,3.732999982511
    ));
#1145 = CARTESIAN_POINT('',(6.730295562687,1.956388230482,3.792000014721
    ));
#1146 = CARTESIAN_POINT('',(5.838100255774,3.527671608674,3.850999999794
    ));
#1147 = CARTESIAN_POINT('',(3.348168975435,5.942865141145,3.969000005576
    ));
#1148 = CARTESIAN_POINT('',(1.750433140031,6.786775162173,4.027999994183
    ));
#1149 = CARTESIAN_POINT('',(-8.055252392319E-02,7.151062203595,
    4.087000018101));
#1150 = CARTESIAN_POINT('',(-1.981710511394,6.964687621094,
    4.145999989194));
#1151 = CARTESIAN_POINT('',(-3.766133568952,6.22056654819,4.205000005209
    ));
#1152 = CARTESIAN_POINT('',(-5.25263435623,4.984363804147,4.264000012603
    ));
#1153 = CARTESIAN_POINT('',(-6.299041118308,3.386186695461,
    4.322999990684));
#1154 = CARTESIAN_POINT('',(-6.824992389794,1.594933277584,
    4.382000010024));
#1155 = CARTESIAN_POINT('',(-6.817840646135,-0.211968152407,
    4.441000001052));
#1156 = CARTESIAN_POINT('',(-6.324911536491,-1.874872324961,
    4.500000002898));
#1157 = CARTESIAN_POINT('',(-1.067301522853,-6.547896802632,
    3.320000002356));
#1158 = CARTESIAN_POINT('',(0.654228471104,-6.828504704583,
    3.379000007673));
#1159 = CARTESIAN_POINT('',(2.457731197536,-6.606209132385,
    3.437999989226));
#1160 = CARTESIAN_POINT('',(4.177932767245,-5.854068106695,
    3.497000025268));
#1161 = CARTESIAN_POINT('',(5.639433681438,-4.60722785823,3.555999984493
    ));
#1162 = CARTESIAN_POINT('',(6.683942335651,-2.967304049359,
    3.615000003319));
#1163 = CARTESIAN_POINT('',(7.199713679983,-1.092649856585,
    3.674000020561));
#1164 = CARTESIAN_POINT('',(7.144245599418,0.827641481602,3.732999982252
    ));
#1165 = CARTESIAN_POINT('',(6.548338490254,2.60800781394,3.792000015002)
  );
#1166 = CARTESIAN_POINT('',(5.503568360523,4.094780420639,3.850999999795
    ));
#1167 = CARTESIAN_POINT('',(2.777973904567,6.272109085203,3.969000005699
    ));
#1168 = CARTESIAN_POINT('',(1.097149729323,6.962665022928,4.027999994034
    ));
#1169 = CARTESIAN_POINT('',(-0.770868519909,7.150594192159,
    4.087000018561));
#1170 = CARTESIAN_POINT('',(-2.655979922485,6.780525900854,
    4.145999988854));
#1171 = CARTESIAN_POINT('',(-4.370402395491,5.863408675699,
    4.205000005432));
#1172 = CARTESIAN_POINT('',(-5.739101548284,4.482462968298,
    4.264000012805));
#1173 = CARTESIAN_POINT('',(-6.632318548775,2.781651710823,4.32299999051
    ));
#1174 = CARTESIAN_POINT('',(-6.985912168605,0.937802177552,4.38200001024
    ));
#1175 = CARTESIAN_POINT('',(-6.80434766534,-0.8702552729,4.441000001073)
  );
#1176 = CARTESIAN_POINT('',(-6.15040830159,-2.487280201806,
    4.500000002962));
#1177 = CARTESIAN_POINT('',(-0.436363443304,-6.657392363981,
    3.320000002386));
#1178 = CARTESIAN_POINT('',(1.313954404025,-6.772118172654,
    3.379000007795));
#1179 = CARTESIAN_POINT('',(3.097786530319,-6.375530839545,
    3.437999989011));
#1180 = CARTESIAN_POINT('',(4.747095056023,-5.456613739507,
    3.497000025774));
#1181 = CARTESIAN_POINT('',(6.089699143157,-4.067477221262,
    3.555999984023));
#1182 = CARTESIAN_POINT('',(6.976958323977,-2.325115625393,
    3.615000003653));
#1183 = CARTESIAN_POINT('',(7.312300987861,-0.398824349536,
    3.674000020612));
#1184 = CARTESIAN_POINT('',(7.071433984817,1.518013956236,3.732999982134
    ));
#1185 = CARTESIAN_POINT('',(6.30309841455,3.242626289164,3.792000015164)
  );
#1186 = CARTESIAN_POINT('',(5.113792830276,4.630030627143,3.850999999797
    ));
#1187 = CARTESIAN_POINT('',(2.175347693758,6.54644354819,3.969000005777)
  );
#1188 = CARTESIAN_POINT('',(0.4262083042,7.075452025493,4.027999993932)
  );
#1189 = CARTESIAN_POINT('',(-1.461797559498,7.083268513758,
    4.087000018875));
#1190 = CARTESIAN_POINT('',(-3.313056306503,6.530885435092,
    4.145999988601));
#1191 = CARTESIAN_POINT('',(-4.940656727238,5.447386635609,
    4.205000005612));
#1192 = CARTESIAN_POINT('',(-6.177423514951,3.932969028247,
    4.264000012906));
#1193 = CARTESIAN_POINT('',(-6.907364518561,2.144262191624,
    4.322999990409));
#1194 = CARTESIAN_POINT('',(-7.083342162548,0.264459248433,
    4.382000010375));
#1195 = CARTESIAN_POINT('',(-6.727086597353,-1.527863419827,
    4.441000001086));
#1196 = CARTESIAN_POINT('',(-5.916426832717,-3.083371478712,
    4.500000003003));
#1197 = CARTESIAN_POINT('',(0.205762081048,-6.705895680739,
    3.320000002397));
#1198 = CARTESIAN_POINT('',(1.968832101649,-6.651798066672,
    3.379000007855));
#1199 = CARTESIAN_POINT('',(3.716098710156,-6.08266208046,3.437999988882
    ));
#1200 = CARTESIAN_POINT('',(5.2782995268,-5.003678853916,3.497000026076)
  );
#1201 = CARTESIAN_POINT('',(6.488117995029,-3.483626919236,
    3.555999983678));
#1202 = CARTESIAN_POINT('',(7.208062850183,-1.653959033757,
    3.615000003961));
#1203 = CARTESIAN_POINT('',(7.357809525028,0.306546283358,3.674000020497
    ));
#1204 = CARTESIAN_POINT('',(6.931706061254,2.201976168442,3.73299998216)
  );
#1205 = CARTESIAN_POINT('',(5.996180822597,3.854086552424,3.792000015205
    ));
#1206 = CARTESIAN_POINT('',(4.671827609769,5.128035115678,3.8509999998)
  );
#1207 = CARTESIAN_POINT('',(1.545598929028,6.762680039223,3.969000005809
    ));
#1208 = CARTESIAN_POINT('',(-0.256276365877,7.12337630927,4.027999993878
    ));
#1209 = CARTESIAN_POINT('',(-2.146848056158,6.948977720555,4.08700001904
    ));
#1210 = CARTESIAN_POINT('',(-3.94656921078,6.217388772782,4.145999988437
    ));
#1211 = CARTESIAN_POINT('',(-5.471156344812,4.975761119229,
    4.205000005749));
#1212 = CARTESIAN_POINT('',(-6.562944353656,3.34052287869,4.264000012903
    ));
#1213 = CARTESIAN_POINT('',(-7.120947043224,1.479648991912,
    4.322999990387));
#1214 = CARTESIAN_POINT('',(-7.11566266146,-0.418942132335,
    4.382000010427));
#1215 = CARTESIAN_POINT('',(-6.586077666478,-2.17860008557,4.44100000109
    ));
#1216 = CARTESIAN_POINT('',(-5.624508876689,-3.657358994003,
    4.500000003021));
#1217 = CARTESIAN_POINT('',(0.853154816483,-6.692235970066,
    3.320000002389));
#1218 = CARTESIAN_POINT('',(2.612633515726,-6.467930112738,
    3.379000007851));
#1219 = CARTESIAN_POINT('',(4.306586570818,-5.729635010672,
    3.437999988842));
#1220 = CARTESIAN_POINT('',(5.766096145633,-4.49888252429,3.49700002617)
  );
#1221 = CARTESIAN_POINT('',(6.830329002905,-2.860662897249,
    3.555999983462));
#1222 = CARTESIAN_POINT('',(7.374353611375,-0.959820023102,3.61500000424
    ));
#1223 = CARTESIAN_POINT('',(7.335025508266,1.016949996173,3.674000020214
    ));
#1224 = CARTESIAN_POINT('',(6.725595543914,2.873007710459,3.732999982331
    ));
#1225 = CARTESIAN_POINT('',(5.629756263079,4.436355448889,3.792000015123
    ));
#1226 = CARTESIAN_POINT('',(4.181226907371,5.583665048901,3.850999999806
    ));
#1227 = CARTESIAN_POINT('',(0.894344744161,6.918100989962,3.969000005794
    ));
#1228 = CARTESIAN_POINT('',(-0.944007881506,7.105227257301,
    4.027999993873));
#1229 = CARTESIAN_POINT('',(-2.819495568516,6.748203719202,
    4.087000019052));
#1230 = CARTESIAN_POINT('',(-4.550272922576,5.842242967221,
    4.145999988365));
#1231 = CARTESIAN_POINT('',(-5.956436829995,4.452325895459,
    4.205000005842));
#1232 = CARTESIAN_POINT('',(-6.891413206799,2.71020489575,4.264000012796
    ));
#1233 = CARTESIAN_POINT('',(-7.270334183,0.793756611191,4.322999990442)
  );
#1234 = CARTESIAN_POINT('',(-7.08180720479,-1.106079552181,
    4.382000010395));
#1235 = CARTESIAN_POINT('',(-6.381903735479,-2.816252570182,
    4.441000001085));
#1236 = CARTESIAN_POINT('',(-5.276727407362,-4.203575060392,
    4.500000003013));
#1237 = CARTESIAN_POINT('',(1.499795882279,-6.615979370575,
    3.320000002362));
#1238 = CARTESIAN_POINT('',(3.239225697551,-6.221662894028,
    3.379000007784));
#1239 = CARTESIAN_POINT('',(4.863465368631,-5.319213980044,
    3.437999988893));
#1240 = CARTESIAN_POINT('',(6.205521600121,-3.946486267968,
    3.497000026052));
#1241 = CARTESIAN_POINT('',(7.112617392716,-2.204069200871,
    3.555999983379));
#1242 = CARTESIAN_POINT('',(7.473686535156,-0.248995397724,
    3.615000004486));
#1243 = CARTESIAN_POINT('',(7.243545174996,1.725775338392,3.674000019764
    ));
#1244 = CARTESIAN_POINT('',(6.454433821276,3.524703708771,3.732999982648
    ));
#1245 = CARTESIAN_POINT('',(5.206720516176,4.983712895804,3.792000014917
    ));
#1246 = CARTESIAN_POINT('',(3.646148376138,5.992267876522,3.850999999812
    ));
#1247 = CARTESIAN_POINT('',(0.227493434793,7.010700323191,3.969000005731
    ));
#1248 = CARTESIAN_POINT('',(-1.630589177442,7.020577732837,
    4.027999993918));
#1249 = CARTESIAN_POINT('',(-3.473324849868,6.482226982162,
    4.087000018908));
#1250 = CARTESIAN_POINT('',(-5.118240916829,5.408406160207,
    4.145999988388));
#1251 = CARTESIAN_POINT('',(-6.391542076895,3.88151760775,4.205000005886
    ));
#1252 = CARTESIAN_POINT('',(-7.159236443397,2.047579261178,
    4.264000012584));
#1253 = CARTESIAN_POINT('',(-7.353545852595,9.281997225603E-02,
    4.322999990575));
#1254 = CARTESIAN_POINT('',(-6.981494907426,-1.790547857466,
    4.382000010279));
#1255 = CARTESIAN_POINT('',(-6.115907128045,-3.434727395982,
    4.441000001071));
#1256 = CARTESIAN_POINT('',(-4.875836438538,-4.71665026741,
    4.500000002981));
#1257 = CARTESIAN_POINT('',(2.139546729977,-6.476672771326,
    3.320000002315));
#1258 = CARTESIAN_POINT('',(3.842350969711,-5.914157206418,
    3.379000007652));
#1259 = CARTESIAN_POINT('',(5.380829761182,-4.854208491827,
    3.437999989035));
#1260 = CARTESIAN_POINT('',(6.591505785954,-3.350828154309,
    3.497000025719));
#1261 = CARTESIAN_POINT('',(7.331184433386,-1.519433081117,
    3.555999983431));
#1262 = CARTESIAN_POINT('',(7.503863592583,0.472095812432,3.615000004698
    ));
#1263 = CARTESIAN_POINT('',(7.082945074822,2.426279282396,3.674000019149
    ));
#1264 = CARTESIAN_POINT('',(6.119567674716,4.150528799319,3.732999983109
    ));
#1265 = CARTESIAN_POINT('',(4.730017258738,5.490319274676,3.792000014588
    ));
#1266 = CARTESIAN_POINT('',(3.070824688632,6.349090656647,3.850999999821
    ));
#1267 = CARTESIAN_POINT('',(-0.448932009015,7.038421448432,
    3.969000005622));
#1268 = CARTESIAN_POINT('',(-2.309495941935,6.868980820064,
    4.027999994012));
#1269 = CARTESIAN_POINT('',(-4.101790044818,6.152342337833,4.08700001861
    ));
#1270 = CARTESIAN_POINT('',(-5.64442289261,4.918885275485,4.145999988504
    ));
#1271 = CARTESIAN_POINT('',(-6.771409024396,3.267852968263,
    4.205000005886));
#1272 = CARTESIAN_POINT('',(-7.362738758652,1.358315178305,
    4.264000012264));
#1273 = CARTESIAN_POINT('',(-7.368551399987,-0.616804726675,
    4.322999990787));
#1274 = CARTESIAN_POINT('',(-6.814428017282,-2.465814229408,
    4.382000010076));
#1275 = CARTESIAN_POINT('',(-5.789446326354,-4.027806806154,
    4.441000001048));
#1276 = CARTESIAN_POINT('',(-4.424635659886,-5.191102934245,
    4.500000002925));
#1277 = CARTESIAN_POINT('',(2.76618425431,-6.276838339302,3.320000002249
    ));
#1278 = CARTESIAN_POINT('',(4.416449338511,-5.54957135483,3.379000007458
    ));
#1279 = CARTESIAN_POINT('',(5.854260824532,-4.340219276742,
    3.437999989266));
#1280 = CARTESIAN_POINT('',(6.92118514788,-2.718600550482,3.497000025179
    ));
#1281 = CARTESIAN_POINT('',(7.485013566735,-0.814054586074,
    3.555999983615));
#1282 = CARTESIAN_POINT('',(7.465835709137,1.196113236825,3.615000004874
    ));
#1283 = CARTESIAN_POINT('',(6.856068393342,3.111661799635,3.674000018377
    ));
#1284 = CARTESIAN_POINT('',(5.725471467506,4.744741222761,3.732999983707
    ));
#1285 = CARTESIAN_POINT('',(4.205346709587,5.951884762812,3.79200001414)
  );
#1286 = CARTESIAN_POINT('',(2.461691909226,6.651529141765,3.850999999831
    ));
#1287 = CARTESIAN_POINT('',(-1.128046915146,7.002162318665,
    3.969000005467));
#1288 = CARTESIAN_POINT('',(-2.974130740703,6.65315109708,4.027999994156
    ));
#1289 = CARTESIAN_POINT('',(-4.699114035218,5.762978401448,
    4.087000018161));
#1290 = CARTESIAN_POINT('',(-6.12435350793,4.379544169602,4.145999988714
    ));
#1291 = CARTESIAN_POINT('',(-7.093267303695,2.61819567539,4.205000005837
    ));
#1292 = CARTESIAN_POINT('',(-7.50106390865,0.649733230374,4.264000011847
    ));
#1293 = CARTESIAN_POINT('',(-7.316435112631,-1.327919426997,
    4.322999991074));
#1294 = CARTESIAN_POINT('',(-6.583471121579,-3.125344969711,
    4.382000009793));
#1295 = CARTESIAN_POINT('',(-5.406853711169,-4.590065350795,
    4.441000001017));
#1296 = CARTESIAN_POINT('',(-3.928511544112,-5.622923786999,
    4.500000002845));
#1297 = CARTESIAN_POINT('',(3.372162974677,-6.011398199724,
    3.320000002162));
#1298 = CARTESIAN_POINT('',(4.952640281883,-5.124811272655,
    3.379000007198));
#1299 = CARTESIAN_POINT('',(6.274122516925,-3.776526076397,
    3.437999989593));
#1300 = CARTESIAN_POINT('',(7.184875818732,-2.051656554114,
    3.497000024413));
#1301 = CARTESIAN_POINT('',(7.565137422532,-9.232110914268E-02,
    3.555999983946));
#1302 = CARTESIAN_POINT('',(7.352080370027,1.916429594719,3.615000005008
    ));
#1303 = CARTESIAN_POINT('',(6.557432544291,3.773579977097,3.674000017437
    ));
#1304 = CARTESIAN_POINT('',(5.269086399394,5.297967879548,3.732999984454
    ));
#1305 = CARTESIAN_POINT('',(3.632208932485,6.358759379038,3.792000013563
    ));
#1306 = CARTESIAN_POINT('',(1.820700201316,6.890383669757,3.850999999842
    ));
#1307 = CARTESIAN_POINT('',(-1.803628624645,6.894872016511,
    3.969000005262));
#1308 = CARTESIAN_POINT('',(-3.616448519097,6.367736072069,
    4.027999994352));
#1309 = CARTESIAN_POINT('',(-5.255948313306,5.311002018578,
    4.087000017547));
#1310 = CARTESIAN_POINT('',(-6.548066092804,3.78980974641,4.145999989026
    ));
#1311 = CARTESIAN_POINT('',(-7.347311232178,1.934633231709,
    4.205000005734));
#1312 = CARTESIAN_POINT('',(-7.56534288258,-7.358361446391E-02,
    4.264000011323));
#1313 = CARTESIAN_POINT('',(-7.189935288023,-2.033854876071,
    4.32299999144));
#1314 = CARTESIAN_POINT('',(-6.283456913661,-3.7609748463,4.382000009421
    ));
#1315 = CARTESIAN_POINT('',(-4.965318140977,-5.112528933639,
    4.441000000976));
#1316 = CARTESIAN_POINT('',(-3.387041566492,-6.003027641982,
    4.500000002739));
#1317 = CARTESIAN_POINT('',(3.928669667337,-5.652536390536,
    3.320000002047));
#1318 = CARTESIAN_POINT('',(5.414797386152,-4.61963638126,3.379000006841
    ));
#1319 = CARTESIAN_POINT('',(6.599188200685,-3.152600067178,
    3.437999990058));
#1320 = CARTESIAN_POINT('',(7.339166011077,-1.350588209061,
    3.497000023321));
#1321 = CARTESIAN_POINT('',(7.529303052677,0.633636366639,3.555999984492
    ));
#1322 = CARTESIAN_POINT('',(7.12488777387,2.610091678073,3.615000005074)
  );
#1323 = CARTESIAN_POINT('',(6.156853929666,4.380074109148,3.674000016267
    ));
#1324 = CARTESIAN_POINT('',(4.729946223557,5.771919521256,3.732999985407
    ));
#1325 = CARTESIAN_POINT('',(3.001019669046,6.669486715258,3.792000012807
    ));
#1326 = CARTESIAN_POINT('',(1.149234611297,7.024267280905,3.850999999856
    ));
#1327 = CARTESIAN_POINT('',(-2.454115846687,6.681196482426,
    3.969000004988));
#1328 = CARTESIAN_POINT('',(-4.205681047757,5.983345136957,
    4.027999994623));
#1329 = CARTESIAN_POINT('',(-5.734167402263,4.775643455945,4.0870000167)
  );
#1330 = CARTESIAN_POINT('',(-6.872787359532,3.139537143473,
    4.145999989483));
#1331 = CARTESIAN_POINT('',(-7.489420696751,1.218680397302,
    4.205000005557));
#1332 = CARTESIAN_POINT('',(-7.51359889011,-0.798580799614,
    4.264000010647));
#1333 = CARTESIAN_POINT('',(-6.952440703432,-2.711275432207,
    4.322999991922));
#1334 = CARTESIAN_POINT('',(-5.885705352145,-4.341272234852,
    4.382000008923));
#1335 = CARTESIAN_POINT('',(-4.445753833492,-5.558447973699,
    4.441000000923));
#1336 = CARTESIAN_POINT('',(-2.791411194147,-6.292347459155,
    4.500000002597));
#1337 = CARTESIAN_POINT('',(4.45431612798,-5.251411575342,3.32000000192)
  );
#1338 = CARTESIAN_POINT('',(5.834982746621,-4.080312053243,
    3.379000006441));
#1339 = CARTESIAN_POINT('',(6.873540813052,-2.505884150387,
    3.437999990588));
#1340 = CARTESIAN_POINT('',(7.437438752933,-0.640556523169,3.49700002208
    ));
#1341 = CARTESIAN_POINT('',(7.436357973586,1.353443275088,3.555999985139
    ));
#1342 = CARTESIAN_POINT('',(6.844008457287,3.282653743359,3.615000005104
    ));
#1343 = CARTESIAN_POINT('',(5.710259503937,4.952187902102,3.674000014996
    ));
#1344 = CARTESIAN_POINT('',(4.155881566919,6.201165717222,3.732999986451
    ));
#1345 = CARTESIAN_POINT('',(2.348204979547,6.928993582475,3.79200001197)
  );
#1346 = CARTESIAN_POINT('',(0.470280147317,7.104562385207,3.850999999871
    ));
#1347 = CARTESIAN_POINT('',(-3.084767138049,6.4171786485,3.969000004681)
  );
#1348 = CARTESIAN_POINT('',(-4.761889394698,5.55422614667,4.027999994929
    ));
#1349 = CARTESIAN_POINT('',(-6.167959861472,4.205006418207,
    4.087000015746));
#1350 = CARTESIAN_POINT('',(-7.14471850466,2.466622419327,4.145999990009
    ));
#1351 = CARTESIAN_POINT('',(-7.574394154812,0.494793366779,
    4.205000005342));
#1352 = CARTESIAN_POINT('',(-7.404892784457,-1.516176616419,
    4.264000009906));
#1353 = CARTESIAN_POINT('',(-6.662587943362,-3.366857542962,
    4.322999992453));
#1354 = CARTESIAN_POINT('',(-5.44399184184,-4.887532253403,
    4.382000008369));
#1355 = CARTESIAN_POINT('',(-3.893387073157,-5.96133434726,
    4.441000000864));
#1356 = CARTESIAN_POINT('',(-2.175681565181,-6.533350245372,
    4.500000002438));
#1357 = CARTESIAN_POINT('',(4.937427882073,-4.799100870517,
    3.320000001776));
#1358 = CARTESIAN_POINT('',(6.199175942839,-3.500984781098,
    3.379000005988));
#1359 = CARTESIAN_POINT('',(7.081710631975,-1.834279505975,
    3.437999991195));
#1360 = CARTESIAN_POINT('',(7.463896890174,7.639199484348E-02,
    3.497000020656));
#1361 = CARTESIAN_POINT('',(7.271414000045,2.060896425945,3.55599998591)
  );
#1362 = CARTESIAN_POINT('',(6.496666444304,3.924159857181,3.615000005089
    ));
#1363 = CARTESIAN_POINT('',(5.20799615167,5.477000249552,3.674000013605)
  );
#1364 = CARTESIAN_POINT('',(3.54104788301,6.570888250517,3.732999987604)
  );
#1365 = CARTESIAN_POINT('',(1.672019995568,7.121766348612,3.792000011035
    ));
#1366 = CARTESIAN_POINT('',(-0.213913048921,7.116243251333,
    3.850999999886));
#1367 = CARTESIAN_POINT('',(-3.686233216412,6.090842427735,
    3.969000004337));
#1368 = CARTESIAN_POINT('',(-5.2726201475,5.07096475763,4.027999995276)
  );
#1369 = CARTESIAN_POINT('',(-6.542554364785,3.593128841944,
    4.087000014664));
#1370 = CARTESIAN_POINT('',(-7.347842296881,1.769171918872,
    4.145999990616));
#1371 = CARTESIAN_POINT('',(-7.586215203681,-0.23461518146,
    4.205000005084));
#1372 = CARTESIAN_POINT('',(-7.224475978776,-2.219842909358,
    4.264000009082));
#1373 = CARTESIAN_POINT('',(-6.308017554122,-3.990552219289,
    4.322999993048));
#1374 = CARTESIAN_POINT('',(-4.949188992767,-5.38708967009,
    4.382000007747));
#1375 = CARTESIAN_POINT('',(-3.302811516233,-6.30698920975,
    4.441000000798));
#1376 = CARTESIAN_POINT('',(-1.538287587357,-6.711425672302,
    4.500000002259));
#1377 = CARTESIAN_POINT('',(5.375375304193,-4.303209629153,
    3.320000001619));
#1378 = CARTESIAN_POINT('',(6.506746898833,-2.889951281752,
    3.379000005489));
#1379 = CARTESIAN_POINT('',(7.225269096087,-1.146190094525,3.43799999187
    ));
#1380 = CARTESIAN_POINT('',(7.422323376814,0.792396637612,3.497000019075
    ));
#1381 = CARTESIAN_POINT('',(7.040258697007,2.749323124566,3.55599998679)
  );
#1382 = CARTESIAN_POINT('',(6.09023680383,4.529681377807,3.615000005033)
  );
#1383 = CARTESIAN_POINT('',(4.658443036448,5.951716445872,3.674000012115
    ));
#1384 = CARTESIAN_POINT('',(2.89415512118,6.880599019074,3.732999988849)
  );
#1385 = CARTESIAN_POINT('',(0.980830585123,7.249568029633,3.792000010018
    ));
#1386 = CARTESIAN_POINT('',(-0.895920382026,7.063065926506,
    3.850999999902));
#1387 = CARTESIAN_POINT('',(-4.253896887202,5.70910981563,3.96900000396)
  );
#1388 = CARTESIAN_POINT('',(-5.735122239626,4.541655882176,
    4.027999995659));
#1389 = CARTESIAN_POINT('',(-6.857393642274,2.948716524734,4.08700001347
    ));
#1390 = CARTESIAN_POINT('',(-7.483931076335,1.05583894046,4.145999991297
    ));
#1391 = CARTESIAN_POINT('',(-7.52889490577,-0.961633576984,
    4.205000004784));
#1392 = CARTESIAN_POINT('',(-6.97828096024,-2.903035493385,
    4.264000008193));
#1393 = CARTESIAN_POINT('',(-5.896081293356,-4.577663386143,
    4.322999993692));
#1394 = CARTESIAN_POINT('',(-4.409452452446,-5.837379063612,
    4.382000007066));
#1395 = CARTESIAN_POINT('',(-2.682339677537,-6.595045675845,
    4.441000000725));
#1396 = CARTESIAN_POINT('',(-0.887094557931,-6.828274746878,
    4.500000002063));
#1397 = CARTESIAN_POINT('',(5.763401815475,-3.767362071826,3.32000000145
    ));
#1398 = CARTESIAN_POINT('',(6.753891891994,-2.252086344234,3.37900000495
    ));
#1399 = CARTESIAN_POINT('',(7.301730662386,-0.447462919484,
    3.437999992606));
#1400 = CARTESIAN_POINT('',(7.311824696263,1.501036602604,3.497000017349
    ));
#1401 = CARTESIAN_POINT('',(6.743727838458,3.412212883766,3.555999987773
    ));
#1402 = CARTESIAN_POINT('',(5.627255285237,5.093133839452,3.615000004935
    ));
#1403 = CARTESIAN_POINT('',(4.065635291039,6.371159362021,3.674000010536
    ));
#1404 = CARTESIAN_POINT('',(2.220392198132,7.126412122675,3.732999990176
    ));
#1405 = CARTESIAN_POINT('',(0.280539007639,7.310047305277,3.792000008927
    ));
#1406 = CARTESIAN_POINT('',(-1.569601988729,6.944299689975,
    3.850999999919));
#1407 = CARTESIAN_POINT('',(-4.782052834451,5.274364348111,
    3.969000003553));
#1408 = CARTESIAN_POINT('',(-6.14436250623,3.97017671323,4.027999996075)
  );
#1409 = CARTESIAN_POINT('',(-7.108550700659,2.276927353826,
    4.087000012174));
#1410 = CARTESIAN_POINT('',(-7.550521024374,0.332707443269,
    4.145999992044));
#1411 = CARTESIAN_POINT('',(-7.401659929327,-1.679715621913,
    4.205000004448));
#1412 = CARTESIAN_POINT('',(-6.667286058851,-3.559263772841,
    4.264000007243));
#1413 = CARTESIAN_POINT('',(-5.429396178938,-5.12226008285,
    4.322999994385));
#1414 = CARTESIAN_POINT('',(-3.82877338396,-6.233457156662,
    4.382000006333));
#1415 = CARTESIAN_POINT('',(-2.036964416286,-6.821856386139,
    4.441000000648));
#1416 = CARTESIAN_POINT('',(-0.227669466256,-6.88171374595,
    4.500000001852));
#1417 = CARTESIAN_POINT('',(6.098945302784,-3.196894518421,3.32000000127
    ));
#1418 = CARTESIAN_POINT('',(6.939451799339,-1.593399902377,
    3.379000004374));
#1419 = CARTESIAN_POINT('',(7.311535978031,0.255628321133,3.437999993397
    ));
#1420 = CARTESIAN_POINT('',(7.134503353661,2.19624894919,3.497000015494)
  );
#1421 = CARTESIAN_POINT('',(6.385488884329,4.044202115166,3.555999988849
    ));
#1422 = CARTESIAN_POINT('',(5.11269631908,5.610294468975,3.615000004796)
  );
#1423 = CARTESIAN_POINT('',(3.435460811285,6.732581085121,3.674000008886
    ));
#1424 = CARTESIAN_POINT('',(1.526082981547,7.307237389557,3.732999991572
    ));
#1425 = CARTESIAN_POINT('',(-0.422592742697,7.303788029559,
    3.792000007772));
#1426 = CARTESIAN_POINT('',(-2.229215891922,6.762064110012,
    3.850999999937));
#1427 = CARTESIAN_POINT('',(-5.266744035496,4.791275590725,
    3.969000003121));
#1428 = CARTESIAN_POINT('',(-6.497648861918,3.362211099218,
    4.027999996519));
#1429 = CARTESIAN_POINT('',(-7.294885171991,1.584076338151,4.08700001079
    ));
#1430 = CARTESIAN_POINT('',(-7.548178603797,-0.393749747772,
    4.145999992848));
#1431 = CARTESIAN_POINT('',(-7.206775182617,-2.382741923885,
    4.205000004081));
#1432 = CARTESIAN_POINT('',(-6.295275461425,-4.183245866166,
    4.264000006239));
#1433 = CARTESIAN_POINT('',(-4.912939191121,-5.620291452164,
    4.322999995118));
#1434 = CARTESIAN_POINT('',(-3.212895652733,-6.572762413233,
    4.382000005553));
#1435 = CARTESIAN_POINT('',(-1.372729374727,-6.986453219169,
    4.441000000566));
#1436 = CARTESIAN_POINT('',(0.434096717583,-6.872323363191,
    4.500000001627));
#1437 = CARTESIAN_POINT('',(6.375516533065,-2.596520506217,
    3.320000001082));
#1438 = CARTESIAN_POINT('',(7.058176640058,-0.920311599966,
    3.379000003767));
#1439 = CARTESIAN_POINT('',(7.251172712242,0.95531989478,3.437999994236)
  );
#1440 = CARTESIAN_POINT('',(6.888964094897,2.869451669107,3.497000013526
    ));
#1441 = CARTESIAN_POINT('',(5.966462576173,4.6365354531,3.555999990009)
  );
#1442 = CARTESIAN_POINT('',(4.549773170828,6.072926937021,3.615000004617
    ));
#1443 = CARTESIAN_POINT('',(2.773171199257,7.028915861947,3.674000007177
    ));
#1444 = CARTESIAN_POINT('',(0.818065795352,7.417705003545,3.732999993025
    ));
#1445 = CARTESIAN_POINT('',(-1.120722720742,7.227456149849,
    3.792000006562));
#1446 = CARTESIAN_POINT('',(-2.866551786641,6.515190847103,
    3.850999999954));
#1447 = CARTESIAN_POINT('',(-5.700247224773,4.262864353602,
    3.969000002666));
#1448 = CARTESIAN_POINT('',(-6.788113440316,2.722803286571,4.02799999699
    ));
#1449 = CARTESIAN_POINT('',(-7.410973092579,0.876958933378,
    4.087000009327));
#1450 = CARTESIAN_POINT('',(-7.473413336997,-1.115450506757,
    4.145999993708));
#1451 = CARTESIAN_POINT('',(-6.943002712898,-3.06195864551,
    4.205000003678));
#1452 = CARTESIAN_POINT('',(-5.863361669078,-4.766248702059,
    4.264000005197));
#1453 = CARTESIAN_POINT('',(-4.350037279428,-6.063724499207,
    4.322999995884));
#1454 = CARTESIAN_POINT('',(-2.567019084313,-6.848543994499,
    4.382000004735));
#1455 = CARTESIAN_POINT('',(-0.696217314647,-7.083792230835,
    4.441000000479));
#1456 = CARTESIAN_POINT('',(1.090806454728,-6.797004566803,
    4.500000001391));
#1457 = CARTESIAN_POINT('',(6.602928097498,-1.974089160318,
    3.320000000887));
#1458 = CARTESIAN_POINT('',(7.121942645718,-0.238090700122,
    3.379000003136));
#1459 = CARTESIAN_POINT('',(7.133827092416,1.64952524293,3.437999995112)
  );
#1460 = CARTESIAN_POINT('',(6.588751376666,3.522096076082,3.497000011473
    ));
#1461 = CARTESIAN_POINT('',(5.499494751145,5.19423514088,3.555999991235)
  );
#1462 = CARTESIAN_POINT('',(3.949596716644,6.489301793596,3.615000004405
    ));
#1463 = CARTESIAN_POINT('',(2.087263437549,7.271028302336,3.674000005429
    ));
#1464 = CARTESIAN_POINT('',(0.101617308984,7.470373442985,3.732999994519
    ));
#1465 = CARTESIAN_POINT('',(-1.812066150249,7.094282119399,
    3.792000005313));
#1466 = CARTESIAN_POINT('',(-3.483249652461,6.216568674543,
    3.850999999972));
#1467 = CARTESIAN_POINT('',(-6.09032940194,3.699546188885,3.969000002195
    ));
#1468 = CARTESIAN_POINT('',(-7.026225505007,2.060237286365,
    4.027999997478));
#1469 = CARTESIAN_POINT('',(-7.469330631929,0.160951394672,
    4.087000007807));
#1470 = CARTESIAN_POINT('',(-7.339883420239,-1.830473340784,
    4.145999994606));
#1471 = CARTESIAN_POINT('',(-6.624081339463,-3.719126017109,
    4.205000003253));
#1472 = CARTESIAN_POINT('',(-5.384277306541,-5.313574989989,
    4.264000004121));
#1473 = CARTESIAN_POINT('',(-3.751446971037,-6.460917198714,
    4.322999996676));
#1474 = CARTESIAN_POINT('',(-1.899186358802,-7.071457679002,
    4.382000003887));
#1475 = CARTESIAN_POINT('',(-1.231856550737E-02,-7.125910642075,
    4.44100000039));
#1476 = CARTESIAN_POINT('',(1.740845729124,-6.668218924214,
    4.500000001147));
#1477 = CARTESIAN_POINT('',(6.713405121837,-1.322416381871,
    3.320000000683));
#1478 = CARTESIAN_POINT('',(7.061086146016,0.442627971496,3.379000002474
    ));
#1479 = CARTESIAN_POINT('',(6.893152021242,2.309238850206,3.43799999604)
  );
#1480 = CARTESIAN_POINT('',(6.176221401227,4.107964890566,3.497000009295
    ));
#1481 = CARTESIAN_POINT('',(4.940570339888,5.656809926005,3.555999992568
    ));
#1482 = CARTESIAN_POINT('',(3.285572804812,6.789156794494,3.615000004125
    ));
#1483 = CARTESIAN_POINT('',(1.370668038539,7.384443307737,3.674000003648
    ));
#1484 = CARTESIAN_POINT('',(-0.610667501931,7.392440160286,
    3.732999996054));
#1485 = CARTESIAN_POINT('',(-2.46610939442,6.838598783455,3.792000004016
    ));
#1486 = CARTESIAN_POINT('',(-4.03414653662,5.812101065876,3.85099999999)
  );
#1487 = CARTESIAN_POINT('',(-6.371061288409,3.076432209464,
    3.969000001703));
#1488 = CARTESIAN_POINT('',(-7.139938768683,1.367261220933,
    4.027999997993));
#1489 = CARTESIAN_POINT('',(-7.397057497029,-0.55192997143,
    4.087000006205));
#1490 = CARTESIAN_POINT('',(-7.079567733205,-2.507679124058,
    4.145999995567));
#1491 = CARTESIAN_POINT('',(-6.192382073676,-4.306047238702,
    4.205000002787));
#1492 = CARTESIAN_POINT('',(-4.81534429276,-5.763782892723,
    4.264000003013));
#1493 = CARTESIAN_POINT('',(-3.092448672993,-6.742243506221,
    4.322999997496));
#1494 = CARTESIAN_POINT('',(-1.203793379614,-7.169310313695,
    4.382000003002));
#1495 = CARTESIAN_POINT('',(0.666130153264,-7.043516713763,
    4.441000000297));
#1496 = CARTESIAN_POINT('',(2.355167897485,-6.424311448852,
    4.500000000891));
#1497 = CARTESIAN_POINT('',(6.775279288586,-0.668961516377,
    3.320000000479));
#1498 = CARTESIAN_POINT('',(6.951158254109,1.112350386267,3.379000001809
    ));
#1499 = CARTESIAN_POINT('',(6.606669908186,2.945040986368,3.437999996976
    ));
#1500 = CARTESIAN_POINT('',(5.724926618422,4.658096924632,3.497000007101
    ));
#1501 = CARTESIAN_POINT('',(4.353285374293,6.074156238097,3.555999993921
    ));
#1502 = CARTESIAN_POINT('',(2.606070888193,7.037683802379,3.615000003825
    ));
#1503 = CARTESIAN_POINT('',(0.652701581227,7.444491132076,3.674000001879
    ));
#1504 = CARTESIAN_POINT('',(-1.310406273114,7.26329726275,3.732999997584
    ));
#1505 = CARTESIAN_POINT('',(-3.095200951647,6.537666614867,3.79200000272
    ));
#1506 = CARTESIAN_POINT('',(-4.550231638259,5.371342149776,
    3.851000000008));
#1507 = CARTESIAN_POINT('',(-6.603633708931,2.438841177954,3.96900000121
    ));
#1508 = CARTESIAN_POINT('',(-7.202004979295,0.672664832346,4.02799999851
    ));
#1509 = CARTESIAN_POINT('',(-7.273476709385,-1.252672452346,
    4.087000004596));
#1510 = CARTESIAN_POINT('',(-6.772358155177,-3.159372188835,
    4.145999996536));
#1511 = CARTESIAN_POINT('',(-5.7220258721,-4.855823167032,4.205000002312
    ));
#1512 = CARTESIAN_POINT('',(-4.219049278612,-6.168151328251,
    4.264000001908));
#1513 = CARTESIAN_POINT('',(-2.41927560725,-6.972786905934,
    4.322999998316));
#1514 = CARTESIAN_POINT('',(-0.507960370666,-7.215492357999,
    4.382000002117));
#1515 = CARTESIAN_POINT('',(1.332033351412,-6.91242443733,4.441000000205
    ));
#1516 = CARTESIAN_POINT('',(2.945780016488,-6.137939315718,
    4.500000000634));
#1517 = CARTESIAN_POINT('',(6.770006205784,-1.533351946158E-02,
    3.320000000276));
#1518 = CARTESIAN_POINT('',(6.774037594077,1.764592018906,3.379000001143
    ));
#1519 = CARTESIAN_POINT('',(6.258106673402,3.54569513068,3.437999997918)
  );
#1520 = CARTESIAN_POINT('',(5.221823919994,5.15709531254,3.497000004892)
  );
#1521 = CARTESIAN_POINT('',(3.728994944137,6.427761351116,3.555999995302
    ));
#1522 = CARTESIAN_POINT('',(1.907626036516,7.214659219292,3.615000003493
    ));
#1523 = CARTESIAN_POINT('',(-6.464678929929E-02,7.430837105453,
    3.674000000137));
#1524 = CARTESIAN_POINT('',(-1.990425270485,7.064084111815,
    3.732999999099));
#1525 = CARTESIAN_POINT('',(-3.68773545434,6.175472477896,3.79200000143)
  );
#1526 = CARTESIAN_POINT('',(-5.016575759901,4.882144811518,
    3.851000000025));
#1527 = CARTESIAN_POINT('',(-6.769073626963,1.783539332189,
    3.969000000717));
#1528 = CARTESIAN_POINT('',(-7.192731091342,-2.173831051097E-02,
    4.027999999029));
#1529 = CARTESIAN_POINT('',(-7.079671244344,-1.934252350647,
    4.087000002982));
#1530 = CARTESIAN_POINT('',(-6.40164310201,-3.773656705138,
    4.145999997515));
#1531 = CARTESIAN_POINT('',(-5.200076842441,-5.35252702132,
    4.205000001827));
#1532 = CARTESIAN_POINT('',(-3.587155365219,-6.507982462592,
    4.264000000812));
#1533 = CARTESIAN_POINT('',(-1.728932209665,-7.132592129307,
    4.322999999133));
#1534 = CARTESIAN_POINT('',(0.18604968728,-7.190357336625,4.382000001232
    ));
#1535 = CARTESIAN_POINT('',(1.978335599196,-6.714726991601,
    4.441000000112));
#1536 = CARTESIAN_POINT('',(3.501679265783,-5.794088492852,
    4.500000000378));
#1537 = CARTESIAN_POINT('',(6.703241151017,0.630961359223,3.320000000075
    ));
#1538 = CARTESIAN_POINT('',(6.53735293733,2.393333468178,3.379000000483)
  );
#1539 = CARTESIAN_POINT('',(5.856630235122,4.107245238851,3.437999998854
    ));
#1540 = CARTESIAN_POINT('',(4.676996558004,5.603501134403,3.497000002694
    ));
#1541 = CARTESIAN_POINT('',(3.077937975425,6.718883315086,3.555999996689
    ));
#1542 = CARTESIAN_POINT('',(1.199822122247,7.324016385468,3.615000003139
    ));
#1543 = CARTESIAN_POINT('',(-0.773206392148,7.349778709059,
    3.673999998437));
#1544 = CARTESIAN_POINT('',(-2.644573268301,6.802922458601,
    3.733000000584));
#1545 = CARTESIAN_POINT('',(-4.239967330609,5.761272273491,
    3.792000000159));
#1546 = CARTESIAN_POINT('',(-5.431978222231,4.354152168527,
    3.851000000041));
#1547 = CARTESIAN_POINT('',(-6.871078394617,1.119513380789,3.96900000023
    ));
#1548 = CARTESIAN_POINT('',(-7.118167595518,-0.708005124263,
    4.027999999544));
#1549 = CARTESIAN_POINT('',(-6.823713737533,-2.590454123445,
    4.087000001381));
#1550 = CARTESIAN_POINT('',(-5.976963073907,-4.346608752533,
    4.145999998492));
#1551 = CARTESIAN_POINT('',(-4.63681633017,-5.794887694949,
    4.205000001337));
#1552 = CARTESIAN_POINT('',(-2.929871431283,-6.784758554604,
    4.263999999736));
#1553 = CARTESIAN_POINT('',(-1.030761797871,-7.225721544485,
    4.322999999936));
#1554 = CARTESIAN_POINT('',(0.870434006527,-7.100135619973,
    4.382000000358));
#1555 = CARTESIAN_POINT('',(2.599262228558,-6.458240037349,
    4.441000000021));
#1556 = CARTESIAN_POINT('',(4.019386322361,-5.401489401765,
    4.500000000125));
#1557 = CARTESIAN_POINT('',(6.574982083699,1.264369120126,3.319999999879
    ));
#1558 = CARTESIAN_POINT('',(6.242562464344,2.993020198034,3.378999999836
    ));
#1559 = CARTESIAN_POINT('',(5.405159151524,4.624562806692,3.437999999778
    ));
#1560 = CARTESIAN_POINT('',(4.094683437474,5.993038539802,3.497000000527
    ));
#1561 = CARTESIAN_POINT('',(2.405393477952,6.944472944193,3.555999998073
    ));
#1562 = CARTESIAN_POINT('',(0.488580874935,7.364201554134,3.615000002764
    ));
#1563 = CARTESIAN_POINT('',(-1.466881220013,7.201380545228,
    3.673999996795));
#1564 = CARTESIAN_POINT('',(-3.267058133788,6.481456204111,
    3.733000002027));
#1565 = CARTESIAN_POINT('',(-4.746836088791,5.298100958192,
    3.791999998919));
#1566 = CARTESIAN_POINT('',(-5.792441621932,3.791487317666,
    3.851000000057));
#1567 = CARTESIAN_POINT('',(-6.908195369694,0.452319310766,
    3.968999999754));
#1568 = CARTESIAN_POINT('',(-6.978343522257,-1.380234872149,
    4.02800000005));
#1569 = CARTESIAN_POINT('',(-6.507202031093,-3.215472763154,
    4.086999999808));
#1570 = CARTESIAN_POINT('',(-5.501423867534,-4.87298242732,
    4.145999999459));
#1571 = CARTESIAN_POINT('',(-4.036643534664,-6.178647482586,
    4.205000000845));
#1572 = CARTESIAN_POINT('',(-2.252542077572,-6.995546905668,
    4.263999998691));
#1573 = CARTESIAN_POINT('',(-0.330618497075,-7.250767873726,
    4.323000000719));
#1574 = CARTESIAN_POINT('',(1.539294053477,-6.944991032505,
    4.381999999503));
#1575 = CARTESIAN_POINT('',(3.189307693393,-6.144597013617,
    4.440999999932));
#1576 = CARTESIAN_POINT('',(4.494153284609,-4.963023768587,
    4.499999999877));
#1577 = CARTESIAN_POINT('',(6.3874429022,1.879037473133,3.319999999689)
  );
#1578 = CARTESIAN_POINT('',(5.893418719144,3.55838198197,3.378999999207)
  );
#1579 = CARTESIAN_POINT('',(4.908814576359,5.093409149487,3.438000000681
    ));
#1580 = CARTESIAN_POINT('',(3.481056568537,6.322893985533,3.496999998409
    ));
#1581 = CARTESIAN_POINT('',(1.718139835697,7.103424063176,3.55599999944)
  );
#1582 = CARTESIAN_POINT('',(-0.219238857967,7.335940531356,
    3.615000002372));
#1583 = CARTESIAN_POINT('',(-2.139274535243,6.988142986028,
    3.673999995226));
#1584 = CARTESIAN_POINT('',(-3.852433420426,6.10372836142,3.733000003412
    ));
#1585 = CARTESIAN_POINT('',(-5.204221142499,4.791175181468,
    3.791999997721));
#1586 = CARTESIAN_POINT('',(-6.095399569231,3.200089157619,
    3.851000000071));
#1587 = CARTESIAN_POINT('',(-6.881110946643,-0.211609703181,
    3.968999999292));
#1588 = CARTESIAN_POINT('',(-6.77564385344,-2.032222352699,
    4.028000000543));
#1589 = CARTESIAN_POINT('',(-6.13413574935,-3.803829881358,
    4.086999998277));
#1590 = CARTESIAN_POINT('',(-4.98039074622,-5.348490065505,
    4.146000000406));
#1591 = CARTESIAN_POINT('',(-3.405892105998,-6.501075915496,
    4.20500000036));
#1592 = CARTESIAN_POINT('',(-1.561968313699,-7.139390237679,
    4.263999997684));
#1593 = CARTESIAN_POINT('',(0.364768511761,-7.208584262962,
    4.323000001476));
#1594 = CARTESIAN_POINT('',(2.186480730696,-6.727449690727,
    4.381999998675));
#1595 = CARTESIAN_POINT('',(3.743323309325,-5.777715562966,
    4.440999999846));
#1596 = CARTESIAN_POINT('',(4.922127759747,-4.483622081672,
    4.499999999637));
#1597 = CARTESIAN_POINT('',(6.142932708134,2.469480600687,3.319999999506
    ));
#1598 = CARTESIAN_POINT('',(5.493673098442,4.084540096248,3.378999998601
    ));
#1599 = CARTESIAN_POINT('',(4.372612853544,5.509933969005,3.438000001554
    ));
#1600 = CARTESIAN_POINT('',(2.842081427034,6.590608648964,3.496999996362
    ));
#1601 = CARTESIAN_POINT('',(1.022659265019,7.194922073569,3.556000000777
    ));
#1602 = CARTESIAN_POINT('',(-0.917142407225,7.240163017759,
    3.615000001968));
#1603 = CARTESIAN_POINT('',(-2.784392980478,6.712666486635,
    3.673999993742));
#1604 = CARTESIAN_POINT('',(-4.395663042436,5.673772607609,3.73300000473
    ));
#1605 = CARTESIAN_POINT('',(-5.608387796103,4.245597937666,
    3.791999996575));
#1606 = CARTESIAN_POINT('',(-6.338620037943,2.585692928723,
    3.851000000085));
#1607 = CARTESIAN_POINT('',(-6.790702482131,-0.866182259908,
    3.968999998848));
#1608 = CARTESIAN_POINT('',(-6.512552658965,-2.658152249968,
    4.028000001017));
#1609 = CARTESIAN_POINT('',(-5.708508440426,-4.350457511589,
    4.086999996803));
#1610 = CARTESIAN_POINT('',(-4.419113817168,-5.76924334174,
    4.146000001323));
#1611 = CARTESIAN_POINT('',(-2.750678271567,-6.759798791905,
    4.204999999885));
#1612 = CARTESIAN_POINT('',(-0.864648659392,-7.215616285091,
    4.263999996723));
#1613 = CARTESIAN_POINT('',(1.049032271831,-7.100216930021,
    4.323000002201));
#1614 = CARTESIAN_POINT('',(2.806236988181,-6.450127866423,4.38199999788
    ));
#1615 = CARTESIAN_POINT('',(4.256551661831,-5.361499776799,
    4.440999999764));
#1616 = CARTESIAN_POINT('',(5.299819995118,-3.968105935254,
    4.499999999406));
#1617 = CARTESIAN_POINT('',(5.844384752508,3.030465779089,3.319999999333
    ));
#1618 = CARTESIAN_POINT('',(5.047634606569,4.567033008248,3.378999998025
    ));
#1619 = CARTESIAN_POINT('',(3.802013455789,5.870848816806,3.438000002389
    ));
#1620 = CARTESIAN_POINT('',(2.184010589787,6.794395023201,3.496999994403
    ));
#1621 = CARTESIAN_POINT('',(0.325535813097,7.218884611178,3.556000002073
    ));
#1622 = CARTESIAN_POINT('',(-1.598730617779,7.078534956866,
    3.615000001553));
#1623 = CARTESIAN_POINT('',(-3.396528501804,6.378233512843,
    3.673999992359));
#1624 = CARTESIAN_POINT('',(-4.892159810022,5.196198453233,
    3.733000005967));
#1625 = CARTESIAN_POINT('',(-5.956173180353,3.666902398892,
    3.791999995493));
#1626 = CARTESIAN_POINT('',(-6.520516605,1.954294967651,3.851000000097)
  );
#1627 = CARTESIAN_POINT('',(-6.638537868833,-1.505397150854,
    3.968999998427));
#1628 = CARTESIAN_POINT('',(-6.192215700897,-3.252481648079,
    4.02800000147));
#1629 = CARTESIAN_POINT('',(-5.234893033345,-4.850731995344,
    4.086999995397));
#1630 = CARTESIAN_POINT('',(-3.823290967446,-6.131942173593,
    4.146000002205));
#1631 = CARTESIAN_POINT('',(-2.07739600976,-6.953130409088,
    4.204999999422));
#1632 = CARTESIAN_POINT('',(-0.167167384846,-7.224287073444,
    4.263999995821));
#1633 = CARTESIAN_POINT('',(1.715914714494,-6.927434058909,
    4.323000002884));
#1634 = CARTESIAN_POINT('',(3.393093221177,-6.116297127909,
    4.381999997127));
#1635 = CARTESIAN_POINT('',(4.724669985363,-4.900397855835,
    4.440999999686));
#1636 = CARTESIAN_POINT('',(5.624280589707,-3.421698967184,
    4.499999999187));
#1637 = CARTESIAN_POINT('',(5.495175479573,3.557102782212,3.319999999171
    ));
#1638 = CARTESIAN_POINT('',(4.559965393893,5.001858204374,3.378999997483
    ));
#1639 = CARTESIAN_POINT('',(3.202704915702,6.173414479801,3.438000003179
    ));
#1640 = CARTESIAN_POINT('',(1.513176213208,6.933067561226,3.496999992549
    ));
#1641 = CARTESIAN_POINT('',(-0.36672892027,7.175838564989,3.556000003314
    ));
#1642 = CARTESIAN_POINT('',(-2.257845733127,6.853290555212,
    3.615000001136));
#1643 = CARTESIAN_POINT('',(-3.970354299072,5.988608850446,
    3.673999991085));
#1644 = CARTESIAN_POINT('',(-5.33782502697,4.675976050798,3.733000007114
    ));
#1645 = CARTESIAN_POINT('',(-6.244968750861,3.060838190152,
    3.791999994482));
#1646 = CARTESIAN_POINT('',(-6.640078389556,1.311956122614,
    3.851000000108));
#1647 = CARTESIAN_POINT('',(-6.426717847746,-2.123480066675,
    3.968999998033));
#1648 = CARTESIAN_POINT('',(-5.818247678359,-3.810033999742,
    4.028000001896));
#1649 = CARTESIAN_POINT('',(-4.718226967815,-5.300515287713,
    4.086999994072));
#1650 = CARTESIAN_POINT('',(-3.198846957613,-6.433857893924,
    4.146000003043));
#1651 = CARTESIAN_POINT('',(-1.392507541497,-7.079998692118,
    4.204999998975));
#1652 = CARTESIAN_POINT('',(0.523987026537,-7.166071927137,
    4.263999994983));
#1653 = CARTESIAN_POINT('',(2.359406683234,-6.692557666961,
    4.323000003521));
#1654 = CARTESIAN_POINT('',(3.941956810714,-5.729689488529,
    4.381999996422));
#1655 = CARTESIAN_POINT('',(5.143825492064,-4.399196425907,
    4.440999999613));
#1656 = CARTESIAN_POINT('',(5.893082957883,-2.849825785242,
    4.499999998981));
#1657 = CARTESIAN_POINT('',(5.099126849405,4.044874947874,3.319999999022
    ));
#1658 = CARTESIAN_POINT('',(4.035674911624,5.385503867068,3.37899999698)
  );
#1659 = CARTESIAN_POINT('',(2.580590634446,6.415470881891,3.438000003918
    ));
#1660 = CARTESIAN_POINT('',(0.835968101566,7.006068357484,3.496999990816
    ));
#1661 = CARTESIAN_POINT('',(-1.047744042841,7.06693933006,3.556000004492
    ));
#1662 = CARTESIAN_POINT('',(-2.888603872957,6.567243437643,
    3.615000000716));
#1663 = CARTESIAN_POINT('',(-4.500958951813,5.548041780605,
    3.673999989934));
#1664 = CARTESIAN_POINT('',(-5.729081573984,4.118429409577,3.73300000816
    ));
#1665 = CARTESIAN_POINT('',(-6.472749857728,2.433356518625,
    3.791999993552));
#1666 = CARTESIAN_POINT('',(-6.696894128862,0.664780353553,
    3.851000000118));
#1667 = CARTESIAN_POINT('',(-6.157886445773,-2.714914071109,
    3.968999997668));
#1668 = CARTESIAN_POINT('',(-5.394734520593,-4.326032145101,
    4.028000002293));
#1669 = CARTESIAN_POINT('',(-4.16380567204,-5.696188093556,4.08699999284
    ));
#1670 = CARTESIAN_POINT('',(-2.551918231877,-6.672863887143,
    4.14600000383));
#1671 = CARTESIAN_POINT('',(-0.702520494316,-7.13997084065,
    4.204999998551));
#1672 = CARTESIAN_POINT('',(1.202450553696,-7.042266098013,
    4.263999994217));
#1673 = CARTESIAN_POINT('',(2.973780094078,-6.398473912728,
    4.323000004107));
#1674 = CARTESIAN_POINT('',(4.448145186218,-5.294498944815,4.38199999577
    ));
#1675 = CARTESIAN_POINT('',(5.510666847681,-3.863013692044,
    4.440999999546));
#1676 = CARTESIAN_POINT('',(6.104351086743,-2.258097823438,
    4.499999998791));
#1677 = CARTESIAN_POINT('',(4.660455134709,4.489680565828,3.319999998886
    ));
#1678 = CARTESIAN_POINT('',(3.48005782717,5.714976800795,3.378999996519)
  );
#1679 = CARTESIAN_POINT('',(1.941719848241,6.595448369185,3.438000004599
    ));
#1680 = CARTESIAN_POINT('',(0.158762701913,7.013459906001,3.496999989218
    ));
#1681 = CARTESIAN_POINT('',(-1.711296810095,6.893944837007,
    3.556000005596));
#1682 = CARTESIAN_POINT('',(-3.485453469857,6.223743610926,
    3.615000000298));
#1683 = CARTESIAN_POINT('',(-4.983891229817,5.06120938191,3.673999988915
    ));
#1684 = CARTESIAN_POINT('',(-6.062901891719,3.529170736526,
    3.733000009097));
#1685 = CARTESIAN_POINT('',(-6.638085450762,1.790540900356,
    3.791999992711));
#1686 = CARTESIAN_POINT('',(-6.691143930305,1.884715746926E-02,
    3.851000000126));
#1687 = CARTESIAN_POINT('',(-5.835190559065,-3.274494381057,
    3.968999997336));
#1688 = CARTESIAN_POINT('',(-4.926178754768,-4.796141995869,
    4.028000002657));
#1689 = CARTESIAN_POINT('',(-3.577217127978,-6.034678371193,
    4.086999991711));
#1690 = CARTESIAN_POINT('',(-1.888781407296,-6.847446022179,
    4.146000004557));
#1691 = CARTESIAN_POINT('',(-1.391587066396E-02,-7.133244473668,
    4.204999998153));
#1692 = CARTESIAN_POINT('',(1.862050492397,-6.854763322319,
    4.263999993527));
#1693 = CARTESIAN_POINT('',(3.553644518032,-6.04858959203,4.323000004637
    ));
#1694 = CARTESIAN_POINT('',(4.907428250181,-4.81532586058,4.381999995176
    ));
#1695 = CARTESIAN_POINT('',(5.822370116425,-3.297236500184,
    4.440999999485));
#1696 = CARTESIAN_POINT('',(6.256768326064,-1.652248092734,
    4.499999998618));
#1697 = CARTESIAN_POINT('',(4.18372949484,4.887866843635,3.319999998765)
  );
#1698 = CARTESIAN_POINT('',(2.898643668066,5.987825506463,3.378999996106
    ));
#1699 = CARTESIAN_POINT('',(1.292231523875,6.712377284271,3.438000005216
    ));
#1700 = CARTESIAN_POINT('',(-0.512134709793,6.955919611385,3.49699998777
    ));
#1701 = CARTESIAN_POINT('',(-2.351407644935,6.659194804415,
    3.556000006615));
#1702 = CARTESIAN_POINT('',(-4.043223060354,5.826642779422,
    3.614999999888));
#1703 = CARTESIAN_POINT('',(-5.415196874991,4.533170653098,
    3.673999988033));
#1704 = CARTESIAN_POINT('',(-6.33683112193,2.914047172219,3.733000009919
    ));
#1705 = CARTESIAN_POINT('',(-6.740146369547,1.138550851704,
    3.791999991966));
#1706 = CARTESIAN_POINT('',(-6.623592944381,-0.619843460031,
    3.851000000133));
#1707 = CARTESIAN_POINT('',(-5.462247379485,-3.797373167568,
    3.968999997039));
#1708 = CARTESIAN_POINT('',(-4.417455303046,-5.216508388932,
    4.028000002984));
#1709 = CARTESIAN_POINT('',(-2.964288792774,-6.31348489589,
    4.086999990695));
#1710 = CARTESIAN_POINT('',(-1.215795148814,-6.956711547422,
    4.146000005221));
#1711 = CARTESIAN_POINT('',(0.666910610441,-7.060640833605,
    4.204999997782));
#1712 = CARTESIAN_POINT('',(2.496860006764,-6.606033871683,
    4.263999992921));
#1713 = CARTESIAN_POINT('',(4.093993466063,-5.646797062689,
    4.323000005107));
#1714 = CARTESIAN_POINT('',(5.316063212593,-4.297131956464,
    4.381999994647));
#1715 = CARTESIAN_POINT('',(6.076660228328,-2.707469275288,
    4.440999999431));
#1716 = CARTESIAN_POINT('',(6.349584910813,-1.038078141386,
    4.499999998463));
#1717 = CARTESIAN_POINT('',(3.673824631103,5.236257381264,3.31999999866)
  );
#1718 = CARTESIAN_POINT('',(2.29714225384,6.202155208471,3.378999995743)
  );
#1719 = CARTESIAN_POINT('',(0.63829620339,6.765888435548,3.438000005764)
  );
#1720 = CARTESIAN_POINT('',(-1.170547441444,6.834724785322,
    3.496999986483));
#1721 = CARTESIAN_POINT('',(-2.962382233534,6.365580802877,
    3.556000007542));
#1722 = CARTESIAN_POINT('',(-4.557163807688,5.38025153618,3.614999999488
    ));
#1723 = CARTESIAN_POINT('',(-5.791448187242,3.969314217608,
    3.673999987297));
#1724 = CARTESIAN_POINT('',(-6.549001725624,2.279083278771,
    3.733000010617));
#1725 = CARTESIAN_POINT('',(-6.778704484102,0.483563738468,
    3.791999991321));
#1726 = CARTESIAN_POINT('',(-6.495575972031,-1.24542545087,
    3.851000000138));
#1727 = CARTESIAN_POINT('',(-5.043104204285,-4.279099408443,
    3.96899999678));
#1728 = CARTESIAN_POINT('',(-3.873761027921,-5.583784010178,
    4.028000003273));
#1729 = CARTESIAN_POINT('',(-2.331030204593,-6.530692334378,
    4.086999989799));
#1730 = CARTESIAN_POINT('',(-0.539340087331,-7.000388543983,
    4.146000005815));
#1731 = CARTESIAN_POINT('',(1.333706563907,-6.923588326435,
    4.204999997443));
#1732 = CARTESIAN_POINT('',(3.101249556193,-6.299093482017,
    4.263999992403));
#1733 = CARTESIAN_POINT('',(4.590245328824,-5.197431287946,
    4.323000005512));
#1734 = CARTESIAN_POINT('',(5.670822354596,-3.745189207668,
    4.381999994186));
#1735 = CARTESIAN_POINT('',(6.271824269792,-2.099479004493,
    4.440999999384));
#1736 = CARTESIAN_POINT('',(6.38261686295,-0.421403326828,4.499999998328
    ));
#1737 = CARTESIAN_POINT('',(3.135870239409,5.532185236372,3.319999998571
    ));
#1738 = CARTESIAN_POINT('',(1.681384455353,6.356647630412,3.378999995433
    ));
#1739 = CARTESIAN_POINT('',(-1.394804765482E-02,6.756217043817,
    3.43800000624));
#1740 = CARTESIAN_POINT('',(-1.810491530746,6.651739500342,
    3.496999985368));
#1741 = CARTESIAN_POINT('',(-3.538870693362,6.01651634169,3.556000008369
    ));
#1742 = CARTESIAN_POINT('',(-5.022998880696,4.889294700815,
    3.614999999103));
#1743 = CARTESIAN_POINT('',(-6.109779708091,3.375302445659,
    3.673999986711));
#1744 = CARTESIAN_POINT('',(-6.698152981814,1.630418531216,
    3.733000011188));
#1745 = CARTESIAN_POINT('',(-6.754135177188,-0.168289349283,
    3.791999990782));
#1746 = CARTESIAN_POINT('',(-6.308983715862,-1.852227646617,
    3.851000000142));
#1747 = CARTESIAN_POINT('',(-4.582196501842,-4.715665170556,
    3.968999996561));
#1748 = CARTESIAN_POINT('',(-3.30056084355,-5.895164240047,
    4.028000003521));
#1749 = CARTESIAN_POINT('',(-1.68357063087,-6.684991239498,
    4.086999989032));
#1750 = CARTESIAN_POINT('',(0.134247414854,-6.978828866343,
    4.146000006333));
#1751 = CARTESIAN_POINT('',(1.980427873111,-6.724107808275,
    4.204999997141));
#1752 = CARTESIAN_POINT('',(3.669945393245,-5.937472150023,
    4.263999991975));
#1753 = CARTESIAN_POINT('',(5.038291019935,-4.705224918252,
    4.323000005852));
#1754 = CARTESIAN_POINT('',(5.969026633864,-3.165025173311,
    4.381999993796));
#1755 = CARTESIAN_POINT('',(6.406729372375,-1.479135399615,
    4.440999999345));
#1756 = CARTESIAN_POINT('',(6.356248008689,0.192007552189,4.499999998214
    ));
#1757 = CARTESIAN_POINT('',(2.575204756963,5.773481366778,3.319999998499
    ));
#1758 = CARTESIAN_POINT('',(1.057278980127,6.450537276931,3.378999995178
    ));
#1759 = CARTESIAN_POINT('',(-0.658432263803,6.684167751185,
    3.438000006639));
#1760 = CARTESIAN_POINT('',(-2.426202517055,6.409370380922,
    3.496999984432));
#1761 = CARTESIAN_POINT('',(-4.075881962809,5.615886555185,3.55600000909
    ));
#1762 = CARTESIAN_POINT('',(-5.436924051246,4.358858770305,
    3.614999998733));
#1763 = CARTESIAN_POINT('',(-6.367874978651,2.75702082644,3.673999986281
    ));
#1764 = CARTESIAN_POINT('',(-6.783605227705,0.974262511376,
    3.733000011627));
#1765 = CARTESIAN_POINT('',(-6.667381525685,-0.810959411911,
    3.791999990353));
#1766 = CARTESIAN_POINT('',(-6.066220115886,-2.434798452999,
    3.851000000144));
#1767 = CARTESIAN_POINT('',(-4.084298618759,-5.10350612757,
    3.968999996383));
#1768 = CARTESIAN_POINT('',(-2.703538639867,-6.148374614673,
    4.028000003727));
#1769 = CARTESIAN_POINT('',(-1.028114058958,-6.775652647089,
    4.086999988395));
#1770 = CARTESIAN_POINT('',(0.798712475042,-6.892971347441,
    4.146000006776));
#1771 = CARTESIAN_POINT('',(2.601264976593,-6.464767079486,
    4.204999996871));
#1772 = CARTESIAN_POINT('',(4.198042846552,-5.525163516103,
    4.263999991646));
#1773 = CARTESIAN_POINT('',(5.434493494647,-4.175256610252,
    4.323000006119));
#1774 = CARTESIAN_POINT('',(6.208532027877,-2.562374219802,
    4.381999993482));
#1775 = CARTESIAN_POINT('',(6.480797637346,-0.852368455658,
    4.440999999313));
#1776 = CARTESIAN_POINT('',(6.271396087286,0.796465786635,4.499999998121
    ));
#1777 = CARTESIAN_POINT('',(1.997303954755,5.958604579203,3.319999998445
    ));
#1778 = CARTESIAN_POINT('',(0.43070679956,6.48372260847,3.37899999498));
#1779 = CARTESIAN_POINT('',(-1.289290833377,6.55119704126,3.438000006958
    ));
#1780 = CARTESIAN_POINT('',(-3.01228961154,6.110612090896,3.496999983681
    ));
#1781 = CARTESIAN_POINT('',(-4.568946520395,5.168051613769,
    3.556000009699));
#1782 = CARTESIAN_POINT('',(-5.795766208682,3.794352078861,
    3.614999998385));
#1783 = CARTESIAN_POINT('',(-6.564108309945,2.120498028427,
    3.673999986008));
#1784 = CARTESIAN_POINT('',(-6.805374202047,0.316781933769,
    3.733000011932));
#1785 = CARTESIAN_POINT('',(-6.520033632262,-1.438615641721,
    3.791999990037));
#1786 = CARTESIAN_POINT('',(-5.770242813265,-2.988053728631,
    3.851000000144));
#1787 = CARTESIAN_POINT('',(-3.554486280121,-5.439650217959,
    3.968999996247));
#1788 = CARTESIAN_POINT('',(-2.088520687271,-6.341808485961,
    4.028000003887));
#1789 = CARTESIAN_POINT('',(-0.370827133854,-6.802643313099,
    4.086999987898));
#1790 = CARTESIAN_POINT('',(1.448021834226,-6.744424556211,
    4.146000007134));
#1791 = CARTESIAN_POINT('',(3.190800554468,-6.148723885377,
    4.204999996644));
#1792 = CARTESIAN_POINT('',(4.681169075708,-5.066624706575,4.26399999141
    ));
#1793 = CARTESIAN_POINT('',(5.775842798437,-3.612908630144,
    4.323000006317));
#1794 = CARTESIAN_POINT('',(6.387865408263,-1.943097800685,
    4.381999993243));
#1795 = CARTESIAN_POINT('',(6.494113909621,-0.225059408565,4.44099999929
    ));
#1796 = CARTESIAN_POINT('',(6.129586741817,1.386491252618,4.49999999805)
  );
#1797 = CARTESIAN_POINT('',(1.407796793759,6.086223542544,3.319999998408
    ));
#1798 = CARTESIAN_POINT('',(-0.19235310055,6.456352223351,3.378999994841
    ));
#1799 = CARTESIAN_POINT('',(-1.900627071455,6.359035693015,
    3.438000007196));
#1800 = CARTESIAN_POINT('',(-3.563404361821,5.758737762012,
    3.496999983123));
#1801 = CARTESIAN_POINT('',(-5.013710309515,4.677632466505,3.55600001019
    ));
#1802 = CARTESIAN_POINT('',(-6.09653322573,3.201404936412,3.614999998061
    ));
#1803 = CARTESIAN_POINT('',(-6.697086198051,1.471928333336,
    3.673999985891));
#1804 = CARTESIAN_POINT('',(-6.763739881604,-0.335758942083,
    3.733000012101));
#1805 = CARTESIAN_POINT('',(-6.313956533235,-2.045402432131,
    3.791999989835));
#1806 = CARTESIAN_POINT('',(-5.424274200314,-3.506954967743,
    3.851000000143));
#1807 = CARTESIAN_POINT('',(-2.998043282586,-5.721295327251,
    3.968999996155));
#1808 = CARTESIAN_POINT('',(-1.461494830651,-6.474083029805,
    4.028000004003));
#1809 = CARTESIAN_POINT('',(0.282023858677,-6.766193448349,
    4.086999987541));
#1810 = CARTESIAN_POINT('',(2.07611500053,-6.535080955973,4.14600000741)
  );
#1811 = CARTESIAN_POINT('',(3.743666181994,-5.779418172352,
    4.204999996454));
#1812 = CARTESIAN_POINT('',(5.115072395582,-4.566571031903,
    4.263999991275));
#1813 = CARTESIAN_POINT('',(6.059511442849,-3.023777820195,
    4.323000006441));
#1814 = CARTESIAN_POINT('',(6.505781103379,-1.313213788598,
    4.381999993083));
#1815 = CARTESIAN_POINT('',(6.447016151915,0.396820465935,4.440999999274
    ));
#1816 = CARTESIAN_POINT('',(5.932604510117,1.956581853369,4.499999998002
    ));
#1817 = CARTESIAN_POINT('',(0.812154849992,6.156800912275,3.31999999839)
  );
#1818 = CARTESIAN_POINT('',(-0.806550782524,6.370327327854,
    3.378999994759));
#1819 = CARTESIAN_POINT('',(-2.4876329166,6.11098792975,3.438000007352)
  );
#1820 = CARTESIAN_POINT('',(-4.075689144832,5.358280993568,
    3.496999982756));
#1821 = CARTESIAN_POINT('',(-5.407611148373,4.150084723169,
    3.556000010564));
#1822 = CARTESIAN_POINT('',(-6.33818989279,2.58598100121,3.614999997763)
  );
#1823 = CARTESIAN_POINT('',(-6.767382296443,0.817311689105,3.67399998593
    ));
#1824 = CARTESIAN_POINT('',(-6.660806309426,-0.977791653093,
    3.733000012136));
#1825 = CARTESIAN_POINT('',(-6.052563429139,-2.626588461076,
    3.791999989747));
#1826 = CARTESIAN_POINT('',(-5.032710494575,-3.987909164655,
    3.85100000014));
#1827 = CARTESIAN_POINT('',(-2.420564522136,-5.947475247672,
    3.968999996106));
#1828 = CARTESIAN_POINT('',(-0.828271627353,-6.545720519805,
    4.028000004073));
#1829 = CARTESIAN_POINT('',(0.924853918767,-6.668362799122,
    4.086999987326));
#1830 = CARTESIAN_POINT('',(2.678083923855,-6.268439046093,
    4.146000007599));
#1831 = CARTESIAN_POINT('',(4.256035522099,-5.361539932228,4.20499999631
    ));
#1832 = CARTESIAN_POINT('',(5.49731086683,-4.030512971724,4.263999991232
    ));
#1833 = CARTESIAN_POINT('',(6.284602853159,-2.413748985587,
    4.323000006495));
#1834 = CARTESIAN_POINT('',(6.562933991984,-0.678519293182,
    4.381999992999));
#1835 = CARTESIAN_POINT('',(6.34157412412,1.007984154274,4.440999999267)
  );
#1836 = CARTESIAN_POINT('',(5.683685488717,2.50230138855,4.499999997976)
  );
#1837 = CARTESIAN_POINT('',(0.216588043278,6.166747089323,3.31999999839)
  );
#1838 = CARTESIAN_POINT('',(-1.404732572739,6.223690994213,3.37899999474
    ));
#1839 = CARTESIAN_POINT('',(-3.042687886986,5.807005189822,
    3.438000007421));
#1840 = CARTESIAN_POINT('',(-4.541624222836,4.911220542711,
    3.496999982595));
#1841 = CARTESIAN_POINT('',(-5.743829320917,3.58934262773,3.55600001081)
  );
#1842 = CARTESIAN_POINT('',(-6.515173765779,1.953699194918,
    3.614999997496));
#1843 = CARTESIAN_POINT('',(-6.771131453526,0.163507206886,3.67399998613
    ));
#1844 = CARTESIAN_POINT('',(-6.494670792459,-1.601776856145,
    3.733000012031));
#1845 = CARTESIAN_POINT('',(-5.735979859972,-3.174554126122,
    3.791999989778));
#1846 = CARTESIAN_POINT('',(-4.597580789174,-4.423782779317,
    3.851000000136));
#1847 = CARTESIAN_POINT('',(-1.82732520061,-6.1129768364,3.968999996103)
  );
#1848 = CARTESIAN_POINT('',(-0.195468834625,-6.552942147877,
    4.028000004096));
#1849 = CARTESIAN_POINT('',(1.55013905426,-6.507188847271,4.086999987259
    ));
#1850 = CARTESIAN_POINT('',(3.246055893311,-5.944583832373,4.1460000077)
  );
#1851 = CARTESIAN_POINT('',(4.720305595552,-4.897258904978,
    4.204999996207));
#1852 = CARTESIAN_POINT('',(5.821152680144,-3.462533361595,
    4.263999991295));
#1853 = CARTESIAN_POINT('',(6.445762052395,-1.788460047661,
    4.323000006472));
#1854 = CARTESIAN_POINT('',(6.555697434025,-4.571667099898E-02,
    4.381999992999));
#1855 = CARTESIAN_POINT('',(6.17605853895,1.601219570899,4.440999999268)
  );
#1856 = CARTESIAN_POINT('',(5.382985755798,3.016478807657,4.499999997974
    ));
#1857 = CARTESIAN_POINT('',(-0.250902585147,6.13775891725,3.319999998402
    ));
#1858 = CARTESIAN_POINT('',(-1.864601821476,6.071793258517,
    3.378999994762));
#1859 = CARTESIAN_POINT('',(-3.459030692451,5.534424299591,
    3.438000007422));
#1860 = CARTESIAN_POINT('',(-4.879267034347,4.53198276457,3.496999982591
    ));
#1861 = CARTESIAN_POINT('',(-5.972763004616,3.128999578587,
    3.556000010926));
#1862 = CARTESIAN_POINT('',(-6.614861963014,1.447109890431,
    3.614999997304));
#1863 = CARTESIAN_POINT('',(-6.733688269142,-0.34925429944,
    3.673999986385));
#1864 = CARTESIAN_POINT('',(-6.325893523705,-2.080669531052,
    3.733000011863));
#1865 = CARTESIAN_POINT('',(-5.453958807546,-3.584561198474,
    3.791999989875));
#1866 = CARTESIAN_POINT('',(-4.229552498123,-4.73859673235,
    3.851000000132));
#1867 = CARTESIAN_POINT('',(-1.352051255776,-6.206075307908,
    3.968999996128));
#1868 = CARTESIAN_POINT('',(0.301043519474,-6.519518269391,
    4.028000004085));
#1869 = CARTESIAN_POINT('',(2.030357222244,-6.342220754773,
    4.086999987298));
#1870 = CARTESIAN_POINT('',(3.671297160451,-5.65562670858,4.146000007723
    ));
#1871 = CARTESIAN_POINT('',(5.055579549333,-4.504624423943,
    4.204999996154));
#1872 = CARTESIAN_POINT('',(6.039937272259,-2.997281110724,
    4.263999991405));
#1873 = CARTESIAN_POINT('',(6.533476897132,-1.288329998179,
    4.323000006408));
#1874 = CARTESIAN_POINT('',(6.510939515272,0.449902539834,4.381999993048
    ));
#1875 = CARTESIAN_POINT('',(6.009666506634,2.056045185409,4.440999999275
    ));
#1876 = CARTESIAN_POINT('',(5.115503279208,3.400979687373,4.499999997986
    ));
#1877 = CARTESIAN_POINT('',(-0.515655114546,6.091319446609,
    3.319999998418));
#1878 = CARTESIAN_POINT('',(-2.117144790459,5.955746792831,
    3.378999994805));
#1879 = CARTESIAN_POINT('',(-3.67903009726,5.352337571286,3.438000007379
    ));
#1880 = CARTESIAN_POINT('',(-5.047560943945,4.29410509416,3.496999982691
    ));
#1881 = CARTESIAN_POINT('',(-6.07387205711,2.851822730017,3.556000010927
    ));
#1882 = CARTESIAN_POINT('',(-6.639304502713,1.15182755984,3.614999997211
    ));
#1883 = CARTESIAN_POINT('',(-6.679530754169,-0.639283624598,
    3.67399998661));
#1884 = CARTESIAN_POINT('',(-6.199003740646,-2.342981576223,
    3.733000011699));
#1885 = CARTESIAN_POINT('',(-5.266893740733,-3.800343439453,
    3.791999989989));
#1886 = CARTESIAN_POINT('',(-3.999528004915,-4.894588610034,
    3.851000000128));
#1887 = CARTESIAN_POINT('',(-1.075049460716,-6.22876316615,
    3.968999996165));
#1888 = CARTESIAN_POINT('',(0.582063187413,-6.468692478822,
    4.028000004054));
#1889 = CARTESIAN_POINT('',(2.293668879901,-6.217418523277,
    4.086999987394));
#1890 = CARTESIAN_POINT('',(3.895323634679,-5.463631435708,
    4.146000007691));
#1891 = CARTESIAN_POINT('',(5.221665460347,-4.259258243374,
    4.204999996147));
#1892 = CARTESIAN_POINT('',(6.134944293913,-2.717953862137,
    4.263999991517));
#1893 = CARTESIAN_POINT('',(6.551504337694,-0.997497335941,
    4.323000006335));
#1894 = CARTESIAN_POINT('',(6.453707129656,0.729687758878,4.381999993116
    ));
#1895 = CARTESIAN_POINT('',(5.885676698511,2.304784528616,4.440999999283
    ));
#1896 = CARTESIAN_POINT('',(4.93836123089,3.603146007452,4.499999998005)
  );
#1897 = CARTESIAN_POINT('',(-0.779360412046,6.05016077589,3.319999998433
    ));
#1898 = CARTESIAN_POINT('',(-2.370028920752,5.845256458394,
    3.378999994843));
#1899 = CARTESIAN_POINT('',(-3.900839487917,5.175676719961,
    3.438000007344));
#1900 = CARTESIAN_POINT('',(-5.219080803923,4.061091025922,
    3.496999982773));
#1901 = CARTESIAN_POINT('',(-6.179426938872,2.578538826583,
    3.556000010941));
#1902 = CARTESIAN_POINT('',(-6.669085470069,0.859137155351,
    3.614999997115));
#1903 = CARTESIAN_POINT('',(-6.631181965688,-0.928227078568,
    3.673999986821));
#1904 = CARTESIAN_POINT('',(-6.077930968247,-2.605766663597,
    3.733000011546));
#1905 = CARTESIAN_POINT('',(-5.085211785961,-4.018059147401,
    3.791999990093));
#1906 = CARTESIAN_POINT('',(-3.774080548558,-5.053748723691,
    3.851000000125));
#1907 = CARTESIAN_POINT('',(-0.800474618849,-6.256460703393,
    3.968999996198));
#1908 = CARTESIAN_POINT('',(0.861999910509,-6.423483041185,
    4.028000004028));
#1909 = CARTESIAN_POINT('',(2.557407360233,-6.098436876314,
    4.086999987477));
#1910 = CARTESIAN_POINT('',(4.121316040787,-5.277208911853,
    4.146000007667));
#1911 = CARTESIAN_POINT('',(5.391133157346,-4.018768579417,
    4.204999996136));
#1912 = CARTESIAN_POINT('',(6.234481437437,-2.442421137975,
    4.263999991621));
#1913 = CARTESIAN_POINT('',(6.574833488565,-0.709104601923,
    4.323000006268));
#1914 = CARTESIAN_POINT('',(6.402114370966,1.00851862059,4.381999993177)
  );
#1915 = CARTESIAN_POINT('',(5.767229422681,2.554040903065,4.44099999929)
  );
#1916 = CARTESIAN_POINT('',(4.766276220403,3.807158921923,4.499999998022
    ));
#1917 = DEFINITIONAL_REPRESENTATION('',(#1918),#1922);
#1918 = LINE('',#1919,#1920);
#1919 = CARTESIAN_POINT('',(0.,5.266537116163));
#1920 = VECTOR('',#1921,1.);
#1921 = DIRECTION('',(1.,0.));
#1922 = ( GEOMETRIC_REPRESENTATION_CONTEXT(2) 
PARAMETRIC_REPRESENTATION_CONTEXT() REPRESENTATION_CONTEXT('2D SPACE',''
  ) );
#1923 = FACE_BOUND('',#1924,.T.);
#1924 = EDGE_LOOP('',(#1925));
#1925 = ORIENTED_EDGE('',*,*,#315,.T.);
#1926 = ADVANCED_FACE('',(#1927),#373,.F.);
#1927 = FACE_BOUND('',#1928,.F.);
#1928 = EDGE_LOOP('',(#1929,#1962,#1983,#1984));
#1929 = ORIENTED_EDGE('',*,*,#1930,.F.);
#1930 = EDGE_CURVE('',#1931,#1931,#1933,.T.);
#1931 = VERTEX_POINT('',#1932);
#1932 = CARTESIAN_POINT('',(11.875,0.,0.));
#1933 = SURFACE_CURVE('',#1934,(#1939,#1946),.PCURVE_S1.);
#1934 = CIRCLE('',#1935,11.875);
#1935 = AXIS2_PLACEMENT_3D('',#1936,#1937,#1938);
#1936 = CARTESIAN_POINT('',(0.,0.,0.));
#1937 = DIRECTION('',(0.,0.,-1.));
#1938 = DIRECTION('',(1.,0.,0.));
#1939 = PCURVE('',#373,#1940);
#1940 = DEFINITIONAL_REPRESENTATION('',(#1941),#1945);
#1941 = LINE('',#1942,#1943);
#1942 = CARTESIAN_POINT('',(0.,-8.));
#1943 = VECTOR('',#1944,1.);
#1944 = DIRECTION('',(1.,0.));
#1945 = ( GEOMETRIC_REPRESENTATION_CONTEXT(2) 
PARAMETRIC_REPRESENTATION_CONTEXT() REPRESENTATION_CONTEXT('2D SPACE',''
  ) );
#1946 = PCURVE('',#1947,#1952);
#1947 = PLANE('',#1948);
#1948 = AXIS2_PLACEMENT_3D('',#1949,#1950,#1951);
#1949 = CARTESIAN_POINT('',(-6.909171195989E-16,-8.970782145352E-16,0.)
  );
#1950 = DIRECTION('',(0.,0.,1.));
#1951 = DIRECTION('',(1.,0.,0.));
#1952 = DEFINITIONAL_REPRESENTATION('',(#1953),#1961);
#1953 = ( BOUNDED_CURVE() B_SPLINE_CURVE(2,(#1954,#1955,#1956,#1957,
#1958,#1959,#1960),.UNSPECIFIED.,.T.,.F.) B_SPLINE_CURVE_WITH_KNOTS((1,2
    ,2,2,2,1),(-2.094395102393,0.,2.094395102393,4.188790204786,
6.28318530718,8.377580409573),.UNSPECIFIED.) CURVE() 
GEOMETRIC_REPRESENTATION_ITEM() RATIONAL_B_SPLINE_CURVE((1.,0.5,1.,0.5,
1.,0.5,1.)) REPRESENTATION_ITEM('') );
#1954 = CARTESIAN_POINT('',(11.875,8.970782145352E-16));
#1955 = CARTESIAN_POINT('',(11.875,-20.56810333988));
#1956 = CARTESIAN_POINT('',(-5.9375,-10.28405166994));
#1957 = CARTESIAN_POINT('',(-23.75,-2.01145793344E-15));
#1958 = CARTESIAN_POINT('',(-5.9375,10.28405166994));
#1959 = CARTESIAN_POINT('',(11.875,20.56810333988));
#1960 = CARTESIAN_POINT('',(11.875,8.970782145352E-16));
#1961 = ( GEOMETRIC_REPRESENTATION_CONTEXT(2) 
PARAMETRIC_REPRESENTATION_CONTEXT() REPRESENTATION_CONTEXT('2D SPACE',''
  ) );
#1962 = ORIENTED_EDGE('',*,*,#1963,.T.);
#1963 = EDGE_CURVE('',#1931,#353,#1964,.T.);
#1964 = SEAM_CURVE('',#1965,(#1969,#1976),.PCURVE_S1.);
#1965 = LINE('',#1966,#1967);
#1966 = CARTESIAN_POINT('',(11.875,0.,-8.));
#1967 = VECTOR('',#1968,1.);
#1968 = DIRECTION('',(0.,0.,1.));
#1969 = PCURVE('',#373,#1970);
#1970 = DEFINITIONAL_REPRESENTATION('',(#1971),#1975);
#1971 = LINE('',#1972,#1973);
#1972 = CARTESIAN_POINT('',(6.28318530718,0.));
#1973 = VECTOR('',#1974,1.);
#1974 = DIRECTION('',(0.,-1.));
#1975 = ( GEOMETRIC_REPRESENTATION_CONTEXT(2) 
PARAMETRIC_REPRESENTATION_CONTEXT() REPRESENTATION_CONTEXT('2D SPACE',''
  ) );
#1976 = PCURVE('',#373,#1977);
#1977 = DEFINITIONAL_REPRESENTATION('',(#1978),#1982);
#1978 = LINE('',#1979,#1980);
#1979 = CARTESIAN_POINT('',(0.,0.));
#1980 = VECTOR('',#1981,1.);
#1981 = DIRECTION('',(0.,-1.));
#1982 = ( GEOMETRIC_REPRESENTATION_CONTEXT(2) 
PARAMETRIC_REPRESENTATION_CONTEXT() REPRESENTATION_CONTEXT('2D SPACE',''
  ) );
#1983 = ORIENTED_EDGE('',*,*,#352,.T.);
#1984 = ORIENTED_EDGE('',*,*,#1963,.F.);
#1985 = ADVANCED_FACE('',(#1986),#536,.T.);
#1986 = FACE_BOUND('',#1987,.T.);
#1987 = EDGE_LOOP('',(#1988,#2028,#2029,#2030));
#1988 = ORIENTED_EDGE('',*,*,#1989,.T.);
#1989 = EDGE_CURVE('',#1990,#389,#1992,.T.);
#1990 = VERTEX_POINT('',#1991);
#1991 = CARTESIAN_POINT('',(-0.586285191217,6.080295625335,
    3.319999998422));
#1992 = SEAM_CURVE('',#1993,(#2014,#2021),.PCURVE_S1.);
#1993 = B_SPLINE_CURVE_WITH_KNOTS('',10,(#1994,#1995,#1996,#1997,#1998,
    #1999,#2000,#2001,#2002,#2003,#2004,#2005,#2006,#2007,#2008,#2009,
    #2010,#2011,#2012,#2013),.UNSPECIFIED.,.F.,.F.,(11,9,11),(0.,
    2.633268558081,5.266537116163),.UNSPECIFIED.);
#1994 = CARTESIAN_POINT('',(-0.586285191217,6.080295625335,
    3.319999998422));
#1995 = CARTESIAN_POINT('',(-2.18487655649,5.926153375988,3.378999994815
    ));
#1996 = CARTESIAN_POINT('',(-3.738438893431,5.305021231447,3.43800000737
    ));
#1997 = CARTESIAN_POINT('',(-5.093500335287,4.231695269022,
    3.496999982713));
#1998 = CARTESIAN_POINT('',(-6.10214357635,2.778627146783,3.556000010931
    ));
#1999 = CARTESIAN_POINT('',(-6.647280952286,1.073434194572,
    3.614999997185));
#2000 = CARTESIAN_POINT('',(-6.666581152209,-0.716673417298,
    3.673999986666));
#2001 = CARTESIAN_POINT('',(-6.166575953725,-2.413365186432,
    3.733000011658));
#2002 = CARTESIAN_POINT('',(-5.218232562831,-3.858655795293,
    3.791999990017));
#2003 = CARTESIAN_POINT('',(-3.939144799577,-4.937217602084,
    3.851000000128));
#2004 = CARTESIAN_POINT('',(-1.001508116204,-6.236181595729,
    3.968999996174));
#2005 = CARTESIAN_POINT('',(0.657040642939,-6.456583711661,
    4.028000004047));
#2006 = CARTESIAN_POINT('',(2.364307844167,-6.185550817444,
    4.086999987417));
#2007 = CARTESIAN_POINT('',(3.955852797808,-5.41370055727,4.146000007685
    ));
#2008 = CARTESIAN_POINT('',(5.267055206195,-4.194846175945,
    4.204999996144));
#2009 = CARTESIAN_POINT('',(6.161604039263,-2.644155961157,
    4.263999991545));
#2010 = CARTESIAN_POINT('',(6.557752751095,-0.920255046506,
    4.323000006317));
#2011 = CARTESIAN_POINT('',(6.439888671944,0.804369023637,4.381999993132
    ));
#2012 = CARTESIAN_POINT('',(5.853952117122,2.371544646842,4.440999999285
    ));
#2013 = CARTESIAN_POINT('',(4.892270471243,3.657788246071,4.49999999801)
  );
#2014 = PCURVE('',#536,#2015);
#2015 = DEFINITIONAL_REPRESENTATION('',(#2016),#2020);
#2016 = LINE('',#2017,#2018);
#2017 = CARTESIAN_POINT('',(40.422258152942,0.));
#2018 = VECTOR('',#2019,1.);
#2019 = DIRECTION('',(0.,1.));
#2020 = ( GEOMETRIC_REPRESENTATION_CONTEXT(2) 
PARAMETRIC_REPRESENTATION_CONTEXT() REPRESENTATION_CONTEXT('2D SPACE',''
  ) );
#2021 = PCURVE('',#536,#2022);
#2022 = DEFINITIONAL_REPRESENTATION('',(#2023),#2027);
#2023 = LINE('',#2024,#2025);
#2024 = CARTESIAN_POINT('',(0.,0.));
#2025 = VECTOR('',#2026,1.);
#2026 = DIRECTION('',(0.,1.));
#2027 = ( GEOMETRIC_REPRESENTATION_CONTEXT(2) 
PARAMETRIC_REPRESENTATION_CONTEXT() REPRESENTATION_CONTEXT('2D SPACE',''
  ) );
#2028 = ORIENTED_EDGE('',*,*,#388,.F.);
#2029 = ORIENTED_EDGE('',*,*,#1989,.F.);
#2030 = ORIENTED_EDGE('',*,*,#2031,.T.);
#2031 = EDGE_CURVE('',#1990,#1990,#2032,.T.);
#2032 = SURFACE_CURVE('',#2033,(#2103,#2110),.PCURVE_S1.);
#2033 = B_SPLINE_CURVE_WITH_KNOTS('',3,(#2034,#2035,#2036,#2037,#2038,
    #2039,#2040,#2041,#2042,#2043,#2044,#2045,#2046,#2047,#2048,#2049,
    #2050,#2051,#2052,#2053,#2054,#2055,#2056,#2057,#2058,#2059,#2060,
    #2061,#2062,#2063,#2064,#2065,#2066,#2067,#2068,#2069,#2070,#2071,
    #2072,#2073,#2074,#2075,#2076,#2077,#2078,#2079,#2080,#2081,#2082,
    #2083,#2084,#2085,#2086,#2087,#2088,#2089,#2090,#2091,#2092,#2093,
    #2094,#2095,#2096,#2097,#2098,#2099,#2100,#2101,#2102),
  .UNSPECIFIED.,.T.,.F.,(1,1,2,1,1,1,1,1,1,1,1,1,1,1,1,1,1,1,1,1,1,1,1,1
    ,1,1,1,1,1,1,1,1,1,1,1,1,1,1,1,1,1,1,1,1,1,1,1,1,1,1,1,1,1,1,1,1,1,1
    ,1,1,1,1,1,1,1,1,1,1,2,1,1),(-0.806026575103,-0.214473175889,0.,
    0.586286434173,1.169790793149,1.751355281267,2.331488559819,
    2.910562708888,3.488880006941,4.066703671393,4.644275166407,
    5.221825806552,5.79958609389,6.377794883986,6.956710383849,
    7.536626039736,8.117897857159,8.701001356912,9.286688188225,
    9.875955541234,10.468810074336,11.065242783825,11.665253753848,
    12.268843067054,12.876010804635,13.486757046351,14.101081870572,
    14.718985354304,15.340467573224,15.965528601709,16.594168512865,
    17.226387378557,17.862185269437,18.501562254969,19.144518403459,
    19.791053782076,20.441168456882,21.094862492853,21.752135953902,
    22.41200520612,23.072621290473,23.733237374826,24.393853459179,
    25.054469543532,25.715085627885,26.375701712238,27.036317796592,
    27.696779606114,28.356330915924,29.012302760525,29.664695203167,
    30.313508308148,30.958742140836,31.600396767692,32.238472256296,
    32.872968675372,33.503886094813,34.131224585709,34.754984220372,
    35.375165072369,35.991767216544,36.604790729055,37.2142356874,
    37.82010217045,38.422390258483,39.021100033216,39.616231577839,
    40.207784977053,40.422258152942,41.008544587115,41.592048946091),
  .UNSPECIFIED.);
#2034 = CARTESIAN_POINT('',(-0.515655114546,6.091319446609,
    3.319999998418));
#2035 = CARTESIAN_POINT('',(-0.779360412046,6.05016077589,3.319999998433
    ));
#2036 = CARTESIAN_POINT('',(-1.162502359989,5.975059152864,
    3.319999998458));
#2037 = CARTESIAN_POINT('',(-1.724945918356,5.816176979428,
    3.319999998511));
#2038 = CARTESIAN_POINT('',(-2.269422399805,5.609116393393,
    3.319999998579));
#2039 = CARTESIAN_POINT('',(-2.791859342194,5.354815885498,
    3.319999998661));
#2040 = CARTESIAN_POINT('',(-3.288157513228,5.054706283803,
    3.319999998757));
#2041 = CARTESIAN_POINT('',(-3.754342317739,4.710957475944,
    3.319999998867));
#2042 = CARTESIAN_POINT('',(-4.186640358365,4.326202813695,
    3.319999998989));
#2043 = CARTESIAN_POINT('',(-4.58153752449,3.903496674869,3.319999999123
    ));
#2044 = CARTESIAN_POINT('',(-4.935826630133,3.446244739789,
    3.319999999268));
#2045 = CARTESIAN_POINT('',(-5.246651000766,2.958154591821,
    3.319999999422));
#2046 = CARTESIAN_POINT('',(-5.511547705385,2.443183065037,
    3.319999999583));
#2047 = CARTESIAN_POINT('',(-5.728496058646,1.905481531316,
    3.319999999752));
#2048 = CARTESIAN_POINT('',(-5.895981367407,1.349323876634,
    3.319999999926));
#2049 = CARTESIAN_POINT('',(-6.013101284669,0.779030000233,
    3.320000000104));
#2050 = CARTESIAN_POINT('',(-6.079778635042,0.198737594947,
    3.320000000285));
#2051 = CARTESIAN_POINT('',(-6.097351973193,-0.387572577768,
    3.320000000468));
#2052 = CARTESIAN_POINT('',(-6.070810477733,-0.97700554121,
    3.320000000651));
#2053 = CARTESIAN_POINT('',(-5.984650059211,-1.564586974569,
    3.320000000834));
#2054 = CARTESIAN_POINT('',(-5.842074343926,-2.144642722466,
    3.320000001013));
#2055 = CARTESIAN_POINT('',(-5.642908724106,-2.711636531148,
    3.320000001189));
#2056 = CARTESIAN_POINT('',(-5.388582660944,-3.260057202214,
    3.320000001358));
#2057 = CARTESIAN_POINT('',(-5.080777232979,-3.784515163169,
    3.320000001519));
#2058 = CARTESIAN_POINT('',(-4.7217790047,-4.279782765007,3.320000001671
    ));
#2059 = CARTESIAN_POINT('',(-4.31436584294,-4.740849479794,
    3.320000001813));
#2060 = CARTESIAN_POINT('',(-3.861812772335,-5.162971291492,
    3.320000001941));
#2061 = CARTESIAN_POINT('',(-3.367859053378,-5.5417192455,3.320000002056
    ));
#2062 = CARTESIAN_POINT('',(-2.836679654579,-5.873025163165,
    3.320000002156));
#2063 = CARTESIAN_POINT('',(-2.272849734851,-6.153224566936,
    3.32000000224));
#2064 = CARTESIAN_POINT('',(-1.681305609745,-6.379095831389,
    3.320000002307));
#2065 = CARTESIAN_POINT('',(-1.067301522853,-6.547896802632,
    3.320000002356));
#2066 = CARTESIAN_POINT('',(-0.436363443304,-6.657392363981,
    3.320000002386));
#2067 = CARTESIAN_POINT('',(0.205762081048,-6.705895680739,
    3.320000002397));
#2068 = CARTESIAN_POINT('',(0.853154816483,-6.692235970066,
    3.320000002389));
#2069 = CARTESIAN_POINT('',(1.499795882279,-6.615979370575,
    3.320000002362));
#2070 = CARTESIAN_POINT('',(2.139546729977,-6.476672771326,
    3.320000002315));
#2071 = CARTESIAN_POINT('',(2.76618425431,-6.276838339302,3.320000002249
    ));
#2072 = CARTESIAN_POINT('',(3.372162974677,-6.011398199724,
    3.320000002162));
#2073 = CARTESIAN_POINT('',(3.928669667337,-5.652536390536,
    3.320000002047));
#2074 = CARTESIAN_POINT('',(4.45431612798,-5.251411575342,3.32000000192)
  );
#2075 = CARTESIAN_POINT('',(4.937427882073,-4.799100870517,
    3.320000001776));
#2076 = CARTESIAN_POINT('',(5.375375304193,-4.303209629153,
    3.320000001619));
#2077 = CARTESIAN_POINT('',(5.763401815475,-3.767362071826,3.32000000145
    ));
#2078 = CARTESIAN_POINT('',(6.098945302784,-3.196894518421,3.32000000127
    ));
#2079 = CARTESIAN_POINT('',(6.375516533065,-2.596520506217,
    3.320000001082));
#2080 = CARTESIAN_POINT('',(6.602928097498,-1.974089160318,
    3.320000000887));
#2081 = CARTESIAN_POINT('',(6.713405121837,-1.322416381871,
    3.320000000683));
#2082 = CARTESIAN_POINT('',(6.775279288586,-0.668961516377,
    3.320000000479));
#2083 = CARTESIAN_POINT('',(6.770006205784,-1.533351946158E-02,
    3.320000000276));
#2084 = CARTESIAN_POINT('',(6.703241151017,0.630961359223,3.320000000075
    ));
#2085 = CARTESIAN_POINT('',(6.574982083699,1.264369120126,3.319999999879
    ));
#2086 = CARTESIAN_POINT('',(6.3874429022,1.879037473133,3.319999999689)
  );
#2087 = CARTESIAN_POINT('',(6.142932708134,2.469480600687,3.319999999506
    ));
#2088 = CARTESIAN_POINT('',(5.844384752508,3.030465779089,3.319999999333
    ));
#2089 = CARTESIAN_POINT('',(5.495175479573,3.557102782212,3.319999999171
    ));
#2090 = CARTESIAN_POINT('',(5.099126849405,4.044874947874,3.319999999022
    ));
#2091 = CARTESIAN_POINT('',(4.660455134709,4.489680565828,3.319999998886
    ));
#2092 = CARTESIAN_POINT('',(4.18372949484,4.887866843635,3.319999998765)
  );
#2093 = CARTESIAN_POINT('',(3.673824631103,5.236257381264,3.31999999866)
  );
#2094 = CARTESIAN_POINT('',(3.135870239409,5.532185236372,3.319999998571
    ));
#2095 = CARTESIAN_POINT('',(2.575204756963,5.773481366778,3.319999998499
    ));
#2096 = CARTESIAN_POINT('',(1.997303954755,5.958604579203,3.319999998445
    ));
#2097 = CARTESIAN_POINT('',(1.407796793759,6.086223542544,3.319999998408
    ));
#2098 = CARTESIAN_POINT('',(0.812154849992,6.156800912275,3.31999999839)
  );
#2099 = CARTESIAN_POINT('',(0.216588043278,6.166747089323,3.31999999839)
  );
#2100 = CARTESIAN_POINT('',(-0.250902585147,6.13775891725,3.319999998402
    ));
#2101 = CARTESIAN_POINT('',(-0.515655114546,6.091319446609,
    3.319999998418));
#2102 = CARTESIAN_POINT('',(-0.779360412046,6.05016077589,3.319999998433
    ));
#2103 = PCURVE('',#536,#2104);
#2104 = DEFINITIONAL_REPRESENTATION('',(#2105),#2109);
#2105 = LINE('',#2106,#2107);
#2106 = CARTESIAN_POINT('',(0.,0.));
#2107 = VECTOR('',#2108,1.);
#2108 = DIRECTION('',(1.,0.));
#2109 = ( GEOMETRIC_REPRESENTATION_CONTEXT(2) 
PARAMETRIC_REPRESENTATION_CONTEXT() REPRESENTATION_CONTEXT('2D SPACE',''
  ) );
#2110 = PCURVE('',#2111,#3492);
#2111 = B_SPLINE_SURFACE_WITH_KNOTS('',3,10,(
    (#2112,#2113,#2114,#2115,#2116,#2117,#2118,#2119,#2120,#2121,#2122
      ,#2123,#2124,#2125,#2126,#2127,#2128,#2129,#2130,#2131)
    ,(#2132,#2133,#2134,#2135,#2136,#2137,#2138,#2139,#2140,#2141,#2142
      ,#2143,#2144,#2145,#2146,#2147,#2148,#2149,#2150,#2151)
    ,(#2152,#2153,#2154,#2155,#2156,#2157,#2158,#2159,#2160,#2161,#2162
      ,#2163,#2164,#2165,#2166,#2167,#2168,#2169,#2170,#2171)
    ,(#2172,#2173,#2174,#2175,#2176,#2177,#2178,#2179,#2180,#2181,#2182
      ,#2183,#2184,#2185,#2186,#2187,#2188,#2189,#2190,#2191)
    ,(#2192,#2193,#2194,#2195,#2196,#2197,#2198,#2199,#2200,#2201,#2202
      ,#2203,#2204,#2205,#2206,#2207,#2208,#2209,#2210,#2211)
    ,(#2212,#2213,#2214,#2215,#2216,#2217,#2218,#2219,#2220,#2221,#2222
      ,#2223,#2224,#2225,#2226,#2227,#2228,#2229,#2230,#2231)
    ,(#2232,#2233,#2234,#2235,#2236,#2237,#2238,#2239,#2240,#2241,#2242
      ,#2243,#2244,#2245,#2246,#2247,#2248,#2249,#2250,#2251)
    ,(#2252,#2253,#2254,#2255,#2256,#2257,#2258,#2259,#2260,#2261,#2262
      ,#2263,#2264,#2265,#2266,#2267,#2268,#2269,#2270,#2271)
    ,(#2272,#2273,#2274,#2275,#2276,#2277,#2278,#2279,#2280,#2281,#2282
      ,#2283,#2284,#2285,#2286,#2287,#2288,#2289,#2290,#2291)
    ,(#2292,#2293,#2294,#2295,#2296,#2297,#2298,#2299,#2300,#2301,#2302
      ,#2303,#2304,#2305,#2306,#2307,#2308,#2309,#2310,#2311)
    ,(#2312,#2313,#2314,#2315,#2316,#2317,#2318,#2319,#2320,#2321,#2322
      ,#2323,#2324,#2325,#2326,#2327,#2328,#2329,#2330,#2331)
    ,(#2332,#2333,#2334,#2335,#2336,#2337,#2338,#2339,#2340,#2341,#2342
      ,#2343,#2344,#2345,#2346,#2347,#2348,#2349,#2350,#2351)
    ,(#2352,#2353,#2354,#2355,#2356,#2357,#2358,#2359,#2360,#2361,#2362
      ,#2363,#2364,#2365,#2366,#2367,#2368,#2369,#2370,#2371)
    ,(#2372,#2373,#2374,#2375,#2376,#2377,#2378,#2379,#2380,#2381,#2382
      ,#2383,#2384,#2385,#2386,#2387,#2388,#2389,#2390,#2391)
    ,(#2392,#2393,#2394,#2395,#2396,#2397,#2398,#2399,#2400,#2401,#2402
      ,#2403,#2404,#2405,#2406,#2407,#2408,#2409,#2410,#2411)
    ,(#2412,#2413,#2414,#2415,#2416,#2417,#2418,#2419,#2420,#2421,#2422
      ,#2423,#2424,#2425,#2426,#2427,#2428,#2429,#2430,#2431)
    ,(#2432,#2433,#2434,#2435,#2436,#2437,#2438,#2439,#2440,#2441,#2442
      ,#2443,#2444,#2445,#2446,#2447,#2448,#2449,#2450,#2451)
    ,(#2452,#2453,#2454,#2455,#2456,#2457,#2458,#2459,#2460,#2461,#2462
      ,#2463,#2464,#2465,#2466,#2467,#2468,#2469,#2470,#2471)
    ,(#2472,#2473,#2474,#2475,#2476,#2477,#2478,#2479,#2480,#2481,#2482
      ,#2483,#2484,#2485,#2486,#2487,#2488,#2489,#2490,#2491)
    ,(#2492,#2493,#2494,#2495,#2496,#2497,#2498,#2499,#2500,#2501,#2502
      ,#2503,#2504,#2505,#2506,#2507,#2508,#2509,#2510,#2511)
    ,(#2512,#2513,#2514,#2515,#2516,#2517,#2518,#2519,#2520,#2521,#2522
      ,#2523,#2524,#2525,#2526,#2527,#2528,#2529,#2530,#2531)
    ,(#2532,#2533,#2534,#2535,#2536,#2537,#2538,#2539,#2540,#2541,#2542
      ,#2543,#2544,#2545,#2546,#2547,#2548,#2549,#2550,#2551)
    ,(#2552,#2553,#2554,#2555,#2556,#2557,#2558,#2559,#2560,#2561,#2562
      ,#2563,#2564,#2565,#2566,#2567,#2568,#2569,#2570,#2571)
    ,(#2572,#2573,#2574,#2575,#2576,#2577,#2578,#2579,#2580,#2581,#2582
      ,#2583,#2584,#2585,#2586,#2587,#2588,#2589,#2590,#2591)
    ,(#2592,#2593,#2594,#2595,#2596,#2597,#2598,#2599,#2600,#2601,#2602
      ,#2603,#2604,#2605,#2606,#2607,#2608,#2609,#2610,#2611)
    ,(#2612,#2613,#2614,#2615,#2616,#2617,#2618,#2619,#2620,#2621,#2622
      ,#2623,#2624,#2625,#2626,#2627,#2628,#2629,#2630,#2631)
    ,(#2632,#2633,#2634,#2635,#2636,#2637,#2638,#2639,#2640,#2641,#2642
      ,#2643,#2644,#2645,#2646,#2647,#2648,#2649,#2650,#2651)
    ,(#2652,#2653,#2654,#2655,#2656,#2657,#2658,#2659,#2660,#2661,#2662
      ,#2663,#2664,#2665,#2666,#2667,#2668,#2669,#2670,#2671)
    ,(#2672,#2673,#2674,#2675,#2676,#2677,#2678,#2679,#2680,#2681,#2682
      ,#2683,#2684,#2685,#2686,#2687,#2688,#2689,#2690,#2691)
    ,(#2692,#2693,#2694,#2695,#2696,#2697,#2698,#2699,#2700,#2701,#2702
      ,#2703,#2704,#2705,#2706,#2707,#2708,#2709,#2710,#2711)
    ,(#2712,#2713,#2714,#2715,#2716,#2717,#2718,#2719,#2720,#2721,#2722
      ,#2723,#2724,#2725,#2726,#2727,#2728,#2729,#2730,#2731)
    ,(#2732,#2733,#2734,#2735,#2736,#2737,#2738,#2739,#2740,#2741,#2742
      ,#2743,#2744,#2745,#2746,#2747,#2748,#2749,#2750,#2751)
    ,(#2752,#2753,#2754,#2755,#2756,#2757,#2758,#2759,#2760,#2761,#2762
      ,#2763,#2764,#2765,#2766,#2767,#2768,#2769,#2770,#2771)
    ,(#2772,#2773,#2774,#2775,#2776,#2777,#2778,#2779,#2780,#2781,#2782
      ,#2783,#2784,#2785,#2786,#2787,#2788,#2789,#2790,#2791)
    ,(#2792,#2793,#2794,#2795,#2796,#2797,#2798,#2799,#2800,#2801,#2802
      ,#2803,#2804,#2805,#2806,#2807,#2808,#2809,#2810,#2811)
    ,(#2812,#2813,#2814,#2815,#2816,#2817,#2818,#2819,#2820,#2821,#2822
      ,#2823,#2824,#2825,#2826,#2827,#2828,#2829,#2830,#2831)
    ,(#2832,#2833,#2834,#2835,#2836,#2837,#2838,#2839,#2840,#2841,#2842
      ,#2843,#2844,#2845,#2846,#2847,#2848,#2849,#2850,#2851)
    ,(#2852,#2853,#2854,#2855,#2856,#2857,#2858,#2859,#2860,#2861,#2862
      ,#2863,#2864,#2865,#2866,#2867,#2868,#2869,#2870,#2871)
    ,(#2872,#2873,#2874,#2875,#2876,#2877,#2878,#2879,#2880,#2881,#2882
      ,#2883,#2884,#2885,#2886,#2887,#2888,#2889,#2890,#2891)
    ,(#2892,#2893,#2894,#2895,#2896,#2897,#2898,#2899,#2900,#2901,#2902
      ,#2903,#2904,#2905,#2906,#2907,#2908,#2909,#2910,#2911)
    ,(#2912,#2913,#2914,#2915,#2916,#2917,#2918,#2919,#2920,#2921,#2922
      ,#2923,#2924,#2925,#2926,#2927,#2928,#2929,#2930,#2931)
    ,(#2932,#2933,#2934,#2935,#2936,#2937,#2938,#2939,#2940,#2941,#2942
      ,#2943,#2944,#2945,#2946,#2947,#2948,#2949,#2950,#2951)
    ,(#2952,#2953,#2954,#2955,#2956,#2957,#2958,#2959,#2960,#2961,#2962
      ,#2963,#2964,#2965,#2966,#2967,#2968,#2969,#2970,#2971)
    ,(#2972,#2973,#2974,#2975,#2976,#2977,#2978,#2979,#2980,#2981,#2982
      ,#2983,#2984,#2985,#2986,#2987,#2988,#2989,#2990,#2991)
    ,(#2992,#2993,#2994,#2995,#2996,#2997,#2998,#2999,#3000,#3001,#3002
      ,#3003,#3004,#3005,#3006,#3007,#3008,#3009,#3010,#3011)
    ,(#3012,#3013,#3014,#3015,#3016,#3017,#3018,#3019,#3020,#3021,#3022
      ,#3023,#3024,#3025,#3026,#3027,#3028,#3029,#3030,#3031)
    ,(#3032,#3033,#3034,#3035,#3036,#3037,#3038,#3039,#3040,#3041,#3042
      ,#3043,#3044,#3045,#3046,#3047,#3048,#3049,#3050,#3051)
    ,(#3052,#3053,#3054,#3055,#3056,#3057,#3058,#3059,#3060,#3061,#3062
      ,#3063,#3064,#3065,#3066,#3067,#3068,#3069,#3070,#3071)
    ,(#3072,#3073,#3074,#3075,#3076,#3077,#3078,#3079,#3080,#3081,#3082
      ,#3083,#3084,#3085,#3086,#3087,#3088,#3089,#3090,#3091)
    ,(#3092,#3093,#3094,#3095,#3096,#3097,#3098,#3099,#3100,#3101,#3102
      ,#3103,#3104,#3105,#3106,#3107,#3108,#3109,#3110,#3111)
    ,(#3112,#3113,#3114,#3115,#3116,#3117,#3118,#3119,#3120,#3121,#3122
      ,#3123,#3124,#3125,#3126,#3127,#3128,#3129,#3130,#3131)
    ,(#3132,#3133,#3134,#3135,#3136,#3137,#3138,#3139,#3140,#3141,#3142
      ,#3143,#3144,#3145,#3146,#3147,#3148,#3149,#3150,#3151)
    ,(#3152,#3153,#3154,#3155,#3156,#3157,#3158,#3159,#3160,#3161,#3162
      ,#3163,#3164,#3165,#3166,#3167,#3168,#3169,#3170,#3171)
    ,(#3172,#3173,#3174,#3175,#3176,#3177,#3178,#3179,#3180,#3181,#3182
      ,#3183,#3184,#3185,#3186,#3187,#3188,#3189,#3190,#3191)
    ,(#3192,#3193,#3194,#3195,#3196,#3197,#3198,#3199,#3200,#3201,#3202
      ,#3203,#3204,#3205,#3206,#3207,#3208,#3209,#3210,#3211)
    ,(#3212,#3213,#3214,#3215,#3216,#3217,#3218,#3219,#3220,#3221,#3222
      ,#3223,#3224,#3225,#3226,#3227,#3228,#3229,#3230,#3231)
    ,(#3232,#3233,#3234,#3235,#3236,#3237,#3238,#3239,#3240,#3241,#3242
      ,#3243,#3244,#3245,#3246,#3247,#3248,#3249,#3250,#3251)
    ,(#3252,#3253,#3254,#3255,#3256,#3257,#3258,#3259,#3260,#3261,#3262
      ,#3263,#3264,#3265,#3266,#3267,#3268,#3269,#3270,#3271)
    ,(#3272,#3273,#3274,#3275,#3276,#3277,#3278,#3279,#3280,#3281,#3282
      ,#3283,#3284,#3285,#3286,#3287,#3288,#3289,#3290,#3291)
    ,(#3292,#3293,#3294,#3295,#3296,#3297,#3298,#3299,#3300,#3301,#3302
      ,#3303,#3304,#3305,#3306,#3307,#3308,#3309,#3310,#3311)
    ,(#3312,#3313,#3314,#3315,#3316,#3317,#3318,#3319,#3320,#3321,#3322
      ,#3323,#3324,#3325,#3326,#3327,#3328,#3329,#3330,#3331)
    ,(#3332,#3333,#3334,#3335,#3336,#3337,#3338,#3339,#3340,#3341,#3342
      ,#3343,#3344,#3345,#3346,#3347,#3348,#3349,#3350,#3351)
    ,(#3352,#3353,#3354,#3355,#3356,#3357,#3358,#3359,#3360,#3361,#3362
      ,#3363,#3364,#3365,#3366,#3367,#3368,#3369,#3370,#3371)
    ,(#3372,#3373,#3374,#3375,#3376,#3377,#3378,#3379,#3380,#3381,#3382
      ,#3383,#3384,#3385,#3386,#3387,#3388,#3389,#3390,#3391)
    ,(#3392,#3393,#3394,#3395,#3396,#3397,#3398,#3399,#3400,#3401,#3402
      ,#3403,#3404,#3405,#3406,#3407,#3408,#3409,#3410,#3411)
    ,(#3412,#3413,#3414,#3415,#3416,#3417,#3418,#3419,#3420,#3421,#3422
      ,#3423,#3424,#3425,#3426,#3427,#3428,#3429,#3430,#3431)
    ,(#3432,#3433,#3434,#3435,#3436,#3437,#3438,#3439,#3440,#3441,#3442
      ,#3443,#3444,#3445,#3446,#3447,#3448,#3449,#3450,#3451)
    ,(#3452,#3453,#3454,#3455,#3456,#3457,#3458,#3459,#3460,#3461,#3462
      ,#3463,#3464,#3465,#3466,#3467,#3468,#3469,#3470,#3471)
    ,(#3472,#3473,#3474,#3475,#3476,#3477,#3478,#3479,#3480,#3481,#3482
      ,#3483,#3484,#3485,#3486,#3487,#3488,#3489,#3490,#3491
  )),.UNSPECIFIED.,.T.,.F.,.F.,(1,1,2,1,1,1,1,1,1,1,1,1,1,1,1,1,1,1,1,1,
    1,1,1,1,1,1,1,1,1,1,1,1,1,1,1,1,1,1,1,1,1,1,1,1,1,1,1,1,1,1,1,1,1,1,
    1,1,1,1,1,1,1,1,1,1,1,1,1,1,2,1,1),(11,9,11),(-0.806026575103,
    -0.214473175889,0.,0.586286434173,1.169790793149,1.751355281267,
    2.331488559819,2.910562708888,3.488880006941,4.066703671393,
    4.644275166407,5.221825806552,5.79958609389,6.377794883986,
    6.956710383849,7.536626039736,8.117897857159,8.701001356912,
    9.286688188225,9.875955541234,10.468810074336,11.065242783825,
    11.665253753848,12.268843067054,12.876010804635,13.486757046351,
    14.101081870572,14.718985354304,15.340467573224,15.965528601709,
    16.594168512865,17.226387378557,17.862185269437,18.501562254969,
    19.144518403459,19.791053782076,20.441168456882,21.094862492853,
    21.752135953902,22.41200520612,23.072621290473,23.733237374826,
    24.393853459179,25.054469543532,25.715085627885,26.375701712238,
    27.036317796592,27.696779606114,28.356330915924,29.012302760525,
    29.664695203167,30.313508308148,30.958742140836,31.600396767692,
    32.238472256296,32.872968675372,33.503886094813,34.131224585709,
    34.754984220372,35.375165072369,35.991767216544,36.604790729055,
    37.2142356874,37.82010217045,38.422390258483,39.021100033216,
    39.616231577839,40.207784977053,40.422258152942,41.008544587115,
    41.592048946091),(0.,3.146532768555,6.29306553711),.UNSPECIFIED.);
#2112 = CARTESIAN_POINT('',(-0.515655114271,6.091319446637,
    1.909999999645));
#2113 = CARTESIAN_POINT('',(-2.42929955691,5.929321614736,1.980499997913
    ));
#2114 = CARTESIAN_POINT('',(-4.286396075665,5.099337686452,
    2.051000003541));
#2115 = CARTESIAN_POINT('',(-5.824626840043,3.62355727164,2.121499990185
    ));
#2116 = CARTESIAN_POINT('',(-6.791635832623,1.641990282981,
    2.192000013989));
#2117 = CARTESIAN_POINT('',(-7.006701307646,-0.593145933411,
    2.262499981756));
#2118 = CARTESIAN_POINT('',(-6.418962133656,-2.760321454569,
    2.333000014992));
#2119 = CARTESIAN_POINT('',(-5.132605955046,-4.55113185947,
    2.403499989074));
#2120 = CARTESIAN_POINT('',(-3.368181363374,-5.747328986332,
    2.474000004062));
#2121 = CARTESIAN_POINT('',(-1.3979893276,-6.253317278475,2.544499997917
    ));
#2122 = CARTESIAN_POINT('',(2.429299556197,-5.929321614763,
    2.685500001077));
#2123 = CARTESIAN_POINT('',(4.286396077841,-5.099337686592,
    2.755999991395));
#2124 = CARTESIAN_POINT('',(5.824626836724,-3.623557270897,
    2.826500018662));
#2125 = CARTESIAN_POINT('',(6.791635834807,-1.641990284735,
    2.896999967159));
#2126 = CARTESIAN_POINT('',(7.006701309029,0.593145935997,2.967500038153
    ));
#2127 = CARTESIAN_POINT('',(6.418962128987,2.760321451994,3.03799996458)
  );
#2128 = CARTESIAN_POINT('',(5.132605960166,4.551131861217,3.108500022418
    ));
#2129 = CARTESIAN_POINT('',(3.36818136013,5.747328985556,3.178999988052)
  );
#2130 = CARTESIAN_POINT('',(1.397989328839,6.25331727867,3.249500003246)
  );
#2131 = CARTESIAN_POINT('',(-0.515655114546,6.091319446609,
    3.319999998418));
#2132 = CARTESIAN_POINT('',(-0.779360411773,6.050160775932,
    1.909999999648));
#2133 = CARTESIAN_POINT('',(-2.680074476659,5.805317481485,
    1.980499997924));
#2134 = CARTESIAN_POINT('',(-4.495322175492,4.897001638915,
    2.051000003526));
#2135 = CARTESIAN_POINT('',(-5.964557417314,3.358759168293,
    2.121499990243));
#2136 = CARTESIAN_POINT('',(-6.842296636072,1.341160717408,
    2.192000013891));
#2137 = CARTESIAN_POINT('',(-6.959357458071,-0.896479926774,
    2.262499981909));
#2138 = CARTESIAN_POINT('',(-6.279038132504,-3.031404870709,
    2.333000014848));
#2139 = CARTESIAN_POINT('',(-4.918638030009,-4.760694091204,
    2.403499989184));
#2140 = CARTESIAN_POINT('',(-3.107533754755,-5.876374774633,
    2.474000004019));
#2141 = CARTESIAN_POINT('',(-1.121353652349,-6.295004070276,
    2.544499997934));
#2142 = CARTESIAN_POINT('',(2.68007447595,-5.805317481549,2.685500001073
    ));
#2143 = CARTESIAN_POINT('',(4.495322177669,-4.897001638941,
    2.755999991442));
#2144 = CARTESIAN_POINT('',(5.964557413966,-3.358759167725,
    2.826500018549));
#2145 = CARTESIAN_POINT('',(6.842296638341,-1.341160719043,2.8969999674)
  );
#2146 = CARTESIAN_POINT('',(6.959357459317,0.896479929425,2.967500037822
    ));
#2147 = CARTESIAN_POINT('',(6.279038127983,3.031404867898,3.037999964931
    ));
#2148 = CARTESIAN_POINT('',(4.918638035024,4.760694093213,3.108500022168
    ));
#2149 = CARTESIAN_POINT('',(3.107533751559,5.876374773689,3.178999988189
    ));
#2150 = CARTESIAN_POINT('',(1.121353653575,6.295004070535,3.249500003206
    ));
#2151 = CARTESIAN_POINT('',(-0.779360412046,6.05016077589,3.319999998433
    ));
#2152 = CARTESIAN_POINT('',(-1.16250235972,5.975059152927,1.909999999654
    ));
#2153 = CARTESIAN_POINT('',(-3.039622553892,5.609848265568,
    1.980499997948));
#2154 = CARTESIAN_POINT('',(-4.789260282,4.58940063274,2.051000003495));
#2155 = CARTESIAN_POINT('',(-6.154102586585,2.963761993907,
    2.121499990356));
#2156 = CARTESIAN_POINT('',(-6.899309977097,0.898550947744,
    2.192000013707));
#2157 = CARTESIAN_POINT('',(-6.872969829848,-1.337199086367,
    2.262499982185));
#2158 = CARTESIAN_POINT('',(-6.059147543359,-3.419737277574,
    2.333000014594));
#2159 = CARTESIAN_POINT('',(-4.593997997722,-5.054903180526,
    2.403499989378));
#2160 = CARTESIAN_POINT('',(-2.719220169453,-6.050244119261,
    2.474000003944));
#2161 = CARTESIAN_POINT('',(-0.714617833698,-6.340270040125,
    2.544499997965));
#2162 = CARTESIAN_POINT('',(3.03962255319,-5.609848265687,2.685500001063
    ));
#2163 = CARTESIAN_POINT('',(4.789260284172,-4.5894006326,2.755999991536)
  );
#2164 = CARTESIAN_POINT('',(6.154102583205,-2.963761993596,
    2.826500018329));
#2165 = CARTESIAN_POINT('',(6.899309979483,-0.898550949202,
    2.896999967849));
#2166 = CARTESIAN_POINT('',(6.872969830889,1.337199089108,2.967500037225
    ));
#2167 = CARTESIAN_POINT('',(6.059147539065,3.419737274425,3.037999965549
    ));
#2168 = CARTESIAN_POINT('',(4.593998002569,5.054903182913,3.108500021737
    ));
#2169 = CARTESIAN_POINT('',(2.719220166339,6.050244118077,3.178999988425
    ));
#2170 = CARTESIAN_POINT('',(0.714617834901,6.340270040477,3.249500003138
    ));
#2171 = CARTESIAN_POINT('',(-1.162502359989,5.975059152864,
    3.319999998458));
#2172 = CARTESIAN_POINT('',(-1.724945918095,5.816176979521,
    1.909999999666));
#2173 = CARTESIAN_POINT('',(-3.552151805384,5.274269237034,
    1.980499998002));
#2174 = CARTESIAN_POINT('',(-5.190196560474,4.094548097114,
    2.051000003415));
#2175 = CARTESIAN_POINT('',(-6.38860779582,2.351280786346,2.121499990615
    ));
#2176 = CARTESIAN_POINT('',(-6.930265779385,0.231235380412,
    2.192000013302));
#2177 = CARTESIAN_POINT('',(-6.690211407588,-1.984164665828,
    2.262499982766));
#2178 = CARTESIAN_POINT('',(-5.683614751393,-3.972225694299,
    2.333000014076));
#2179 = CARTESIAN_POINT('',(-4.073691169363,-5.454160900259,
    2.403499989767));
#2180 = CARTESIAN_POINT('',(-2.118626672054,-6.262178973551,
    2.474000003795));
#2181 = CARTESIAN_POINT('',(-0.102259968463,-6.358084721763,
    2.544499998031));
#2182 = CARTESIAN_POINT('',(3.5521518047,-5.274269237231,2.685500001038)
  );
#2183 = CARTESIAN_POINT('',(5.190196562618,-4.094548096727,
    2.755999991756));
#2184 = CARTESIAN_POINT('',(6.388607792422,-2.351280786422,
    2.826500017829));
#2185 = CARTESIAN_POINT('',(6.930265781925,-0.231235381591,
    2.896999968821));
#2186 = CARTESIAN_POINT('',(6.69021140831,1.984164668674,2.967500035984)
  );
#2187 = CARTESIAN_POINT('',(5.683614747481,3.972225690675,3.037999966796
    ));
#2188 = CARTESIAN_POINT('',(4.073691173911,5.454160903188,3.108500020889
    ));
#2189 = CARTESIAN_POINT('',(2.118626669092,6.262178972017,3.178999988885
    ));
#2190 = CARTESIAN_POINT('',(0.102259969619,6.358084722251,3.249500003007
    ));
#2191 = CARTESIAN_POINT('',(-1.724945918356,5.816176979428,
    3.319999998511));
#2192 = CARTESIAN_POINT('',(-2.269422399556,5.609116393516,
    1.909999999682));
#2193 = CARTESIAN_POINT('',(-4.031578285252,4.896156319584,
    1.980499998076));
#2194 = CARTESIAN_POINT('',(-5.544864679038,3.568089535563,
    2.051000003301));
#2195 = CARTESIAN_POINT('',(-6.567724566069,1.722631152292,
    2.121499990968));
#2196 = CARTESIAN_POINT('',(-6.902485348963,-0.43400679061,
    2.192000012765));
#2197 = CARTESIAN_POINT('',(-6.452034491933,-2.61046313985,
    2.262499983519));
#2198 = CARTESIAN_POINT('',(-5.262330872901,-4.487821264976,
    2.333000013419));
#2199 = CARTESIAN_POINT('',(-3.522108127588,-5.804930521862,
    2.403499990258));
#2200 = CARTESIAN_POINT('',(-1.503758558344,-6.419929708151,
    2.474000003607));
#2201 = CARTESIAN_POINT('',(0.507266514562,-6.322076467119,
    2.544499998116));
#2202 = CARTESIAN_POINT('',(4.031578284591,-4.896156319859,
    2.685500001003));
#2203 = CARTESIAN_POINT('',(5.544864681134,-3.568089534933,
    2.755999992058));
#2204 = CARTESIAN_POINT('',(6.567724562686,-1.722631152753,2.82650001715
    ));
#2205 = CARTESIAN_POINT('',(6.902485351633,0.434006789721,2.896999970105
    ));
#2206 = CARTESIAN_POINT('',(6.452034492328,2.610463142774,2.967500034384
    ));
#2207 = CARTESIAN_POINT('',(5.262330869412,4.487821260912,3.037999968375
    ));
#2208 = CARTESIAN_POINT('',(3.522108131792,5.804930525303,3.108500019832
    ));
#2209 = CARTESIAN_POINT('',(1.503758555563,6.419929706282,3.178999989457
    ));
#2210 = CARTESIAN_POINT('',(-0.507266513464,6.322076467737,
    3.249500002846));
#2211 = CARTESIAN_POINT('',(-2.269422399805,5.609116393393,
    3.319999998579));
#2212 = CARTESIAN_POINT('',(-2.791859341958,5.354815885649,1.9099999997)
  );
#2213 = CARTESIAN_POINT('',(-4.474124366911,4.477727405673,
    1.980499998169));
#2214 = CARTESIAN_POINT('',(-5.850228440879,3.013419325398,
    2.051000003153));
#2215 = CARTESIAN_POINT('',(-6.689564320419,1.082105658099,
    2.121499991414));
#2216 = CARTESIAN_POINT('',(-6.8155147428,-1.092420340332,2.192000012097
    ));
#2217 = CARTESIAN_POINT('',(-6.159518606676,-3.211410051138,
    2.262499984441));
#2218 = CARTESIAN_POINT('',(-4.797785210247,-4.962447029611,
    2.333000012624));
#2219 = CARTESIAN_POINT('',(-2.942825632236,-6.104178954882,
    2.403499990849));
#2220 = CARTESIAN_POINT('',(-0.878831367329,-6.52177309373,
    2.474000003383));
#2221 = CARTESIAN_POINT('',(1.10959431767,-6.231904365216,2.544499998221
    ));
#2222 = CARTESIAN_POINT('',(4.474124366281,-4.477727406024,
    2.685500000957));
#2223 = CARTESIAN_POINT('',(5.850228442906,-3.013419324532,
    2.755999992442));
#2224 = CARTESIAN_POINT('',(6.689564317086,-1.082105658941,
    2.826500016296));
#2225 = CARTESIAN_POINT('',(6.815514745572,1.09242033974,2.896999971696)
  );
#2226 = CARTESIAN_POINT('',(6.159518606741,3.211410054112,2.967500032431
    ));
#2227 = CARTESIAN_POINT('',(4.797785207215,4.962447025148,3.037999970278
    ));
#2228 = CARTESIAN_POINT('',(2.942825636054,6.104178958803,3.108500018572
    ));
#2229 = CARTESIAN_POINT('',(0.878831364758,6.521773091546,3.178999990137
    ));
#2230 = CARTESIAN_POINT('',(-1.109594316641,6.231904365959,
    3.249500002655));
#2231 = CARTESIAN_POINT('',(-2.791859342194,5.354815885498,
    3.319999998661));
#2232 = CARTESIAN_POINT('',(-3.288157513009,5.054706283981,
    1.909999999722));
#2233 = CARTESIAN_POINT('',(-4.876140325962,4.021701135168,
    1.980499998282));
#2234 = CARTESIAN_POINT('',(-6.103537159354,2.434387010751,
    2.051000002971));
#2235 = CARTESIAN_POINT('',(-6.752663333836,0.434351311495,2.12149999195
    ));
#2236 = CARTESIAN_POINT('',(-6.669424224476,-1.739043104028,
    2.192000011301));
#2237 = CARTESIAN_POINT('',(-5.814309599637,-3.782290149326,
    2.262499985528));
#2238 = CARTESIAN_POINT('',(-4.293010619694,-5.392174909974,
    2.333000011694));
#2239 = CARTESIAN_POINT('',(-2.339881221171,-6.349179395368,
    2.403499991537));
#2240 = CARTESIAN_POINT('',(-0.248393817144,-6.566407427422,
    2.474000003123));
#2241 = CARTESIAN_POINT('',(1.700174700677,-6.087711432309,
    2.544499998344));
#2242 = CARTESIAN_POINT('',(4.876140325369,-4.02170113559,2.685500000902
    ));
#2243 = CARTESIAN_POINT('',(6.103537161289,-2.434387009655,
    2.755999992906));
#2244 = CARTESIAN_POINT('',(6.752663330589,-0.434351312713,
    2.826500015269));
#2245 = CARTESIAN_POINT('',(6.669424227323,1.739043103744,2.896999973586
    ));
#2246 = CARTESIAN_POINT('',(5.814309599369,3.782290152318,2.967500030133
    ));
#2247 = CARTESIAN_POINT('',(4.293010617154,5.392174905156,3.037999972497
    ));
#2248 = CARTESIAN_POINT('',(2.33988122456,6.349179399729,3.108500017113)
  );
#2249 = CARTESIAN_POINT('',(0.248393814811,6.566407424942,3.178999990921
    ));
#2250 = CARTESIAN_POINT('',(-1.700174699729,6.08771143317,3.249500002437
    ));
#2251 = CARTESIAN_POINT('',(-3.288157513228,5.054706283803,
    3.319999998757));
#2252 = CARTESIAN_POINT('',(-3.754342317538,4.710957476147,
    1.909999999747));
#2253 = CARTESIAN_POINT('',(-5.23433325754,3.531496051602,1.980499998414
    ));
#2254 = CARTESIAN_POINT('',(-6.302615481793,1.835421836787,
    2.051000002759));
#2255 = CARTESIAN_POINT('',(-6.75630623455,-0.215601062754,
    2.121499992572));
#2256 = CARTESIAN_POINT('',(-6.465130517069,-2.368781004693,
    2.192000010384));
#2257 = CARTESIAN_POINT('',(-5.418903441462,-4.318531551191,
    2.26249998677));
#2258 = CARTESIAN_POINT('',(-3.751796339403,-5.773479047877,
    2.333000010639));
#2259 = CARTESIAN_POINT('',(-1.717893519665,-6.537813057078,
    2.403499992317));
#2260 = CARTESIAN_POINT('',(0.382651978436,-6.55326733101,2.474000002829
    ));
#2261 = CARTESIAN_POINT('',(2.274351378108,-5.890418900137,
    2.544499998485));
#2262 = CARTESIAN_POINT('',(5.234333256991,-3.531496052091,
    2.685500000837));
#2263 = CARTESIAN_POINT('',(6.302615483616,-1.835421835471,
    2.755999993445));
#2264 = CARTESIAN_POINT('',(6.75630623142,0.215601061172,2.82650001408)
  );
#2265 = CARTESIAN_POINT('',(6.465130519962,2.368781004721,2.896999975759
    ));
#2266 = CARTESIAN_POINT('',(5.418903440861,4.318531554172,2.967500027512
    ));
#2267 = CARTESIAN_POINT('',(3.751796337384,5.773479042751,3.037999975013
    ));
#2268 = CARTESIAN_POINT('',(1.717893522588,6.537813061838,3.10850001547)
  );
#2269 = CARTESIAN_POINT('',(-0.382651980506,6.553267328258,
    3.178999991804));
#2270 = CARTESIAN_POINT('',(-2.27435137725,5.890418901107,3.249500002192
    ));
#2271 = CARTESIAN_POINT('',(-3.754342317739,4.710957475944,
    3.319999998867));
#2272 = CARTESIAN_POINT('',(-4.186640358185,4.326202813921,
    1.909999999775));
#2273 = CARTESIAN_POINT('',(-5.545757056141,3.010930954492,
    1.980499998562));
#2274 = CARTESIAN_POINT('',(-6.445758392681,1.22123927211,2.051000002516
    ));
#2275 = CARTESIAN_POINT('',(-6.700329502815,-0.862590610257,
    2.121499993276));
#2276 = CARTESIAN_POINT('',(-6.204125619175,-2.976590662855,
    2.192000009352));
#2277 = CARTESIAN_POINT('',(-4.976329214678,-4.815793806614,
    2.262499988159));
#2278 = CARTESIAN_POINT('',(-3.17836147359,-6.103219236966,
    2.333000009464));
#2279 = CARTESIAN_POINT('',(-1.081762992988,-6.668453103547,
    2.403499993182));
#2280 = CARTESIAN_POINT('',(1.009291836603,-6.482326482333,
    2.474000002503));
#2281 = CARTESIAN_POINT('',(2.827523660743,-5.641474672729,
    2.544499998643));
#2282 = CARTESIAN_POINT('',(5.545757055642,-3.010930955045,
    2.685500000762));
#2283 = CARTESIAN_POINT('',(6.445758394373,-1.221239270587,
    2.755999994056));
#2284 = CARTESIAN_POINT('',(6.700329499837,0.862590608322,2.826500012735
    ));
#2285 = CARTESIAN_POINT('',(6.204125622085,2.976590663198,2.896999978201
    ));
#2286 = CARTESIAN_POINT('',(4.976329213746,4.815793809551,2.967500024586
    ));
#2287 = CARTESIAN_POINT('',(3.178361472118,6.103219231581,3.037999977807
    ));
#2288 = CARTESIAN_POINT('',(1.081762995411,6.668453108661,3.108500013654
    ));
#2289 = CARTESIAN_POINT('',(-1.009291838387,6.482326479336,
    3.178999992779));
#2290 = CARTESIAN_POINT('',(-2.827523659985,5.6414746738,3.249500001922)
  );
#2291 = CARTESIAN_POINT('',(-4.186640358365,4.326202813695,
    3.319999998989));
#2292 = CARTESIAN_POINT('',(-4.581537524333,3.903496675117,
    1.909999999805));
#2293 = CARTESIAN_POINT('',(-5.807857172242,2.464164212061,
    1.980499998727));
#2294 = CARTESIAN_POINT('',(-6.531756267802,0.596766726159,
    2.051000002245));
#2295 = CARTESIAN_POINT('',(-6.585122279849,-1.501407169424,
    2.121499994056));
#2296 = CARTESIAN_POINT('',(-5.888451776901,-3.557557722406,
    2.192000008214));
#2297 = CARTESIAN_POINT('',(-4.490100298154,-5.270034716909,
    2.262499989684));
#2298 = CARTESIAN_POINT('',(-2.57728798255,-6.378688577727,
    2.333000008181));
#2299 = CARTESIAN_POINT('',(-0.436594798665,-6.73998841763,
    2.403499994127));
#2300 = CARTESIAN_POINT('',(1.626477888951,-6.354096329382,
    2.474000002149));
#2301 = CARTESIAN_POINT('',(3.355217876876,-5.34282913749,2.544499998816
    ));
#2302 = CARTESIAN_POINT('',(5.807857171798,-2.464164212673,2.68550000068
    ));
#2303 = CARTESIAN_POINT('',(6.531756269344,-0.59676672444,2.755999994734
    ));
#2304 = CARTESIAN_POINT('',(6.585122277054,1.501407167154,2.826500011247
    ));
#2305 = CARTESIAN_POINT('',(5.888451779799,3.557557723063,2.896999980889
    ));
#2306 = CARTESIAN_POINT('',(4.490100296898,5.270034719775,2.967500021378
    ));
#2307 = CARTESIAN_POINT('',(2.577287981645,6.378688572135,3.037999980856
    ));
#2308 = CARTESIAN_POINT('',(0.436594800557,6.739988423051,3.10850001168)
  );
#2309 = CARTESIAN_POINT('',(-1.626477890427,6.354096326166,
    3.178999993838));
#2310 = CARTESIAN_POINT('',(-3.355217876227,5.342829138651,3.24950000163
    ));
#2311 = CARTESIAN_POINT('',(-4.58153752449,3.903496674869,3.319999999123
    ));
#2312 = CARTESIAN_POINT('',(-4.935826630001,3.446244740056,
    1.909999999837));
#2313 = CARTESIAN_POINT('',(-6.018496345887,1.895609071825,
    1.980499998907));
#2314 = CARTESIAN_POINT('',(-6.559893479483,-3.294846007232E-02,
    2.051000001947));
#2315 = CARTESIAN_POINT('',(-6.411595623083,-2.126880902925,
    2.121499994906));
#2316 = CARTESIAN_POINT('',(-5.520643091553,-4.106973703386,
    2.192000006979));
#2317 = CARTESIAN_POINT('',(-3.964134165757,-5.677565131575,
    2.262499991331));
#2318 = CARTESIAN_POINT('',(-1.953427861538,-6.597639939765,2.3330000068
    ));
#2319 = CARTESIAN_POINT('',(0.212395889398,-6.751819662388,
    2.403499995142));
#2320 = CARTESIAN_POINT('',(2.229214803873,-6.169593944558,
    2.474000001768));
#2321 = CARTESIAN_POINT('',(3.853156914497,-4.996880407551,
    2.544499999004));
#2322 = CARTESIAN_POINT('',(6.018496345504,-1.89560907249,2.685500000589
    ));
#2323 = CARTESIAN_POINT('',(6.559893480858,3.294846197213E-02,
    2.755999995474));
#2324 = CARTESIAN_POINT('',(6.411595620502,2.126880900335,2.826500009626
    ));
#2325 = CARTESIAN_POINT('',(5.520643094408,4.106973704357,2.896999983805
    ));
#2326 = CARTESIAN_POINT('',(3.964134164185,5.677565134337,2.967500017913
    ));
#2327 = CARTESIAN_POINT('',(1.953427861217,6.597639934019,3.037999984139
    ));
#2328 = CARTESIAN_POINT('',(-0.212395888061,6.751819668066,
    3.108500009561));
#2329 = CARTESIAN_POINT('',(-2.229214805023,6.169593941152,
    3.178999994972));
#2330 = CARTESIAN_POINT('',(-3.853156913965,4.996880408793,
    3.249500001317));
#2331 = CARTESIAN_POINT('',(-4.935826630133,3.446244739789,
    3.319999999268));
#2332 = CARTESIAN_POINT('',(-5.24665100066,2.958154592104,1.909999999872
    ));
#2333 = CARTESIAN_POINT('',(-6.175982674216,1.309870567918,1.9804999991)
  );
#2334 = CARTESIAN_POINT('',(-6.529956164992,-0.662810382663,
    2.051000001627));
#2335 = CARTESIAN_POINT('',(-6.181167322866,-2.733954647872,
    2.121499995818));
#2336 = CARTESIAN_POINT('',(-5.103687702378,-4.620401117589,
    2.192000005656));
#2337 = CARTESIAN_POINT('',(-3.402695563317,-6.035099085175,
    2.262499993089));
#2338 = CARTESIAN_POINT('',(-1.3118338225,-6.758315375469,2.33300000533)
  );
#2339 = CARTESIAN_POINT('',(0.859957558717,-6.703865336073,2.40349999622
    ));
#2340 = CARTESIAN_POINT('',(2.812629632177,-5.930325428852,
    2.474000001364));
#2341 = CARTESIAN_POINT('',(4.317319327415,-4.606438615506,
    2.544499999204));
#2342 = CARTESIAN_POINT('',(6.175982673898,-1.30987056863,2.685500000491
    ));
#2343 = CARTESIAN_POINT('',(6.529956166184,0.662810384727,2.75599999627)
  );
#2344 = CARTESIAN_POINT('',(6.181167320527,2.733954644984,2.826500007886
    ));
#2345 = CARTESIAN_POINT('',(5.103687705164,4.620401118868,2.896999986924
    ));
#2346 = CARTESIAN_POINT('',(3.40269556144,6.035099087804,2.96750001422)
  );
#2347 = CARTESIAN_POINT('',(1.311833822775,6.758315369624,3.037999987626
    ));
#2348 = CARTESIAN_POINT('',(-0.859957557958,6.703865341954,
    3.108500007318));
#2349 = CARTESIAN_POINT('',(-2.812629632984,5.930325425288,
    3.178999996173));
#2350 = CARTESIAN_POINT('',(-4.317319327006,4.606438616818,
    3.249500000988));
#2351 = CARTESIAN_POINT('',(-5.246651000766,2.958154591821,
    3.319999999422));
#2352 = CARTESIAN_POINT('',(-5.511547705306,2.443183065335,
    1.909999999909));
#2353 = CARTESIAN_POINT('',(-6.27909630231,0.71167928701,1.980499999305)
  );
#2354 = CARTESIAN_POINT('',(-6.442237635263,-1.287748616648,
    2.051000001285));
#2355 = CARTESIAN_POINT('',(-5.895743555437,-3.317758129657,
    2.121499996786));
#2356 = CARTESIAN_POINT('',(-4.640986313811,-5.093739374915,
    2.192000004258));
#2357 = CARTESIAN_POINT('',(-2.810335943886,-6.339803526178,
    2.262499994942));
#2358 = CARTESIAN_POINT('',(-0.657686576676,-6.859473973539,
    2.333000003786));
#2359 = CARTESIAN_POINT('',(1.500878723672,-6.596565325329,
    2.403499997352));
#2360 = CARTESIAN_POINT('',(3.372043380668,-5.638266196983,
    2.474000000941));
#2361 = CARTESIAN_POINT('',(4.743999108537,-4.174686842834,
    2.544499999415));
#2362 = CARTESIAN_POINT('',(6.279096302061,-0.711679287764,
    2.685500000387));
#2363 = CARTESIAN_POINT('',(6.442237636258,1.287748618859,2.755999997114
    ));
#2364 = CARTESIAN_POINT('',(5.895743553365,3.317758126495,2.826500006042
    ));
#2365 = CARTESIAN_POINT('',(4.6409863165,5.093739376493,2.89699999022));
#2366 = CARTESIAN_POINT('',(2.810335941715,6.339803528649,2.96750001033)
  );
#2367 = CARTESIAN_POINT('',(0.657686577556,6.85947396765,3.037999991289)
  );
#2368 = CARTESIAN_POINT('',(-1.500878723509,6.596565331361,
    3.108500004967));
#2369 = CARTESIAN_POINT('',(-3.372043381118,5.638266193293,3.17899999743
    ));
#2370 = CARTESIAN_POINT('',(-4.743999108258,4.174686844204,
    3.249500000643));
#2371 = CARTESIAN_POINT('',(-5.511547705385,2.443183065037,
    3.319999999583));
#2372 = CARTESIAN_POINT('',(-5.728496058597,1.905481531626,
    1.909999999947));
#2373 = CARTESIAN_POINT('',(-6.327120736766,0.105821418001,
    1.980499999521));
#2374 = CARTESIAN_POINT('',(-6.29754718106,-1.902797403792,
    2.051000000925));
#2375 = CARTESIAN_POINT('',(-5.557702218869,-3.873688298417,
    2.121499997801));
#2376 = CARTESIAN_POINT('',(-4.136310392648,-5.523297149109,
    2.192000002793));
#2377 = CARTESIAN_POINT('',(-2.191830532765,-6.589354107822,
    2.262499996877));
#2378 = CARTESIAN_POINT('',(3.782021631388E-03,-6.900424682669,
    2.333000002177));
#2379 = CARTESIAN_POINT('',(2.130069680541,-6.430887815699,2.40349999853
    ));
#2380 = CARTESIAN_POINT('',(3.903048572577,-5.295842739205,2.4740000005)
  );
#2381 = CARTESIAN_POINT('',(5.129871380583,-3.70514164439,2.544499999635
    ));
#2382 = CARTESIAN_POINT('',(6.327120736589,-0.105821418789,
    2.685500000277));
#2383 = CARTESIAN_POINT('',(6.297547181845,1.902797406132,2.755999998001
    ));
#2384 = CARTESIAN_POINT('',(5.557702217088,3.873688295006,2.826500004108
    ));
#2385 = CARTESIAN_POINT('',(4.136310395215,5.523297150977,2.896999993667
    ));
#2386 = CARTESIAN_POINT('',(2.191830530314,6.589354110108,2.967500006274
    ));
#2387 = CARTESIAN_POINT('',(-3.782020144157E-03,6.900424676791,
    3.037999995099));
#2388 = CARTESIAN_POINT('',(-2.130069680985,6.430887821826,
    3.108500002528));
#2389 = CARTESIAN_POINT('',(-3.90304857266,5.295842735421,3.178999998734
    ));
#2390 = CARTESIAN_POINT('',(-5.129871380439,3.705141645806,
    3.249500000286));
#2391 = CARTESIAN_POINT('',(-5.728496058646,1.905481531316,
    3.319999999752));
#2392 = CARTESIAN_POINT('',(-5.895981367388,1.349323876953,
    1.909999999986));
#2393 = CARTESIAN_POINT('',(-6.319883965317,-0.502953298247,
    1.980499999744));
#2394 = CARTESIAN_POINT('',(-6.097221575119,-2.503199831158,
    2.051000000549));
#2395 = CARTESIAN_POINT('',(-5.169870928616,-4.397514992273,
    2.121499998856));
#2396 = CARTESIAN_POINT('',(-3.59374710247,-5.905887529606,
    2.192000001276));
#2397 = CARTESIAN_POINT('',(-1.55209548034,-6.782008514254,
    2.262499998876));
#2398 = CARTESIAN_POINT('',(0.667390111465,-6.881069410499,
    2.333000000519));
#2399 = CARTESIAN_POINT('',(2.742670061246,-6.208338297415,
    2.403499999743));
#2400 = CARTESIAN_POINT('',(4.401611257356,-4.905908548995,
    2.474000000047));
#2401 = CARTESIAN_POINT('',(5.47207876953,-3.201601051265,2.544499999863
    ));
#2402 = CARTESIAN_POINT('',(6.319883965216,0.502953297431,2.685500000163
    ));
#2403 = CARTESIAN_POINT('',(6.097221575682,2.503199833608,2.755999998923
    ));
#2404 = CARTESIAN_POINT('',(5.169870927151,4.397514988639,2.826500002098
    ));
#2405 = CARTESIAN_POINT('',(3.593747104885,5.905887531754,2.896999997238
    ));
#2406 = CARTESIAN_POINT('',(1.552095477631,6.782008516329,2.967500002082
    ));
#2407 = CARTESIAN_POINT('',(-0.667390109375,6.881069404688,
    3.037999999027));
#2408 = CARTESIAN_POINT('',(-2.742670062304,6.208338303582,
    3.108500000019));
#2409 = CARTESIAN_POINT('',(-4.401611257065,4.905908545151,
    3.179000000074));
#2410 = CARTESIAN_POINT('',(-5.472078769524,3.201601052715,
    3.249499999919));
#2411 = CARTESIAN_POINT('',(-5.895981367407,1.349323876634,
    3.319999999926));
#2412 = CARTESIAN_POINT('',(-6.013101284681,0.779030000558,
    1.910000000026));
#2413 = CARTESIAN_POINT('',(-6.257840777338,-1.110041481822,
    1.980499999975));
#2414 = CARTESIAN_POINT('',(-5.843171696221,-3.084542766865,
    2.051000000162));
#2415 = CARTESIAN_POINT('',(-4.73552957632,-4.885527926456,
    2.121499999943));
#2416 = CARTESIAN_POINT('',(-3.017654779743,-6.238970993833,
    2.191999999717));
#2417 = CARTESIAN_POINT('',(-0.896099864977,-6.91672879697,
    2.262500000926));
#2418 = CARTESIAN_POINT('',(1.32812721312,-6.801990707316,2.332999998822
    ));
#2419 = CARTESIAN_POINT('',(3.334189003972,-5.931003888668,
    2.403500000983));
#2420 = CARTESIAN_POINT('',(4.864213768533,-4.471742835604,
    2.473999999585));
#2421 = CARTESIAN_POINT('',(5.768361792008,-2.668101482032,
    2.544500000096));
#2422 = CARTESIAN_POINT('',(6.257840777316,1.110041480985,2.685500000044
    ));
#2423 = CARTESIAN_POINT('',(5.843171696553,3.084542769404,2.755999999873
    ));
#2424 = CARTESIAN_POINT('',(4.735529575189,4.88552792263,2.82650000003)
  );
#2425 = CARTESIAN_POINT('',(3.017654781981,6.238970996243,2.897000000905
    ));
#2426 = CARTESIAN_POINT('',(0.896099862028,6.916728798813,2.967499997788
    ));
#2427 = CARTESIAN_POINT('',(-1.328127210436,6.801990701624,
    3.038000003042));
#2428 = CARTESIAN_POINT('',(-3.334189005645,5.93100389482,3.108499997461
    ));
#2429 = CARTESIAN_POINT('',(-4.864213767864,4.471742831734,3.17900000144
    ));
#2430 = CARTESIAN_POINT('',(-5.768361792144,2.668101483502,
    3.249499999547));
#2431 = CARTESIAN_POINT('',(-6.013101284669,0.779030000233,
    3.320000000104));
#2432 = CARTESIAN_POINT('',(-6.079778635085,0.198737595276,
    1.910000000067));
#2433 = CARTESIAN_POINT('',(-6.14221389198,-1.711281194527,
    1.980500000211));
#2434 = CARTESIAN_POINT('',(-5.53792862115,-3.643093774914,
    2.050999999764));
#2435 = CARTESIAN_POINT('',(-4.258347874198,-5.334881249453,
    2.121500001052));
#2436 = CARTESIAN_POINT('',(-2.41249236369,-6.520968659987,
    2.191999998128));
#2437 = CARTESIAN_POINT('',(-0.228603177297,-6.993426182939,
    2.26250000301));
#2438 = CARTESIAN_POINT('',(1.98147861126,-6.664600080163,2.332999997101
    ));
#2439 = CARTESIAN_POINT('',(3.900853225374,-5.601591615762,2.40350000224
    ));
#2440 = CARTESIAN_POINT('',(5.288187604953,-3.996981053579,
    2.473999999117));
#2441 = CARTESIAN_POINT('',(6.017343378087,-2.108756384159,
    2.544500000334));
#2442 = CARTESIAN_POINT('',(6.142213892038,1.711281193675,2.685499999923
    ));
#2443 = CARTESIAN_POINT('',(5.537928621243,3.643093777521,2.756000000844
    ));
#2444 = CARTESIAN_POINT('',(4.258347873417,5.334881245463,2.826499997919
    ));
#2445 = CARTESIAN_POINT('',(2.412492365729,6.520968662647,2.897000004641
    ));
#2446 = CARTESIAN_POINT('',(0.228603174128,6.993426184527,2.967499993424
    ));
#2447 = CARTESIAN_POINT('',(-1.981478607989,6.664600074645,
    3.038000007114));
#2448 = CARTESIAN_POINT('',(-3.900853227662,5.601591621844,
    3.108499994871));
#2449 = CARTESIAN_POINT('',(-5.288187603902,3.996981049716,
    3.179000002822));
#2450 = CARTESIAN_POINT('',(-6.017343378366,2.108756385638,3.24949999917
    ));
#2451 = CARTESIAN_POINT('',(-6.079778635042,0.198737594947,
    3.320000000285));
#2452 = CARTESIAN_POINT('',(-6.097351973268,-0.387572577439,
    1.910000000108));
#2453 = CARTESIAN_POINT('',(-5.975592457006,-2.303112194255,
    1.98050000045));
#2454 = CARTESIAN_POINT('',(-5.185185302108,-4.176149670671,
    2.05099999936));
#2455 = CARTESIAN_POINT('',(-3.742804359187,-5.744107739548,
    2.121500002177));
#2456 = CARTESIAN_POINT('',(-1.783060207882,-6.75189354288,
    2.191999996519));
#2457 = CARTESIAN_POINT('',(0.445815606545,-7.013640380068,
    2.262500005115));
#2458 = CARTESIAN_POINT('',(2.623611351076,-6.471787515424,
    2.332999995366));
#2459 = CARTESIAN_POINT('',(4.439980559302,-5.223976529325,
    2.403500003506));
#2460 = CARTESIAN_POINT('',(5.672223346654,-3.486008464886,
    2.473999998645));
#2461 = CARTESIAN_POINT('',(6.219111489339,-1.527967038455,
    2.544500000574));
#2462 = CARTESIAN_POINT('',(5.975592457146,2.303112193396,2.6854999998)
  );
#2463 = CARTESIAN_POINT('',(5.185185301956,4.176149673326,2.75600000183)
  );
#2464 = CARTESIAN_POINT('',(3.742804358772,5.744107735425,2.826499995778
    ));
#2465 = CARTESIAN_POINT('',(1.783060209701,6.75189354577,2.89700000842)
  );
#2466 = CARTESIAN_POINT('',(-0.445815609913,7.013640381385,
    2.967499989018));
#2467 = CARTESIAN_POINT('',(-2.623611347234,6.471787510127,
    3.038000011216));
#2468 = CARTESIAN_POINT('',(-4.439980562199,5.223976535286,
    3.108499992267));
#2469 = CARTESIAN_POINT('',(-5.672223345222,3.486008461062,3.17900000421
    ));
#2470 = CARTESIAN_POINT('',(-6.219111489762,1.52796703993,3.249499998792
    ));
#2471 = CARTESIAN_POINT('',(-6.097351973193,-0.387572577768,
    3.320000000468));
#2472 = CARTESIAN_POINT('',(-6.07081047784,-0.977005540882,
    1.910000000149));
#2473 = CARTESIAN_POINT('',(-5.763875134779,-2.884206900991,
    1.980500000691));
#2474 = CARTESIAN_POINT('',(-4.791202761963,-4.684267739528,
    2.050999998951));
#2475 = CARTESIAN_POINT('',(-3.194850608649,-6.115752170265,
    2.121500003312));
#2476 = CARTESIAN_POINT('',(-1.134300451163,-6.936109675898,
    2.191999994899));
#2477 = CARTESIAN_POINT('',(1.123826463026,-6.983110323015,2.26250000723
    ));
#2478 = CARTESIAN_POINT('',(3.253189067439,-6.230009300888,
    2.332999993625));
#2479 = CARTESIAN_POINT('',(4.952315019476,-4.804588527406,
    2.403500004775));
#2480 = CARTESIAN_POINT('',(6.018944081644,-2.944537370609,
    2.473999998173));
#2481 = CARTESIAN_POINT('',(6.37774582062,-0.930195818308,2.544500000815
    ));
#2482 = CARTESIAN_POINT('',(5.763875135001,2.884206900131,2.685499999676
    ));
#2483 = CARTESIAN_POINT('',(4.791202761563,4.684267742214,2.756000002824
    ));
#2484 = CARTESIAN_POINT('',(3.194850608609,6.115752166035,2.82649999362)
  );
#2485 = CARTESIAN_POINT('',(1.134300452746,6.936109679004,2.897000012224
    ));
#2486 = CARTESIAN_POINT('',(-1.123826466573,6.983110324042,
    2.967499984593));
#2487 = CARTESIAN_POINT('',(-3.253189063041,6.230009295858,3.03800001533
    ));
#2488 = CARTESIAN_POINT('',(-4.952315022975,4.804588533197,3.10849998966
    ));
#2489 = CARTESIAN_POINT('',(-6.018944079833,2.944537366855,3.1790000056)
  );
#2490 = CARTESIAN_POINT('',(-6.377745821187,0.930195819768,
    3.249499998414));
#2491 = CARTESIAN_POINT('',(-6.070810477733,-0.97700554121,
    3.320000000651));
#2492 = CARTESIAN_POINT('',(-5.984650059349,-1.564586974246,
    1.91000000019));
#2493 = CARTESIAN_POINT('',(-5.49312056482,-3.444720240576,
    1.980500000932));
#2494 = CARTESIAN_POINT('',(-4.345302578114,-5.153277648232,
    2.050999998541));
#2495 = CARTESIAN_POINT('',(-2.608557174861,-6.432532124758,
    2.121500004448));
#2496 = CARTESIAN_POINT('',(-0.466004593337,-7.055007231939,
    2.191999993282));
#2497 = CARTESIAN_POINT('',(1.799707548069,-6.884002022812,
    2.262500009337));
#2498 = CARTESIAN_POINT('',(3.859215161953,-5.924250645148,
    2.332999991895));
#2499 = CARTESIAN_POINT('',(5.422979213225,-4.332820844736,
    2.403500006035));
#2500 = CARTESIAN_POINT('',(6.311420471709,-2.367255091435,
    2.473999997705));
#2501 = CARTESIAN_POINT('',(6.47617955351,-0.315546291175,2.544500001056
    ));
#2502 = CARTESIAN_POINT('',(5.493120565123,3.444720239722,2.685499999551
    ));
#2503 = CARTESIAN_POINT('',(4.34530257746,5.153277650922,2.756000003821)
  );
#2504 = CARTESIAN_POINT('',(2.608557175208,6.432532120459,2.82649999146)
  );
#2505 = CARTESIAN_POINT('',(0.466004594659,7.055007235236,2.897000016021
    ));
#2506 = CARTESIAN_POINT('',(-1.799707551765,6.884002023534,
    2.967499980187));
#2507 = CARTESIAN_POINT('',(-3.859215157025,5.924250640439,
    3.038000019416));
#2508 = CARTESIAN_POINT('',(-5.422979217311,4.3328208503,3.108499987077)
  );
#2509 = CARTESIAN_POINT('',(-6.311420469526,2.367255087787,
    3.179000006976));
#2510 = CARTESIAN_POINT('',(-6.47617955422,0.315546292606,3.249499998041
    ));
#2511 = CARTESIAN_POINT('',(-5.984650059211,-1.564586974569,
    3.320000000834));
#2512 = CARTESIAN_POINT('',(-5.842074344096,-2.14464272215,1.91000000023
    ));
#2513 = CARTESIAN_POINT('',(-5.168314961912,-3.979984506512,
    1.980500001172));
#2514 = CARTESIAN_POINT('',(-3.853902237694,-5.58014037816,
    2.050999998133));
#2515 = CARTESIAN_POINT('',(-1.991177140779,-6.693521565795,
    2.121500005574));
#2516 = CARTESIAN_POINT('',(0.214516769922,-7.110009746446,
    2.191999991681));
#2517 = CARTESIAN_POINT('',(2.466932014368,-6.720000535344,
    2.262500011417));
#2518 = CARTESIAN_POINT('',(4.436694360237,-5.560035903027,
    2.332999990192));
#2519 = CARTESIAN_POINT('',(5.849019396897,-3.81536228956,2.403500007274
    ));
#2520 = CARTESIAN_POINT('',(6.548939650346,-1.761226441352,
    2.473999997245));
#2521 = CARTESIAN_POINT('',(6.515833725822,0.309300938678,2.544500001293
    ));
#2522 = CARTESIAN_POINT('',(5.168314962298,3.979984505672,2.685499999427
    ));
#2523 = CARTESIAN_POINT('',(3.853902236787,5.58014038083,2.756000004809)
  );
#2524 = CARTESIAN_POINT('',(1.991177141522,6.693521561465,2.826499989319
    ));
#2525 = CARTESIAN_POINT('',(-0.214516768879,7.11000974991,2.897000019774
    ));
#2526 = CARTESIAN_POINT('',(-2.466932018184,6.720000535744,
    2.967499975842));
#2527 = CARTESIAN_POINT('',(-4.436694354809,5.560035898692,
    3.038000023435));
#2528 = CARTESIAN_POINT('',(-5.849019401547,3.815362294838,
    3.108499984542));
#2529 = CARTESIAN_POINT('',(-6.5489396478,1.761226437846,3.179000008325)
  );
#2530 = CARTESIAN_POINT('',(-6.515833726672,-0.309300937289,
    3.249499997675));
#2531 = CARTESIAN_POINT('',(-5.842074343926,-2.144642722466,
    3.320000001013));
#2532 = CARTESIAN_POINT('',(-5.642908724307,-2.711636530843,
    1.910000000269));
#2533 = CARTESIAN_POINT('',(-4.791022983697,-4.484408590398,
    1.980500001407));
#2534 = CARTESIAN_POINT('',(-3.320324811436,-5.959817082776,
    2.05099999773));
#2535 = CARTESIAN_POINT('',(-1.347572725293,-6.89484855957,2.12150000668
    ));
#2536 = CARTESIAN_POINT('',(0.901323337393,-7.098927300784,
    2.191999990112));
#2537 = CARTESIAN_POINT('',(3.119131639613,-6.490905013401,
    2.262500013449));
#2538 = CARTESIAN_POINT('',(4.979560168732,-5.139176311157,
    2.332999988532));
#2539 = CARTESIAN_POINT('',(6.225339024009,-3.255770706424,
    2.403500008481));
#2540 = CARTESIAN_POINT('',(6.727867626943,-1.131270848307,
    2.473999996797));
#2541 = CARTESIAN_POINT('',(6.494794464373,0.938864472149,2.544500001525
    ));
#2542 = CARTESIAN_POINT('',(4.791022984164,4.484408589582,2.685499999304
    ));
#2543 = CARTESIAN_POINT('',(3.320324810278,5.959817085403,2.75600000578)
  );
#2544 = CARTESIAN_POINT('',(1.347572726433,6.894848555247,2.826499987218
    ));
#2545 = CARTESIAN_POINT('',(-0.901323336646,7.098927304389,
    2.897000023449));
#2546 = CARTESIAN_POINT('',(-3.119131643518,6.490905013467,2.9674999716)
  );
#2547 = CARTESIAN_POINT('',(-4.97956016284,5.139176307244,3.038000027349
    ));
#2548 = CARTESIAN_POINT('',(-6.225339029196,3.255770711361,
    3.108499982079));
#2549 = CARTESIAN_POINT('',(-6.727867624047,1.131270844979,
    3.179000009635));
#2550 = CARTESIAN_POINT('',(-6.49479446536,-0.938864470816,3.24949999732
    ));
#2551 = CARTESIAN_POINT('',(-5.642908724106,-2.711636531148,
    3.320000001189));
#2552 = CARTESIAN_POINT('',(-5.388582661175,-3.260057201922,
    1.910000000307));
#2553 = CARTESIAN_POINT('',(-4.364405485408,-4.952930372311,
    1.980500001636));
#2554 = CARTESIAN_POINT('',(-2.74930579093,-6.288299089489,
    2.050999997338));
#2555 = CARTESIAN_POINT('',(-0.683659960664,-7.034100706367,
    2.121500007755));
#2556 = CARTESIAN_POINT('',(1.587922331865,-7.021318449028,
    2.191999988592));
#2557 = CARTESIAN_POINT('',(3.749967022073,-6.198359732528,
    2.262500015413));
#2558 = CARTESIAN_POINT('',(5.482352908855,-4.665213470899,
    2.332999986931));
#2559 = CARTESIAN_POINT('',(6.547940431704,-2.659029849116,
    2.403500009643));
#2560 = CARTESIAN_POINT('',(6.846014317223,-0.483193298726,
    2.473999996367));
#2561 = CARTESIAN_POINT('',(6.412759836315,1.567184032358,2.544500001749
    ));
#2562 = CARTESIAN_POINT('',(4.364405485952,4.952930371525,2.685499999185
    ));
#2563 = CARTESIAN_POINT('',(2.749305789524,6.288299092048,2.756000006725
    ));
#2564 = CARTESIAN_POINT('',(0.683659962202,7.034100702086,2.826499985177
    ));
#2565 = CARTESIAN_POINT('',(-1.587922331428,7.021318452747,
    2.897000027009));
#2566 = CARTESIAN_POINT('',(-3.749967026035,6.198359732248,
    2.967499967502));
#2567 = CARTESIAN_POINT('',(-5.48235290254,4.665213467458,3.03800003112)
  );
#2568 = CARTESIAN_POINT('',(-6.547940437397,2.659029853659,
    3.108499979713));
#2569 = CARTESIAN_POINT('',(-6.846014313995,0.483193295612,
    3.179000010893));
#2570 = CARTESIAN_POINT('',(-6.412759837432,-1.567184031095,
    3.249499996981));
#2571 = CARTESIAN_POINT('',(-5.388582660944,-3.260057202214,
    3.320000001358));
#2572 = CARTESIAN_POINT('',(-5.080777233238,-3.784515162894,
    1.910000000343));
#2573 = CARTESIAN_POINT('',(-3.891836729718,-5.380688406156,
    1.980500001856));
#2574 = CARTESIAN_POINT('',(-2.145728272449,-6.56184410971,
    2.050999996959));
#2575 = CARTESIAN_POINT('',(-5.414325245108E-03,-7.10917352693,
    2.121500008788));
#2576 = CARTESIAN_POINT('',(2.267861940402,-6.877058544498,
    2.191999987135));
#2577 = CARTESIAN_POINT('',(4.353238663432,-5.844298397775,2.26250001729
    ));
#2578 = CARTESIAN_POINT('',(5.939835714915,-4.141917881523,
    2.332999985406));
#2579 = CARTESIAN_POINT('',(6.81310418724,-2.030268167155,2.403500010749
    ));
#2580 = CARTESIAN_POINT('',(6.901490081209,0.177151413296,2.473999995957
    ));
#2581 = CARTESIAN_POINT('',(6.269717736051,2.188341920412,2.544500001964
    ));
#2582 = CARTESIAN_POINT('',(3.891836730339,5.380688405408,2.68549999907)
  );
#2583 = CARTESIAN_POINT('',(2.145728270801,6.561844112177,2.756000007634
    ));
#2584 = CARTESIAN_POINT('',(5.414327176817E-03,7.109173522733,
    2.826499983216));
#2585 = CARTESIAN_POINT('',(-2.267861940285,6.877058548299,2.89700003042
    ));
#2586 = CARTESIAN_POINT('',(-4.353238667419,5.844298397147,
    2.967499963588));
#2587 = CARTESIAN_POINT('',(-5.93983570822,4.141917878592,3.038000034712
    ));
#2588 = CARTESIAN_POINT('',(-6.813104193401,2.030268171254,
    3.108499977465));
#2589 = CARTESIAN_POINT('',(-6.901490077669,-0.177151416166,
    3.179000012087));
#2590 = CARTESIAN_POINT('',(-6.269717737293,-2.188341919232,
    3.249499996659));
#2591 = CARTESIAN_POINT('',(-5.080777232979,-3.784515163169,
    3.320000001519));
#2592 = CARTESIAN_POINT('',(-4.721779004986,-4.279782764752,
    1.910000000377));
#2593 = CARTESIAN_POINT('',(-3.377245595489,-5.763173388345,
    1.980500002065));
#2594 = CARTESIAN_POINT('',(-1.514912699907,-6.777234459517,
    2.050999996598));
#2595 = CARTESIAN_POINT('',(0.680928050873,-7.11861577689,2.121500009769
    ));
#2596 = CARTESIAN_POINT('',(2.934647138426,-6.666738029353,
    2.191999985755));
#2597 = CARTESIAN_POINT('',(4.922933322155,-5.431351190425,
    2.262500019061));
#2598 = CARTESIAN_POINT('',(6.34716610572,-3.573658105967,2.332999983973
    ));
#2599 = CARTESIAN_POINT('',(7.017662782036,-1.375050039941,
    2.403500011787));
#2600 = CARTESIAN_POINT('',(6.893046105615,0.843672222283,2.473999995574
    ));
#2601 = CARTESIAN_POINT('',(6.0663124137,2.796392141885,2.544500002166)
  );
#2602 = CARTESIAN_POINT('',(3.377245596181,5.763173387643,2.68549999896)
  );
#2603 = CARTESIAN_POINT('',(1.514912698026,6.777234461867,2.756000008498
    ));
#2604 = CARTESIAN_POINT('',(-0.680928048554,7.118615772816,
    2.826499981354));
#2605 = CARTESIAN_POINT('',(-2.934647138638,6.666738033204,
    2.897000033647));
#2606 = CARTESIAN_POINT('',(-4.922933326132,5.431351189447,
    2.967499959898));
#2607 = CARTESIAN_POINT('',(-6.347166098696,3.573658103582,
    3.038000038087));
#2608 = CARTESIAN_POINT('',(-7.017662788622,1.375050043553,
    3.108499975361));
#2609 = CARTESIAN_POINT('',(-6.893046101786,-0.843672224878,
    3.179000013203));
#2610 = CARTESIAN_POINT('',(-6.066312415058,-2.7963921408,3.249499996359
    ));
#2611 = CARTESIAN_POINT('',(-4.7217790047,-4.279782765007,3.320000001671
    ));
#2612 = CARTESIAN_POINT('',(-4.31436584325,-4.740849479561,
    1.910000000409));
#2613 = CARTESIAN_POINT('',(-2.824984053329,-6.096247483549,
    1.980500002261));
#2614 = CARTESIAN_POINT('',(-0.862480521193,-6.931754460487,
    2.050999996258));
#2615 = CARTESIAN_POINT('',(1.368996649814,-7.061563786664,
    2.121500010688));
#2616 = CARTESIAN_POINT('',(3.58184080615,-6.391558562453,2.191999984466
    ));
#2617 = CARTESIAN_POINT('',(5.453287505957,-4.962713425277,
    2.262500020709));
#2618 = CARTESIAN_POINT('',(6.699914578364,-2.965257006371,
    2.332999982643));
#2619 = CARTESIAN_POINT('',(7.158973658641,-0.699236040248,
    2.403500012748));
#2620 = CARTESIAN_POINT('',(6.820007423501,1.510162679546,2.473999995219
    ));
#2621 = CARTESIAN_POINT('',(5.80374763232,3.38545147624,2.544500002355)
  );
#2622 = CARTESIAN_POINT('',(2.824984054088,6.096247482899,2.685499998857
    ));
#2623 = CARTESIAN_POINT('',(0.86248051909,6.931754462698,2.756000009308)
  );
#2624 = CARTESIAN_POINT('',(-1.36899664712,7.061563782749,2.826499979611
    ));
#2625 = CARTESIAN_POINT('',(-3.581840806698,6.391558566323,
    2.897000036657));
#2626 = CARTESIAN_POINT('',(-5.453287509889,4.962713423948,2.96749995647
    ));
#2627 = CARTESIAN_POINT('',(-6.699914571064,2.965257004566,3.03800004121
    ));
#2628 = CARTESIAN_POINT('',(-7.158973665605,0.699236043329,
    3.108499973421));
#2629 = CARTESIAN_POINT('',(-6.820007419409,-1.510162681838,
    3.179000014231));
#2630 = CARTESIAN_POINT('',(-5.803747633785,-3.385451475261,
    3.249499996084));
#2631 = CARTESIAN_POINT('',(-4.31436584294,-4.740849479794,
    3.320000001813));
#2632 = CARTESIAN_POINT('',(-3.861812772668,-5.162971291284,
    1.910000000438));
#2633 = CARTESIAN_POINT('',(-2.239817504465,-6.376195555062,
    1.980500002442));
#2634 = CARTESIAN_POINT('',(-0.194328368334,-7.023238093319,
    2.050999995942));
#2635 = CARTESIAN_POINT('',(2.052327059631,-6.937779869732,
    2.121500011536));
#2636 = CARTESIAN_POINT('',(4.203115171022,-6.053357216745,
    2.191999983281));
#2637 = CARTESIAN_POINT('',(5.938844284911,-4.442152286038,
    2.262500022216));
#2638 = CARTESIAN_POINT('',(6.994120282522,-2.32198024577,2.332999981433
    ));
#2639 = CARTESIAN_POINT('',(7.234967562598,-8.955058894475E-03,
    2.403500013621));
#2640 = CARTESIAN_POINT('',(6.682309160778,2.17034124863,2.473999994898)
  );
#2641 = CARTESIAN_POINT('',(5.483808039953,3.949747028105,2.544500002527
    ));
#2642 = CARTESIAN_POINT('',(2.239817505288,6.376195554471,2.685499998761
    ));
#2643 = CARTESIAN_POINT('',(0.194328366022,7.023238095371,2.756000010057
    ));
#2644 = CARTESIAN_POINT('',(-2.052327056578,6.937779866013,
    2.826499978002));
#2645 = CARTESIAN_POINT('',(-4.203115171906,6.053357220603,
    2.897000039423));
#2646 = CARTESIAN_POINT('',(-5.938844288764,4.442152284361,
    2.967499953336));
#2647 = CARTESIAN_POINT('',(-6.994120275,2.321980244574,3.038000044052)
  );
#2648 = CARTESIAN_POINT('',(-7.23496756989,8.955061407628E-03,
    3.108499971665));
#2649 = CARTESIAN_POINT('',(-6.682309156452,-2.170341250592,
    3.179000015161));
#2650 = CARTESIAN_POINT('',(-5.483808041516,-3.949747027243,
    3.249499995835));
#2651 = CARTESIAN_POINT('',(-3.861812772335,-5.162971291492,
    3.320000001941));
#2652 = CARTESIAN_POINT('',(-3.367859053732,-5.541719245318,
    1.910000000463));
#2653 = CARTESIAN_POINT('',(-1.626876606518,-6.599763371613,
    1.980500002606));
#2654 = CARTESIAN_POINT('',(0.483431758732,-7.050091537871,
    2.050999995654));
#2655 = CARTESIAN_POINT('',(2.724426731424,-6.747655289492,
    2.121500012305));
#2656 = CARTESIAN_POINT('',(4.792316350482,-5.654588323224,
    2.191999982213));
#2657 = CARTESIAN_POINT('',(6.374509136841,-3.873968955995,
    2.262500023566));
#2658 = CARTESIAN_POINT('',(7.226331769893,-1.649483044396,
    2.332999980354));
#2659 = CARTESIAN_POINT('',(7.244170117574,0.689457882995,2.403500014398
    ));
#2660 = CARTESIAN_POINT('',(6.480497729129,2.817915216275,2.473999994613
    ));
#2661 = CARTESIAN_POINT('',(5.10884149997,4.48367511955,2.544500002682)
  );
#2662 = CARTESIAN_POINT('',(1.626876607397,6.599763371088,2.685499998674
    ));
#2663 = CARTESIAN_POINT('',(-0.483431761237,7.050091539742,
    2.756000010736));
#2664 = CARTESIAN_POINT('',(-2.72442672803,6.747655286004,2.826499976548
    ));
#2665 = CARTESIAN_POINT('',(-4.7923163517,5.654588327038,2.89700004191)
  );
#2666 = CARTESIAN_POINT('',(-6.374509140585,3.873968953975,
    2.967499950533));
#2667 = CARTESIAN_POINT('',(-7.226331762206,1.64948304383,3.038000046579
    ));
#2668 = CARTESIAN_POINT('',(-7.24417012514,-0.689457881082,
    3.108499970112));
#2669 = CARTESIAN_POINT('',(-6.4804977246,-2.817915217884,3.179000015982
    ));
#2670 = CARTESIAN_POINT('',(-5.108841501619,-4.483675118813,
    3.249499995617));
#2671 = CARTESIAN_POINT('',(-3.367859053378,-5.5417192455,3.320000002056
    ));
#2672 = CARTESIAN_POINT('',(-2.83667965495,-5.873025163011,
    1.910000000486));
#2673 = CARTESIAN_POINT('',(-0.991614384011,-6.764194359588,
    1.980500002752));
#2674 = CARTESIAN_POINT('',(1.164526614859,-7.011315949954,
    2.050999995397));
#2675 = CARTESIAN_POINT('',(3.378835238111,-6.492215275875,
    2.121500012985));
#2676 = CARTESIAN_POINT('',(5.343524232628,-5.198309055318,
    2.191999981273));
#2677 = CARTESIAN_POINT('',(6.755602531653,-3.262965803096,
    2.262500024746));
#2678 = CARTESIAN_POINT('',(7.393646257252,-0.953762725307,
    2.332999979419));
#2679 = CARTESIAN_POINT('',(7.18572379911,1.389517967283,2.403500015069)
  );
#2680 = CARTESIAN_POINT('',(6.215734149852,3.44663931836,2.473999994368)
  );
#2681 = CARTESIAN_POINT('',(4.681744924862,4.981855966882,2.544500002817
    ));
#2682 = CARTESIAN_POINT('',(0.99161438494,6.764194359134,2.685499998596)
  );
#2683 = CARTESIAN_POINT('',(-1.16452661754,7.011315951625,2.756000011338
    ));
#2684 = CARTESIAN_POINT('',(-3.378835234396,6.492215272652,
    2.826499975261));
#2685 = CARTESIAN_POINT('',(-5.34352423418,5.198309059052,2.897000044096
    ));
#2686 = CARTESIAN_POINT('',(-6.755602535249,3.262965800749,2.96749994809
    ));
#2687 = CARTESIAN_POINT('',(-7.393646249466,0.953762725386,
    3.038000048765));
#2688 = CARTESIAN_POINT('',(-7.18572380689,-1.389517965997,
    3.108499968779));
#2689 = CARTESIAN_POINT('',(-6.215734145156,-3.446639319597,
    3.179000016685));
#2690 = CARTESIAN_POINT('',(-4.681744926585,-4.98185596628,
    3.249499995431));
#2691 = CARTESIAN_POINT('',(-2.836679654579,-5.873025163165,
    3.320000002156));
#2692 = CARTESIAN_POINT('',(-2.272849735238,-6.153224566813,
    1.910000000504));
#2693 = CARTESIAN_POINT('',(-0.339757225434,-6.867261370001,
    1.980500002877));
#2694 = CARTESIAN_POINT('',(1.842580303037,-6.906523362859,
    2.050999995174));
#2695 = CARTESIAN_POINT('',(4.009186714615,-6.173115883591,2.12150001357
    ));
#2696 = CARTESIAN_POINT('',(5.851111857979,-4.688156425734,
    2.191999980471));
#2697 = CARTESIAN_POINT('',(7.077909307115,-2.614405524897,
    2.262500025742));
#2698 = CARTESIAN_POINT('',(7.49374333897,-0.241104688428,2.332999978638
    ));
#2699 = CARTESIAN_POINT('',(7.05940270937,2.08465132711,2.403500015627)
  );
#2700 = CARTESIAN_POINT('',(5.889789401856,4.050376274171,2.473999994164
    ));
#2701 = CARTESIAN_POINT('',(4.20594224397,5.439187763988,2.544500002931)
  );
#2702 = CARTESIAN_POINT('',(0.339757226408,6.867261369623,2.685499998529
    ));
#2703 = CARTESIAN_POINT('',(-1.842580305875,6.906523364312,
    2.756000011858));
#2704 = CARTESIAN_POINT('',(-4.009186710606,6.173115880664,
    2.826499974156));
#2705 = CARTESIAN_POINT('',(-5.851111859855,4.688156429357,
    2.897000045955));
#2706 = CARTESIAN_POINT('',(-7.077909310536,2.614405522234,
    2.967499946032));
#2707 = CARTESIAN_POINT('',(-7.493743331144,0.241104689163,
    3.038000050587));
#2708 = CARTESIAN_POINT('',(-7.059402717304,-2.084651326473,
    3.10849996768));
#2709 = CARTESIAN_POINT('',(-5.889789397027,-4.050376275018,
    3.179000017262));
#2710 = CARTESIAN_POINT('',(-4.205942245754,-5.439187763527,
    3.24949999528));
#2711 = CARTESIAN_POINT('',(-2.272849734851,-6.153224566936,
    3.32000000224));
#2712 = CARTESIAN_POINT('',(-1.681305610144,-6.379095831298,
    1.910000000519));
#2713 = CARTESIAN_POINT('',(0.322746450186,-6.907293566694,
    1.980500002981));
#2714 = CARTESIAN_POINT('',(2.511173626954,-6.73594701936,2.050999994986
    ));
#2715 = CARTESIAN_POINT('',(4.609271262942,-5.792635155396,
    2.121500014052));
#2716 = CARTESIAN_POINT('',(6.309801979237,-4.128319106665,
    2.191999979817));
#2717 = CARTESIAN_POINT('',(7.337723703375,-1.933966248921,
    2.262500026542));
#2718 = CARTESIAN_POINT('',(7.524913336331,0.48197406444,2.332999978019)
  );
#2719 = CARTESIAN_POINT('',(6.865621598014,2.768256425186,2.403500016066
    ));
#2720 = CARTESIAN_POINT('',(5.505034267719,4.623156169682,2.473999994006
    ));
#2721 = CARTESIAN_POINT('',(3.685357669366,5.850898096176,2.544500003024
    ));
#2722 = CARTESIAN_POINT('',(-0.322746449175,6.907293566396,
    2.685499998472));
#2723 = CARTESIAN_POINT('',(-2.511173629929,6.735947020581,
    2.756000012288));
#2724 = CARTESIAN_POINT('',(-4.609271258666,5.792635152793,
    2.826499973245));
#2725 = CARTESIAN_POINT('',(-6.309801981428,4.128319110146,
    2.897000047467));
#2726 = CARTESIAN_POINT('',(-7.337723706586,1.933966245959,
    2.967499944385));
#2727 = CARTESIAN_POINT('',(-7.524913328531,-0.481974063043,
    3.038000052022));
#2728 = CARTESIAN_POINT('',(-6.865621606039,-2.768256425213,
    3.10849996683));
#2729 = CARTESIAN_POINT('',(-5.505034262796,-4.623156170128,
    3.179000017707));
#2730 = CARTESIAN_POINT('',(-3.685357671197,-5.850898095864,
    3.249499995165));
#2731 = CARTESIAN_POINT('',(-1.681305609745,-6.379095831389,
    3.320000002307));
#2732 = CARTESIAN_POINT('',(-1.067301523261,-6.547896802574,
    1.91000000053));
#2733 = CARTESIAN_POINT('',(0.989780926203,-6.883199465082,
    1.980500003061));
#2734 = CARTESIAN_POINT('',(3.16390558771,-6.500446814044,2.050999994837
    ));
#2735 = CARTESIAN_POINT('',(5.17309689505,-5.353658813744,2.121500014427
    ));
#2736 = CARTESIAN_POINT('',(6.714722391672,-3.523503786371,
    2.191999979319));
#2737 = CARTESIAN_POINT('',(7.531891485387,-1.227691807832,
    2.262500027136));
#2738 = CARTESIAN_POINT('',(7.486081385794,1.208785038567,2.332999977572
    ));
#2739 = CARTESIAN_POINT('',(6.605439791313,3.433767506217,2.403500016379
    ));
#2740 = CARTESIAN_POINT('',(5.064423854285,5.159236222537,2.473999993894
    ));
#2741 = CARTESIAN_POINT('',(3.124383971592,6.212594140249,2.544500003092
    ));
#2742 = CARTESIAN_POINT('',(-0.989780925164,6.883199464868,
    2.685499998427));
#2743 = CARTESIAN_POINT('',(-3.163905590798,6.50044681502,2.756000012624
    ));
#2744 = CARTESIAN_POINT('',(-5.17309689054,5.353658811491,2.826499972541
    ));
#2745 = CARTESIAN_POINT('',(-6.714722394164,3.52350378968,2.897000048612
    ));
#2746 = CARTESIAN_POINT('',(-7.531891488361,1.22769180459,2.967499943169
    ));
#2747 = CARTESIAN_POINT('',(-7.486081378082,-1.20878503651,
    3.038000053053));
#2748 = CARTESIAN_POINT('',(-6.605439799366,-3.433767506919,
    3.108499966239));
#2749 = CARTESIAN_POINT('',(-5.064423849306,-5.15923622257,
    3.179000018013));
#2750 = CARTESIAN_POINT('',(-3.124383973456,-6.21259414009,
    3.249499995088));
#2751 = CARTESIAN_POINT('',(-1.067301522853,-6.547896802632,
    3.320000002356));
#2752 = CARTESIAN_POINT('',(-0.436363443718,-6.657392363957,
    1.910000000536));
#2753 = CARTESIAN_POINT('',(1.655118050875,-6.794479982882,
    1.980500003118));
#2754 = CARTESIAN_POINT('',(3.794451839684,-6.201504806185,
    2.050999994728));
#2755 = CARTESIAN_POINT('',(5.694945328207,-4.859657202495,
    2.121500014689));
#2756 = CARTESIAN_POINT('',(7.061452520465,-2.878895029269,
    2.191999978983));
#2757 = CARTESIAN_POINT('',(7.657841651066,-0.50193859378,2.262500027518
    ));
#2758 = CARTESIAN_POINT('',(7.376820634913,1.932528308445,2.332999977301
    ));
#2759 = CARTESIAN_POINT('',(6.280554982692,4.074714648958,2.403500016563
    ));
#2760 = CARTESIAN_POINT('',(4.57147377683,5.653154354702,2.473999993831)
  );
#2761 = CARTESIAN_POINT('',(2.527844937159,6.52030474512,2.544500003136)
  );
#2762 = CARTESIAN_POINT('',(-1.655118049815,6.794479982754,
    2.685499998394));
#2763 = CARTESIAN_POINT('',(-3.794451842862,6.201504806903,
    2.756000012861));
#2764 = CARTESIAN_POINT('',(-5.694945323496,4.859657200616,2.82649997205
    ));
#2765 = CARTESIAN_POINT('',(-7.061452523241,2.878895032375,
    2.897000049377));
#2766 = CARTESIAN_POINT('',(-7.657841653776,0.501938590282,2.9674999424)
  );
#2767 = CARTESIAN_POINT('',(-7.376820627352,-1.932528305737,
    3.038000053665));
#2768 = CARTESIAN_POINT('',(-6.280554990708,-4.074714650337,
    3.108499965914));
#2769 = CARTESIAN_POINT('',(-4.571473771835,-5.653154354318,
    3.179000018176));
#2770 = CARTESIAN_POINT('',(-2.527844939042,-6.520304745117,
    3.24949999505));
#2771 = CARTESIAN_POINT('',(-0.436363443304,-6.657392363981,
    3.320000002386));
#2772 = CARTESIAN_POINT('',(0.205762080632,-6.705895680751,
    1.910000000539));
#2773 = CARTESIAN_POINT('',(2.312481341598,-6.64125361665,1.98050000315)
  );
#2774 = CARTESIAN_POINT('',(4.396636143348,-5.841229805055,
    2.050999994661));
#2775 = CARTESIAN_POINT('',(6.169443401202,-4.314666960493,
    2.121500014834));
#2776 = CARTESIAN_POINT('',(7.346086628082,-2.200114717596,
    2.191999978814));
#2777 = CARTESIAN_POINT('',(7.713633874185,0.236683274572,2.26250002768)
  );
#2778 = CARTESIAN_POINT('',(7.197378484939,2.646362884507,2.332999977212
    ));
#2779 = CARTESIAN_POINT('',(5.89330600876,4.684797444072,2.403500016615)
  );
#2780 = CARTESIAN_POINT('',(4.030240535981,6.099798050753,2.473999993817
    ));
#2781 = CARTESIAN_POINT('',(1.900957179173,6.770537744843,2.544500003156
    ));
#2782 = CARTESIAN_POINT('',(-2.312481340526,6.641253616611,
    2.685499998374));
#2783 = CARTESIAN_POINT('',(-4.396636146591,5.841229805508,
    2.756000012997));
#2784 = CARTESIAN_POINT('',(-6.169443396327,4.314666959007,
    2.826499971781));
#2785 = CARTESIAN_POINT('',(-7.346086631123,2.200114720474,2.89700004975
    ));
#2786 = CARTESIAN_POINT('',(-7.713633876606,-0.236683278303,
    2.967499942089));
#2787 = CARTESIAN_POINT('',(-7.197378477594,-2.646362881161,
    3.03800005385));
#2788 = CARTESIAN_POINT('',(-5.893306016673,-4.684797446125,
    3.108499965863));
#2789 = CARTESIAN_POINT('',(-4.03024053101,-6.099798049949,
    3.179000018194));
#2790 = CARTESIAN_POINT('',(-1.900957181059,-6.770537744997,
    3.249499995052));
#2791 = CARTESIAN_POINT('',(0.205762081048,-6.705895680739,
    3.320000002397));
#2792 = CARTESIAN_POINT('',(0.853154816067,-6.692235970112,
    1.910000000536));
#2793 = CARTESIAN_POINT('',(2.955582752373,-6.42420947982,1.980500003157
    ));
#2794 = CARTESIAN_POINT('',(4.964451864969,-5.422299210561,
    2.050999994636));
#2795 = CARTESIAN_POINT('',(6.591565551761,-3.723227218692,
    2.121500014862));
#2796 = CARTESIAN_POINT('',(7.56521580975,-1.493159555118,2.191999978813
    ));
#2797 = CARTESIAN_POINT('',(7.697921430812,0.9813638918,2.26250002762));
#2798 = CARTESIAN_POINT('',(6.948624695949,3.343445916086,2.332999977306
    ));
#2799 = CARTESIAN_POINT('',(5.446612395442,5.257905543424,2.403500016533
    ));
#2800 = CARTESIAN_POINT('',(3.445259516421,6.49440512581,2.473999993852)
  );
#2801 = CARTESIAN_POINT('',(1.249273119078,6.960262460297,2.54450000315)
  );
#2802 = CARTESIAN_POINT('',(-2.955582751297,6.424209479872,
    2.685499998367));
#2803 = CARTESIAN_POINT('',(-4.964451868252,5.422299210741,
    2.756000013029));
#2804 = CARTESIAN_POINT('',(-6.591565546758,3.723227217616,
    2.826499971738));
#2805 = CARTESIAN_POINT('',(-7.565215813034,1.493159557739,
    2.897000049722));
#2806 = CARTESIAN_POINT('',(-7.69792143292,-0.981363895731,
    2.967499942246));
#2807 = CARTESIAN_POINT('',(-6.948624688882,-3.343445912124,
    3.038000053597));
#2808 = CARTESIAN_POINT('',(-5.446612403186,-5.25790554614,
    3.108499966089));
#2809 = CARTESIAN_POINT('',(-3.445259511516,-6.49440512459,
    3.179000018064));
#2810 = CARTESIAN_POINT('',(-1.249273120952,-6.96026246061,
    3.249499995094));
#2811 = CARTESIAN_POINT('',(0.853154816483,-6.692235970066,
    3.320000002389));
#2812 = CARTESIAN_POINT('',(1.499795881868,-6.615979370656,1.91000000053
    ));
#2813 = CARTESIAN_POINT('',(3.578267100907,-6.144804598154,
    1.980500003139));
#2814 = CARTESIAN_POINT('',(5.492267563029,-4.94810851354,2.050999994654
    ));
#2815 = CARTESIAN_POINT('',(6.956882821639,-3.090460315185,
    2.121500014768));
#2816 = CARTESIAN_POINT('',(7.716194615838,-0.764399509869,
    2.191999978987));
#2817 = CARTESIAN_POINT('',(7.610205260415,1.725179881157,2.262500027334
    ));
#2818 = CARTESIAN_POINT('',(6.632263777212,4.017093875321,2.332999977586
    ));
#2819 = CARTESIAN_POINT('',(4.944122659207,5.788334357085,2.403500016315
    ));
#2820 = CARTESIAN_POINT('',(2.8216169534,6.832807522457,2.473999993939)
  );
#2821 = CARTESIAN_POINT('',(0.57867533602,7.087154142954,2.544500003118)
  );
#2822 = CARTESIAN_POINT('',(-3.578267099836,6.144804598297,
    2.685499998373));
#2823 = CARTESIAN_POINT('',(-5.492267566325,4.948108513444,
    2.756000012955));
#2824 = CARTESIAN_POINT('',(-6.956882816548,3.090460314532,
    2.826499971925));
#2825 = CARTESIAN_POINT('',(-7.71619461934,0.764399512211,2.89700004929)
  );
#2826 = CARTESIAN_POINT('',(-7.610205262193,-1.725179885263,
    2.967499942874));
#2827 = CARTESIAN_POINT('',(-6.632263770481,-4.017093870768,
    3.038000052907));
#2828 = CARTESIAN_POINT('',(-4.944122666719,-5.788334360451,
    3.108499966592));
#2829 = CARTESIAN_POINT('',(-2.8216169486,-6.832807520825,3.179000017786
    ));
#2830 = CARTESIAN_POINT('',(-0.578675337866,-7.087154143425,
    3.249499995176));
#2831 = CARTESIAN_POINT('',(1.499795882279,-6.615979370575,
    3.320000002362));
#2832 = CARTESIAN_POINT('',(2.139546729572,-6.476672771441,
    1.910000000519));
#2833 = CARTESIAN_POINT('',(4.174253489736,-5.804514342584,
    1.980500003094));
#2834 = CARTESIAN_POINT('',(5.974333156414,-4.422111255673,
    2.050999994716));
#2835 = CARTESIAN_POINT('',(7.260868640853,-2.421583302206,
    2.121500014553));
#2836 = CARTESIAN_POINT('',(7.796313479832,-2.032735906109E-02,
    2.191999979332));
#2837 = CARTESIAN_POINT('',(7.449964160144,2.461070214913,2.262500026823
    ));
#2838 = CARTESIAN_POINT('',(6.250022607253,4.660486513151,2.332999978051
    ));
#2839 = CARTESIAN_POINT('',(4.389548301617,6.270258747643,2.403500015962
    ));
#2840 = CARTESIAN_POINT('',(2.164493532051,7.110744855206,2.473999994075
    ));
#2841 = CARTESIAN_POINT('',(-0.104839970541,7.148831199997,
    2.544500003061));
#2842 = CARTESIAN_POINT('',(-4.174253488679,5.804514342817,
    2.685499998393));
#2843 = CARTESIAN_POINT('',(-5.974333159696,4.422111255298,
    2.756000012774));
#2844 = CARTESIAN_POINT('',(-7.260868635715,2.421583301983,
    2.826499972342));
#2845 = CARTESIAN_POINT('',(-7.796313483527,2.03273611027E-02,
    2.897000048451));
#2846 = CARTESIAN_POINT('',(-7.44996416157,-2.461070219161,
    2.967499943974));
#2847 = CARTESIAN_POINT('',(-6.250022600919,-4.660486508039,
    3.038000051778));
#2848 = CARTESIAN_POINT('',(-4.38954830883,-6.270258751637,
    3.108499967373));
#2849 = CARTESIAN_POINT('',(-2.164493527397,-7.110744853172,
    3.17900001736));
#2850 = CARTESIAN_POINT('',(0.104839968738,-7.148831200623,
    3.249499995299));
#2851 = CARTESIAN_POINT('',(2.139546729977,-6.476672771326,
    3.320000002315));
#2852 = CARTESIAN_POINT('',(2.766184253917,-6.276838339451,
    1.910000000504));
#2853 = CARTESIAN_POINT('',(4.738111175725,-5.407815926273,
    1.980500003025));
#2854 = CARTESIAN_POINT('',(6.406692702047,-3.850463110321,
    2.050999994821));
#2855 = CARTESIAN_POINT('',(7.501615706696,-1.723885728834,
    2.121500014221));
#2856 = CARTESIAN_POINT('',(7.806058608761,0.731397283664,2.191999979845
    ));
#2857 = CARTESIAN_POINT('',(7.220099319285,3.181876601639,2.262500026094
    ));
#2858 = CARTESIAN_POINT('',(5.806884948941,5.2677870337,2.332999978695)
  );
#2859 = CARTESIAN_POINT('',(3.789333568656,6.699773971435,2.40350001548)
  );
#2860 = CARTESIAN_POINT('',(1.481014643822,7.326552613045,2.47399999426)
  );
#2861 = CARTESIAN_POINT('',(-0.794257333214,7.145860752233,
    2.544500002978));
#2862 = CARTESIAN_POINT('',(-4.73811117469,5.407815926595,2.685499998425
    ));
#2863 = CARTESIAN_POINT('',(-6.40669270529,3.850463109669,2.756000012491
    ));
#2864 = CARTESIAN_POINT('',(-7.501615701553,1.723885729047,
    2.826499972983));
#2865 = CARTESIAN_POINT('',(-7.806058612619,-0.731397281942,
    2.89700004722));
#2866 = CARTESIAN_POINT('',(-7.22009932035,-3.181876605995,
    2.967499945528));
#2867 = CARTESIAN_POINT('',(-5.806884943055,-5.267787028067,
    3.038000050229));
#2868 = CARTESIAN_POINT('',(-3.789333575514,-6.699773976028,
    3.10849996842));
#2869 = CARTESIAN_POINT('',(-1.481014639352,-7.326552610623,
    3.179000016793));
#2870 = CARTESIAN_POINT('',(0.794257331467,-7.14586075301,3.24949999546)
  );
#2871 = CARTESIAN_POINT('',(2.76618425431,-6.276838339302,3.320000002249
    ));
#2872 = CARTESIAN_POINT('',(3.372162974298,-6.011398199906,
    1.910000000485));
#2873 = CARTESIAN_POINT('',(5.260699416858,-4.952001957084,
    1.980500002928));
#2874 = CARTESIAN_POINT('',(6.779437648937,-3.233384017553,
    2.050999994973));
#2875 = CARTESIAN_POINT('',(7.669493805598,-1.00074679231,2.12150001376)
  );
#2876 = CARTESIAN_POINT('',(7.737197031026,1.484427195537,2.19199998054)
  );
#2877 = CARTESIAN_POINT('',(6.914769778059,3.878919652698,2.262500025129
    ));
#2878 = CARTESIAN_POINT('',(5.300071092176,5.828978338081,2.332999979531
    ));
#2879 = CARTESIAN_POINT('',(3.143974453207,7.066686207865,2.403500014857
    ));
#2880 = CARTESIAN_POINT('',(0.774707794339,7.470968805879,2.473999994496
    ));
#2881 = CARTESIAN_POINT('',(-1.483626532805,7.07079444224,2.544500002869
    ));
#2882 = CARTESIAN_POINT('',(-5.260699415855,4.952001957492,
    2.685499998472));
#2883 = CARTESIAN_POINT('',(-6.77943765211,3.233384016629,2.756000012095
    ));
#2884 = CARTESIAN_POINT('',(-7.669493800497,1.00074679296,2.826499973867
    ));
#2885 = CARTESIAN_POINT('',(-7.737197035011,-1.484427194151,
    2.897000045565));
#2886 = CARTESIAN_POINT('',(-6.914769778753,-3.878919657124,
    2.967499947572));
#2887 = CARTESIAN_POINT('',(-5.30007108679,-5.828978331973,
    3.038000048227));
#2888 = CARTESIAN_POINT('',(-3.143974459649,-7.06668621302,
    3.108499969751));
#2889 = CARTESIAN_POINT('',(-0.774707790093,-7.470968803087,
    3.179000016074));
#2890 = CARTESIAN_POINT('',(1.483626531131,-7.070794443161,
    3.249499995662));
#2891 = CARTESIAN_POINT('',(3.372162974677,-6.011398199724,
    3.320000002162));
#2892 = CARTESIAN_POINT('',(3.928669666978,-5.652536390749,
    1.910000000458));
#2893 = CARTESIAN_POINT('',(5.704466347192,-4.418308414164,
    1.980500002792));
#2894 = CARTESIAN_POINT('',(7.049437204665,-2.564212250221,
    2.050999995191));
#2895 = CARTESIAN_POINT('',(7.720150878587,-0.25941667531,2.121500013116
    ));
#2896 = CARTESIAN_POINT('',(7.54915377029,2.217569482228,2.191999981492)
  );
#2897 = CARTESIAN_POINT('',(6.501979490392,4.51905619539,2.262500023832)
  );
#2898 = CARTESIAN_POINT('',(4.709829922198,6.302764410236,2.332999980638
    ));
#2899 = CARTESIAN_POINT('',(2.447786897392,7.326415621039,2.403500014038
    ));
#2900 = CARTESIAN_POINT('',(5.374920871163E-02,7.501123943309,
    2.473999994806));
#2901 = CARTESIAN_POINT('',(-2.152872987777,6.886764366761,
    2.544500002722));
#2902 = CARTESIAN_POINT('',(-5.704466346234,4.418308414652,
    2.685499998539));
#2903 = CARTESIAN_POINT('',(-7.049437207727,2.564212249038,
    2.756000011538));
#2904 = CARTESIAN_POINT('',(-7.720150873593,0.259416676385,
    2.826499975099));
#2905 = CARTESIAN_POINT('',(-7.549153774352,-2.217569481195,
    2.897000043302));
#2906 = CARTESIAN_POINT('',(-6.501979490702,-4.519056199825,
    2.967499950315));
#2907 = CARTESIAN_POINT('',(-4.709829917387,-6.302764403741,
    3.038000045584));
#2908 = CARTESIAN_POINT('',(-2.447786903329,-7.326415626681,
    3.108499971484));
#2909 = CARTESIAN_POINT('',(-5.37492047464E-02,-7.501123940189,
    3.179000015142));
#2910 = CARTESIAN_POINT('',(2.1528729862,-6.886764367813,3.249499995921)
  );
#2911 = CARTESIAN_POINT('',(3.928669667337,-5.652536390536,
    3.320000002047));
#2912 = CARTESIAN_POINT('',(4.454316127642,-5.251411575582,
    1.910000000429));
#2913 = CARTESIAN_POINT('',(6.104095730589,-3.852046893054,
    1.980500002639));
#2914 = CARTESIAN_POINT('',(7.265406093629,-1.876802176313,
    2.050999995441));
#2915 = CARTESIAN_POINT('',(7.712088456965,0.482516282307,2.121500012388
    ));
#2916 = CARTESIAN_POINT('',(7.304129756135,2.932519717685,2.191999982564
    ));
#2917 = CARTESIAN_POINT('',(6.040575062218,5.123694939969,2.262500022382
    ));
#2918 = CARTESIAN_POINT('',(4.08491127196,6.727814157603,2.332999981869)
  );
#2919 = CARTESIAN_POINT('',(1.734294979697,7.530029960291,2.403500013129
    ));
#2920 = CARTESIAN_POINT('',(-0.666287967539,7.474260664559,
    2.473999995148));
#2921 = CARTESIAN_POINT('',(-2.804536525649,6.650776257457,
    2.544500002557));
#2922 = CARTESIAN_POINT('',(-6.104095729682,3.852046893619,
    2.685499998615));
#2923 = CARTESIAN_POINT('',(-7.265406096559,1.876802174881,
    2.756000010907));
#2924 = CARTESIAN_POINT('',(-7.712088452113,-0.482516280817,
    2.826499976489));
#2925 = CARTESIAN_POINT('',(-7.304129760243,-2.932519717009,
    2.897000040765));
#2926 = CARTESIAN_POINT('',(-6.040575062148,-5.123694944384,
    2.967499953371));
#2927 = CARTESIAN_POINT('',(-4.084911267749,-6.727814150766,
    3.038000042654));
#2928 = CARTESIAN_POINT('',(-1.734294985094,-7.530029966381,
    3.108499973397));
#2929 = CARTESIAN_POINT('',(0.666287971199,-7.474260661134,
    3.179000014114));
#2930 = CARTESIAN_POINT('',(2.804536524177,-6.650776258633,
    3.249499996206));
#2931 = CARTESIAN_POINT('',(4.45431612798,-5.251411575342,3.32000000192)
  );
#2932 = CARTESIAN_POINT('',(4.937427881759,-4.799100870784,
    1.910000000397));
#2933 = CARTESIAN_POINT('',(6.445109885954,-3.247962154476,
    1.980500002463));
#2934 = CARTESIAN_POINT('',(7.411343674329,-1.170544701596,
    2.050999995727));
#2935 = CARTESIAN_POINT('',(7.629447471541,1.220539254056,2.121500011559
    ));
#2936 = CARTESIAN_POINT('',(6.988230519066,3.619842715061,2.191999983779
    ));
#2937 = CARTESIAN_POINT('',(5.520292710639,5.679407013322,2.262500020749
    ));
#2938 = CARTESIAN_POINT('',(3.419858035447,7.088243656625,2.332999983247
    ));
#2939 = CARTESIAN_POINT('',(1.003307041073,7.66104168654,2.403500012114)
  );
#2940 = CARTESIAN_POINT('',(-1.38061591868,7.375099298661,2.47399999553)
  );
#2941 = CARTESIAN_POINT('',(-3.429745878453,6.350239586365,
    2.544500002372));
#2942 = CARTESIAN_POINT('',(-6.445109885106,3.247962155111,
    2.685499998703));
#2943 = CARTESIAN_POINT('',(-7.411343677103,1.170544699931,
    2.756000010186));
#2944 = CARTESIAN_POINT('',(-7.629447466872,-1.220539252169,
    2.826499978074));
#2945 = CARTESIAN_POINT('',(-6.988230523185,-3.619842714744,
    2.897000037893));
#2946 = CARTESIAN_POINT('',(-5.520292710194,-5.679407017681,
    2.96749995681));
#2947 = CARTESIAN_POINT('',(-3.419858031868,-7.088243649506,
    3.038000039374));
#2948 = CARTESIAN_POINT('',(-1.003307045889,-7.661041693021,
    3.108499975526));
#2949 = CARTESIAN_POINT('',(1.380615922005,-7.375099294962,
    3.179000012972));
#2950 = CARTESIAN_POINT('',(3.429745877098,-6.350239587653,
    3.249499996522));
#2951 = CARTESIAN_POINT('',(4.937427882073,-4.799100870517,
    3.320000001776));
#2952 = CARTESIAN_POINT('',(5.375375303906,-4.303209629444,
    1.910000000362));
#2953 = CARTESIAN_POINT('',(6.727268480002,-2.614485672709,1.98050000227
    ));
#2954 = CARTESIAN_POINT('',(7.489687275325,-0.453863403447,
    2.050999996047));
#2955 = CARTESIAN_POINT('',(7.477303772835,1.947183840358,2.121500010642
    ));
#2956 = CARTESIAN_POINT('',(6.60875290437,4.27393869749,2.191999985115)
  );
#2957 = CARTESIAN_POINT('',(4.949880694211,6.183167619255,2.262500018962
    ));
#2958 = CARTESIAN_POINT('',(2.72386753796,7.383949662911,2.33299998475)
  );
#2959 = CARTESIAN_POINT('',(0.263427949118,7.722188956896,2.403500011009
    ));
#2960 = CARTESIAN_POINT('',(-2.082114805127,7.208758938365,
    2.473999995945));
#2961 = CARTESIAN_POINT('',(-4.023482128625,5.991933585383,
    2.544500002168));
#2962 = CARTESIAN_POINT('',(-6.727268479219,2.61448567341,2.6854999988)
  );
#2963 = CARTESIAN_POINT('',(-7.489687277921,0.453863401563,
    2.756000009389));
#2964 = CARTESIAN_POINT('',(-7.477303768386,-1.947183838091,
    2.826499979824));
#2965 = CARTESIAN_POINT('',(-6.608752908464,-4.273938697533,
    2.897000034736));
#2966 = CARTESIAN_POINT('',(-4.949880693397,-6.183167623518,
    2.967499960572));
#2967 = CARTESIAN_POINT('',(-2.723867535037,-7.383949655575,
    3.038000035802));
#2968 = CARTESIAN_POINT('',(-0.263427953318,-7.722188963709,
    3.108499977836));
#2969 = CARTESIAN_POINT('',(2.082114808094,-7.208758934427,
    3.179000011734));
#2970 = CARTESIAN_POINT('',(4.023482127398,-5.991933586772,
    3.249499996863));
#2971 = CARTESIAN_POINT('',(5.375375304193,-4.303209629153,
    3.320000001619));
#2972 = CARTESIAN_POINT('',(5.763401815217,-3.767362072137,
    1.910000000323));
#2973 = CARTESIAN_POINT('',(6.946953516342,-1.956735991653,
    1.980500002058));
#2974 = CARTESIAN_POINT('',(7.498479098424,0.267026290227,2.050999996397
    ));
#2975 = CARTESIAN_POINT('',(7.255725316155,2.655740015641,2.121500009644
    ));
#2976 = CARTESIAN_POINT('',(6.167908106044,4.888340084301,2.191999986565
    ));
#2977 = CARTESIAN_POINT('',(4.333507868506,6.629505377113,2.26250001703)
  );
#2978 = CARTESIAN_POINT('',(2.002588642983,7.611083888527,2.332999986367
    ));
#2979 = CARTESIAN_POINT('',(-0.478890903923,7.711625532167,
    2.403500009821));
#2980 = CARTESIAN_POINT('',(-2.764272498991,6.975477718553,2.47399999639
    ));
#2981 = CARTESIAN_POINT('',(-4.579850114827,5.577988151766,
    2.544500001949));
#2982 = CARTESIAN_POINT('',(-6.94695351563,1.956735992413,2.685499998907
    ));
#2983 = CARTESIAN_POINT('',(-7.498479100823,-0.267026292311,
    2.756000008519));
#2984 = CARTESIAN_POINT('',(-7.255725311961,-2.655740013018,
    2.826499981727));
#2985 = CARTESIAN_POINT('',(-6.167908110081,-4.8883400847,2.897000031317
    ));
#2986 = CARTESIAN_POINT('',(-4.333507867333,-6.629505381247,
    2.967499964629));
#2987 = CARTESIAN_POINT('',(-2.002588640734,-7.611083881036,
    3.038000031964));
#2988 = CARTESIAN_POINT('',(0.47889090037,-7.711625539253,3.108499980311
    ));
#2989 = CARTESIAN_POINT('',(2.764272501577,-6.97547771441,3.179000010409
    ));
#2990 = CARTESIAN_POINT('',(4.579850113736,-5.577988153243,
    3.249499997228));
#2991 = CARTESIAN_POINT('',(5.763401815475,-3.767362071826,3.32000000145
    ));
#2992 = CARTESIAN_POINT('',(6.098945302557,-3.196894518751,
    1.910000000283));
#2993 = CARTESIAN_POINT('',(7.103279336174,-1.280854342775,
    1.980500001832));
#2994 = CARTESIAN_POINT('',(7.438790905399,0.985763427815,2.050999996773
    ));
#2995 = CARTESIAN_POINT('',(6.967792453895,3.340322648868,2.121500008576
    ));
#2996 = CARTESIAN_POINT('',(5.670556873589,5.458340244135,2.191999988111
    ));
#2997 = CARTESIAN_POINT('',(3.677312476619,7.015473148495,2.262500014977
    ));
#2998 = CARTESIAN_POINT('',(1.262733787623,7.768796361392,2.332999988082
    ));
#2999 = CARTESIAN_POINT('',(-1.217130751604,7.630627743881,
    2.403500008563));
#3000 = CARTESIAN_POINT('',(-3.421454944989,6.67839694465,2.473999996861
    ));
#3001 = CARTESIAN_POINT('',(-5.094611269589,5.112934693821,
    2.544500001715));
#3002 = CARTESIAN_POINT('',(-7.103279335539,1.280854343586,
    2.685499999022));
#3003 = CARTESIAN_POINT('',(-7.438790907582,-0.98576343008,
    2.756000007587));
#3004 = CARTESIAN_POINT('',(-6.967792449989,-3.340322645915,
    2.826499983764));
#3005 = CARTESIAN_POINT('',(-5.670556877535,-5.458340244882,
    2.897000027669));
#3006 = CARTESIAN_POINT('',(-3.677312475101,-7.015473152468,
    2.967499968942));
#3007 = CARTESIAN_POINT('',(-1.262733786061,-7.76879635381,
    3.038000027895));
#3008 = CARTESIAN_POINT('',(1.21713074872,-7.630627751178,3.108499982926
    ));
#3009 = CARTESIAN_POINT('',(3.421454947177,-6.678396940339,
    3.179000009009));
#3010 = CARTESIAN_POINT('',(5.094611268643,-5.112934695372,
    3.249499997612));
#3011 = CARTESIAN_POINT('',(6.098945302784,-3.196894518421,3.32000000127
    ));
#3012 = CARTESIAN_POINT('',(6.37551653287,-2.596520506561,1.91000000024)
  );
#3013 = CARTESIAN_POINT('',(7.191237507852,-0.593592916038,
    1.980500001592));
#3014 = CARTESIAN_POINT('',(7.307806687983,1.694074062641,2.050999997173
    ));
#3015 = CARTESIAN_POINT('',(6.613390257121,3.991932397603,2.121500007445
    ));
#3016 = CARTESIAN_POINT('',(5.119465522203,5.975199107587,2.191999989743
    ));
#3017 = CARTESIAN_POINT('',(2.98671638947,7.333606521445,2.262500012817)
  );
#3018 = CARTESIAN_POINT('',(0.511759178508,7.851753574609,2.33299998988)
  );
#3019 = CARTESIAN_POINT('',(-1.942697824626,7.476521923752,
    2.403500007246));
#3020 = CARTESIAN_POINT('',(-4.044922929482,6.31763595293,2.473999997354
    ));
#3021 = CARTESIAN_POINT('',(-5.559795558449,4.599448096134,
    2.544500001469));
#3022 = CARTESIAN_POINT('',(-7.191237507298,0.593592916893,
    2.685499999144));
#3023 = CARTESIAN_POINT('',(-7.307806689934,-1.694074065064,2.7560000066
    ));
#3024 = CARTESIAN_POINT('',(-6.613390253535,-3.99193239435,
    2.826499985919));
#3025 = CARTESIAN_POINT('',(-5.119465526022,-5.975199108671,
    2.897000023823));
#3026 = CARTESIAN_POINT('',(-2.986716387626,-7.333606525222,
    2.967499973475));
#3027 = CARTESIAN_POINT('',(-0.511759177636,-7.851753567007,
    3.038000023632));
#3028 = CARTESIAN_POINT('',(1.942697822427,-7.47652193119,3.108499985659
    ));
#3029 = CARTESIAN_POINT('',(4.044922931258,-6.317635948493,
    3.179000007548));
#3030 = CARTESIAN_POINT('',(5.559795557653,-4.599448097745,
    3.249499998013));
#3031 = CARTESIAN_POINT('',(6.375516533065,-2.596520506217,
    3.320000001082));
#3032 = CARTESIAN_POINT('',(6.602928097337,-1.974089160675,
    1.910000000197));
#3033 = CARTESIAN_POINT('',(7.223106497933,0.100281879884,1.980500001343
    ));
#3034 = CARTESIAN_POINT('',(7.119194719787,2.391135252749,2.050999997591
    ));
#3035 = CARTESIAN_POINT('',(6.206162696979,4.614127989026,2.121500006267
    ));
#3036 = CARTESIAN_POINT('',(4.526691351029,6.446720887056,2.191999991439
    ));
#3037 = CARTESIAN_POINT('',(2.270748270823,7.595192688502,2.262500010579
    ));
#3038 = CARTESIAN_POINT('',(-0.245369630397,7.873432451707,
    2.332999991739));
#3039 = CARTESIAN_POINT('',(-2.655116872214,7.263400503232,
    2.403500005884));
#3040 = CARTESIAN_POINT('',(-4.638481224994,5.906348550562,
    2.473999997862));
#3041 = CARTESIAN_POINT('',(-5.982749697209,4.048460200248,
    2.544500001214));
#3042 = CARTESIAN_POINT('',(-7.223106497463,-0.100281878992,
    2.685499999271));
#3043 = CARTESIAN_POINT('',(-7.119194721493,-2.39113525531,
    2.756000005572));
#3044 = CARTESIAN_POINT('',(-6.206162693736,-4.614127985501,
    2.826499988162));
#3045 = CARTESIAN_POINT('',(-4.526691354695,-6.446720888466,
    2.897000019831));
#3046 = CARTESIAN_POINT('',(-2.270748268669,-7.595192692059,
    2.967499978169));
#3047 = CARTESIAN_POINT('',(0.245369630577,-7.873432444139,
    3.038000019227));
#3048 = CARTESIAN_POINT('',(2.655116870712,-7.263400510757,
    3.108499988476));
#3049 = CARTESIAN_POINT('',(4.638481226347,-5.906348546031,
    3.179000006043));
#3050 = CARTESIAN_POINT('',(5.982749696569,-4.048460201907,
    3.249499998425));
#3051 = CARTESIAN_POINT('',(6.602928097498,-1.974089160318,
    3.320000000887));
#3052 = CARTESIAN_POINT('',(6.713405121712,-1.322416382234,
    1.910000000151));
#3053 = CARTESIAN_POINT('',(7.12885448095,0.786662039147,1.980500001079)
  );
#3054 = CARTESIAN_POINT('',(6.80809855077,3.040759066982,2.050999998035)
  );
#3055 = CARTESIAN_POINT('',(5.694170585487,5.150772382058,2.121500005024
    ));
#3056 = CARTESIAN_POINT('',(3.859952982486,6.80200797319,2.191999993222)
  );
#3057 = CARTESIAN_POINT('',(1.521144420937,7.72227180795,2.262500008238)
  );
#3058 = CARTESIAN_POINT('',(-0.991951833586,7.757743299225,
    2.332999993676));
#3059 = CARTESIAN_POINT('',(-3.315371660827,6.925485217338,2.40350000447
    ));
#3060 = CARTESIAN_POINT('',(-5.14630118597,5.395554253562,2.47399999839)
  );
#3061 = CARTESIAN_POINT('',(-6.297955762843,3.431494802609,
    2.544500000947));
#3062 = CARTESIAN_POINT('',(-7.128854480569,-0.786662038234,
    2.685499999407));
#3063 = CARTESIAN_POINT('',(-6.808098552209,-3.040759069636,
    2.756000004484));
#3064 = CARTESIAN_POINT('',(-5.694170582631,-5.150772378325,
    2.826499990528));
#3065 = CARTESIAN_POINT('',(-3.859952985941,-6.802007974895,
    2.897000015638));
#3066 = CARTESIAN_POINT('',(-1.52114441852,-7.72227181123,2.967499983074
    ));
#3067 = CARTESIAN_POINT('',(0.991951833096,-7.75774329182,3.038000014644
    ));
#3068 = CARTESIAN_POINT('',(3.315371660024,-6.92548522482,3.108499991394
    ));
#3069 = CARTESIAN_POINT('',(5.146301186892,-5.395554249018,
    3.179000004485));
#3070 = CARTESIAN_POINT('',(6.297955762364,-3.431494804285,
    3.249499998849));
#3071 = CARTESIAN_POINT('',(6.713405121837,-1.322416381871,
    3.320000000683));
#3072 = CARTESIAN_POINT('',(6.775279288496,-0.668961516743,
    1.910000000105));
#3073 = CARTESIAN_POINT('',(6.985439747218,1.459555247422,1.980500000813
    ));
#3074 = CARTESIAN_POINT('',(6.452609691165,3.661431466337,2.050999998484
    ));
#3075 = CARTESIAN_POINT('',(5.14796257069,5.644898497881,2.121500003774)
  );
#3076 = CARTESIAN_POINT('',(3.173719054073,7.105235114477,2.191999995013
    ));
#3077 = CARTESIAN_POINT('',(0.769490678283,7.793444204927,2.262500005891
    ));
#3078 = CARTESIAN_POINT('',(-1.722903392494,7.588706253872,
    2.332999995613));
#3079 = CARTESIAN_POINT('',(-3.944616213289,6.542660052939,
    2.403500003055));
#3080 = CARTESIAN_POINT('',(-5.611967892892,4.852635221937,
    2.473999998917));
#3081 = CARTESIAN_POINT('',(-6.565118830044,2.797478279891,2.54450000068
    ));
#3082 = CARTESIAN_POINT('',(-6.985439746928,-1.459555246495,
    2.685499999543));
#3083 = CARTESIAN_POINT('',(-6.452609692335,-3.661431469063,
    2.756000003389));
#3084 = CARTESIAN_POINT('',(-5.147962568231,-5.644898493972,
    2.826499992908));
#3085 = CARTESIAN_POINT('',(-3.1737190573,-7.105235116456,2.89700001143)
  );
#3086 = CARTESIAN_POINT('',(-0.769490675625,-7.793444207917,
    2.967499987987));
#3087 = CARTESIAN_POINT('',(1.722903391349,-7.588706246673,
    3.038000010062));
#3088 = CARTESIAN_POINT('',(3.944616213174,-6.54266006033,3.108499994307
    ));
#3089 = CARTESIAN_POINT('',(5.611967893386,-4.852635217409,
    3.179000002932));
#3090 = CARTESIAN_POINT('',(6.565118829726,-2.797478281574,
    3.249499999273));
#3091 = CARTESIAN_POINT('',(6.775279288586,-0.668961516377,
    3.320000000479));
#3092 = CARTESIAN_POINT('',(6.770006205729,-1.533351982764E-02,
    1.910000000059));
#3093 = CARTESIAN_POINT('',(6.774823373094,2.111526656528,1.980500000546
    ));
#3094 = CARTESIAN_POINT('',(6.037228300219,4.240068151834,2.050999998935
    ));
#3095 = CARTESIAN_POINT('',(4.556542271649,6.078747628077,2.121500002517
    ));
#3096 = CARTESIAN_POINT('',(2.463033092157,7.3357117501,2.191999996807)
  );
#3097 = CARTESIAN_POINT('',(1.763778661897E-02,7.787378702087,
    2.262500003545));
#3098 = CARTESIAN_POINT('',(-2.429778398048,7.346793577474,
    2.332999997545));
#3099 = CARTESIAN_POINT('',(-4.528959915079,6.099325556643,
    2.403500001646));
#3100 = CARTESIAN_POINT('',(-6.017959631824,4.267372185451,
    2.473999999441));
#3101 = CARTESIAN_POINT('',(-6.765189038536,2.142193695166,
    2.544500000412));
#3102 = CARTESIAN_POINT('',(-6.774823372895,-2.111526655596,
    2.685499999681));
#3103 = CARTESIAN_POINT('',(-6.037228301115,-4.240068154604,
    2.756000002288));
#3104 = CARTESIAN_POINT('',(-4.556542269603,-6.078747624035,
    2.826499995298));
#3105 = CARTESIAN_POINT('',(-2.46303309513,-7.335711752329,
    2.897000007214));
#3106 = CARTESIAN_POINT('',(-1.763778375131E-02,-7.787378704764,
    2.967499992897));
#3107 = CARTESIAN_POINT('',(2.429778396277,-7.346793570548,
    3.038000005495));
#3108 = CARTESIAN_POINT('',(4.528959915638,-6.099325563872,
    3.108499997204));
#3109 = CARTESIAN_POINT('',(6.017959631896,-4.267372180984,
    3.179000001387));
#3110 = CARTESIAN_POINT('',(6.765189038378,-2.142193696839,
    3.249499999693));
#3111 = CARTESIAN_POINT('',(6.770006205784,-1.533351946158E-02,
    3.320000000276));
#3112 = CARTESIAN_POINT('',(6.703241150997,0.630961358861,1.910000000014
    ));
#3113 = CARTESIAN_POINT('',(6.505018794041,2.736846674667,1.980500000281
    ));
#3114 = CARTESIAN_POINT('',(5.571705802166,4.773539339519,2.050999999386
    ));
#3115 = CARTESIAN_POINT('',(3.930455667952,6.452369428196,2.12150000127)
  );
#3116 = CARTESIAN_POINT('',(1.738078304365,7.496857890123,2.191999998586
    ));
#3117 = CARTESIAN_POINT('',(-0.725779991855,7.710580432056,
    2.262500001226));
#3118 = CARTESIAN_POINT('',(-3.106480818661,7.040850188647,
    2.332999999451));
#3119 = CARTESIAN_POINT('',(-5.065446297659,5.605604941617,
    2.403500000258));
#3120 = CARTESIAN_POINT('',(-6.364595195902,3.650001559159,
    2.473999999958));
#3121 = CARTESIAN_POINT('',(-6.901463508028,1.474923955937,
    2.544500000147));
#3122 = CARTESIAN_POINT('',(-6.505018793932,-2.736846673739,
    2.685499999818));
#3123 = CARTESIAN_POINT('',(-5.571705802786,-4.773539342306,
    2.756000001195));
#3124 = CARTESIAN_POINT('',(-3.930455666326,-6.45236942406,2.82649999767
    ));
#3125 = CARTESIAN_POINT('',(-1.738078307061,-7.496857892572,
    2.897000003041));
#3126 = CARTESIAN_POINT('',(0.725779994899,-7.710580434406,
    2.967499997745));
#3127 = CARTESIAN_POINT('',(3.106480816297,-7.040850182047,
    3.038000000994));
#3128 = CARTESIAN_POINT('',(5.065446298868,-5.605604948624,
    3.108500000052));
#3129 = CARTESIAN_POINT('',(6.364595195562,-3.65000155479,3.17899999987)
  );
#3130 = CARTESIAN_POINT('',(6.901463508027,-1.474923957584,
    3.249500000105));
#3131 = CARTESIAN_POINT('',(6.703241151017,0.630961359223,3.320000000075
    ));
#3132 = CARTESIAN_POINT('',(6.574982083713,1.26436911977,1.90999999997)
  );
#3133 = CARTESIAN_POINT('',(6.17776880989,3.329960661218,1.98050000002)
  );
#3134 = CARTESIAN_POINT('',(5.059530060881,5.256898810254,2.05099999983)
  );
#3135 = CARTESIAN_POINT('',(3.274696733847,6.762035266092,2.121500000042
    ));
#3136 = CARTESIAN_POINT('',(1.004876593872,7.586664331534,2.192000000333
    ));
#3137 = CARTESIAN_POINT('',(-1.454374022249,7.56304704759,2.262499998954
    ));
#3138 = CARTESIAN_POINT('',(-3.746987276385,6.67288086487,2.333000001314
    ));
#3139 = CARTESIAN_POINT('',(-5.549078648269,5.065223169338,
    2.403499998902));
#3140 = CARTESIAN_POINT('',(-6.648383087628,3.005466997925,
    2.474000000461));
#3141 = CARTESIAN_POINT('',(-6.972195357515,0.801222420686,
    2.544499999888));
#3142 = CARTESIAN_POINT('',(-6.17776880987,-3.329960660302,
    2.685499999953));
#3143 = CARTESIAN_POINT('',(-5.059530061226,-5.25689881303,
    2.756000000118));
#3144 = CARTESIAN_POINT('',(-3.274696732645,-6.762035261905,
    2.826500000003));
#3145 = CARTESIAN_POINT('',(-1.004876596275,-7.586664334176,
    2.896999998945));
#3146 = CARTESIAN_POINT('',(1.45437402544,-7.563047049598,2.967500002492
    ));
#3147 = CARTESIAN_POINT('',(3.746987273462,-6.672880858652,
    3.037999996598));
#3148 = CARTESIAN_POINT('',(5.549078650103,-5.065223176061,
    3.108500002828));
#3149 = CARTESIAN_POINT('',(6.648383086888,-3.005466993694,
    3.178999998392));
#3150 = CARTESIAN_POINT('',(6.972195357668,-0.801222422293,
    3.249500000506));
#3151 = CARTESIAN_POINT('',(6.574982083699,1.264369120126,3.319999999879
    ));
#3152 = CARTESIAN_POINT('',(6.387442902247,1.879037472788,1.909999999927
    ));
#3153 = CARTESIAN_POINT('',(5.797125870175,3.885711842752,1.980499999765
    ));
#3154 = CARTESIAN_POINT('',(4.506349296434,5.686327080916,2.051000000265
    ));
#3155 = CARTESIAN_POINT('',(2.596014650425,7.005809399211,2.121499998846
    ));
#3156 = CARTESIAN_POINT('',(0.270574074378,7.605416998906,2.19200000203)
  );
#3157 = CARTESIAN_POINT('',(-2.161412553077,7.34732514385,2.262499996752
    ));
#3158 = CARTESIAN_POINT('',(-4.345751683728,6.247401091434,
    2.333000003115));
#3159 = CARTESIAN_POINT('',(-5.976078887748,4.484098403584,
    2.403499997592));
#3160 = CARTESIAN_POINT('',(-6.867617322737,2.340370051489,
    2.474000000947));
#3161 = CARTESIAN_POINT('',(-6.977759934205,0.127636896211,
    2.544499999637));
#3162 = CARTESIAN_POINT('',(-5.797125870242,-3.885711841857,
    2.685500000085));
#3163 = CARTESIAN_POINT('',(-4.506349296508,-5.686327083657,
    2.755999999067));
#3164 = CARTESIAN_POINT('',(-2.596014649649,-7.005809395013,
    2.826500002277));
#3165 = CARTESIAN_POINT('',(-0.270574076471,-7.605417001711,
    2.896999994963));
#3166 = CARTESIAN_POINT('',(2.161412556376,-7.347325145504,
    2.967500007093));
#3167 = CARTESIAN_POINT('',(4.345751680291,-6.247401085648,
    3.037999992348));
#3168 = CARTESIAN_POINT('',(5.97607889017,-4.484098409967,3.108500005505
    ));
#3169 = CARTESIAN_POINT('',(6.867617321616,-2.340370047433,
    3.178999996967));
#3170 = CARTESIAN_POINT('',(6.977759934507,-0.127636897764,
    3.249500000892));
#3171 = CARTESIAN_POINT('',(6.3874429022,1.879037473133,3.319999999689)
  );
#3172 = CARTESIAN_POINT('',(6.142932708213,2.469480600355,1.909999999887
    ));
#3173 = CARTESIAN_POINT('',(5.367122496923,4.399339827378,1.98049999952)
  );
#3174 = CARTESIAN_POINT('',(3.91766623048,6.058390770797,2.051000000686)
  );
#3175 = CARTESIAN_POINT('',(1.900892870792,7.18208761935,2.121499997691)
  );
#3176 = CARTESIAN_POINT('',(-0.458046132981,7.553637481537,
    2.192000003666));
#3177 = CARTESIAN_POINT('',(-2.840585377588,7.066070826039,
    2.262499994636));
#3178 = CARTESIAN_POINT('',(-4.897659750948,5.768897161713,
    2.333000004841));
#3179 = CARTESIAN_POINT('',(-6.343062429835,3.867988527987,
    2.403499996338));
#3180 = CARTESIAN_POINT('',(-7.020906941525,1.661045803105,
    2.474000001412));
#3181 = CARTESIAN_POINT('',(-6.918742919299,-0.539621374262,
    2.544499999395));
#3182 = CARTESIAN_POINT('',(-5.367122497074,-4.399339826511,
    2.685500000213));
#3183 = CARTESIAN_POINT('',(-3.917666230289,-6.058390773477,
    2.755999998053));
#3184 = CARTESIAN_POINT('',(-1.900892870439,-7.182087615181,
    2.82650000447));
#3185 = CARTESIAN_POINT('',(0.45804613121,-7.553637484477,2.896999991133
    ));
#3186 = CARTESIAN_POINT('',(2.840585380964,-7.066070827331,
    2.967500011508));
#3187 = CARTESIAN_POINT('',(4.897659747043,-5.768897156406,3.03799998828
    ));
#3188 = CARTESIAN_POINT('',(6.343062432809,-3.867988533975,3.10850000806
    ));
#3189 = CARTESIAN_POINT('',(7.020906940044,-1.661045799259,
    3.178999995608));
#3190 = CARTESIAN_POINT('',(6.918742919742,0.539621372777,3.249500001259
    ));
#3191 = CARTESIAN_POINT('',(6.142932708134,2.469480600687,3.319999999506
    ));
#3192 = CARTESIAN_POINT('',(5.844384752617,3.030465778773,1.909999999848
    ));
#3193 = CARTESIAN_POINT('',(4.892335849774,4.866533399379,1.980499999285
    ));
#3194 = CARTESIAN_POINT('',(3.299380265053,6.370274002888,2.051000001089
    ));
#3195 = CARTESIAN_POINT('',(1.196006023291,7.2899969157,2.121499996589)
  );
#3196 = CARTESIAN_POINT('',(-1.174249814452,7.432615641092,
    2.192000005222));
#3197 = CARTESIAN_POINT('',(-3.485873416947,6.722658143707,
    2.262499992628));
#3198 = CARTESIAN_POINT('',(-5.398097180255,5.242440725728,
    2.333000006474));
#3199 = CARTESIAN_POINT('',(-6.647291135705,3.22304296586,2.403499995153
    ));
#3200 = CARTESIAN_POINT('',(-7.107575711781,0.973996161547,
    2.474000001851));
#3201 = CARTESIAN_POINT('',(-6.796433655171,-1.194398159054,
    2.544499999166));
#3202 = CARTESIAN_POINT('',(-4.892335850006,-4.866533398549,
    2.685500000336));
#3203 = CARTESIAN_POINT('',(-3.299380264606,-6.370274005482,
    2.755999997083));
#3204 = CARTESIAN_POINT('',(-1.196006023352,-7.289996911602,
    2.826500006563));
#3205 = CARTESIAN_POINT('',(1.174249813013,-7.432615644129,
    2.896999987488));
#3206 = CARTESIAN_POINT('',(3.485873420362,-6.722658144638,
    2.967500015696));
#3207 = CARTESIAN_POINT('',(5.398097175932,-5.242440720935,
    3.037999984432));
#3208 = CARTESIAN_POINT('',(6.647291139185,-3.223042971407,
    3.108500010471));
#3209 = CARTESIAN_POINT('',(7.107575709963,-0.973996157943,
    3.178999994327));
#3210 = CARTESIAN_POINT('',(6.796433655747,1.19439815765,3.249500001604)
  );
#3211 = CARTESIAN_POINT('',(5.844384752508,3.030465779089,3.319999999333
    ));
#3212 = CARTESIAN_POINT('',(5.495175479711,3.557102781915,1.909999999812
    ));
#3213 = CARTESIAN_POINT('',(4.377678682828,5.283463073873,1.980499999063
    ));
#3214 = CARTESIAN_POINT('',(2.657570196428,6.619744305306,2.051000001471
    ));
#3215 = CARTESIAN_POINT('',(0.488018076948,7.329292711311,2.121499995548
    ));
#3216 = CARTESIAN_POINT('',(-1.871514001393,7.244245693415,
    2.192000006688));
#3217 = CARTESIAN_POINT('',(-4.091651559204,6.320970941164,
    2.262499990744));
#3218 = CARTESIAN_POINT('',(-5.842981223105,4.673460258212,
    2.333000008002));
#3219 = CARTESIAN_POINT('',(-6.886632301252,2.555579934853,
    2.403499994046));
#3220 = CARTESIAN_POINT('',(-7.127557190653,0.285696563497,2.47400000226
    ));
#3221 = CARTESIAN_POINT('',(-6.612672276225,-1.830742490793,
    2.54449999895));
#3222 = CARTESIAN_POINT('',(-4.377678683136,-5.283463073088,
    2.685500000452));
#3223 = CARTESIAN_POINT('',(-2.657570195736,-6.61974430779,
    2.755999996167));
#3224 = CARTESIAN_POINT('',(-0.488018077413,-7.329292707321,
    2.826500008539));
#3225 = CARTESIAN_POINT('',(1.87151400029,-7.24424569652,2.896999984059)
  );
#3226 = CARTESIAN_POINT('',(4.091651562624,-6.320970941731,
    2.967500019623));
#3227 = CARTESIAN_POINT('',(5.842981218417,-4.67346025397,3.037999980835
    ));
#3228 = CARTESIAN_POINT('',(6.886632305194,-2.555579939913,
    3.108500012717));
#3229 = CARTESIAN_POINT('',(7.127557188524,-0.285696560165,
    3.178999993135));
#3230 = CARTESIAN_POINT('',(6.612672276925,1.830742489481,3.249500001925
    ));
#3231 = CARTESIAN_POINT('',(5.495175479573,3.557102782212,3.319999999171
    ));
#3232 = CARTESIAN_POINT('',(5.099126849569,4.044874947598,1.909999999778
    ));
#3233 = CARTESIAN_POINT('',(3.828391907431,5.646812892848,1.980499998856
    ));
#3234 = CARTESIAN_POINT('',(1.998476763419,6.805181730192,2.051000001829
    ));
#3235 = CARTESIAN_POINT('',(-0.216444041577,7.300381797933,
    2.121499994578));
#3236 = CARTESIAN_POINT('',(-2.543559818708,6.991039953232,2.19200000805
    ));
#3237 = CARTESIAN_POINT('',(-4.65272439422,5.865405529072,2.262499989));
#3238 = CARTESIAN_POINT('',(-6.228795207211,4.06773235105,2.333000009411
    ));
#3239 = CARTESIAN_POINT('',(-7.059588157099,1.872067690011,
    2.403499993026));
#3240 = CARTESIAN_POINT('',(-7.081416312107,-0.397430226715,
    2.474000002636));
#3241 = CARTESIAN_POINT('',(-6.369861791263,-2.442937003127,
    2.544499998751));
#3242 = CARTESIAN_POINT('',(-3.828391907811,-5.646812892113,
    2.68550000056));
#3243 = CARTESIAN_POINT('',(-1.998476762495,-6.805181732544,
    2.755999995313));
#3244 = CARTESIAN_POINT('',(0.216444040722,-7.30038179409,2.826500010378
    ));
#3245 = CARTESIAN_POINT('',(2.543559817946,-6.991039956371,
    2.896999980877));
#3246 = CARTESIAN_POINT('',(4.652724397611,-5.865405529278,
    2.967500023254));
#3247 = CARTESIAN_POINT('',(6.228795202216,-4.067732347388,
    3.037999977522));
#3248 = CARTESIAN_POINT('',(7.059588161449,-1.872067694546,
    3.108500014779));
#3249 = CARTESIAN_POINT('',(7.081416309698,0.397430229749,3.178999992042
    ));
#3250 = CARTESIAN_POINT('',(6.369861792077,2.442937001918,3.249500002219
    ));
#3251 = CARTESIAN_POINT('',(5.099126849405,4.044874947874,3.319999999022
    ));
#3252 = CARTESIAN_POINT('',(4.660455134898,4.489680565576,1.909999999748
    ));
#3253 = CARTESIAN_POINT('',(3.24998038657,5.953805727191,1.980499998666)
  );
#3254 = CARTESIAN_POINT('',(1.328431054392,6.925583531096,2.05100000216)
  );
#3255 = CARTESIAN_POINT('',(-0.910862030837,7.204304054982,
    2.121499993688));
#3256 = CARTESIAN_POINT('',(-3.184415867877,6.676088266415,
    2.192000009296));
#3257 = CARTESIAN_POINT('',(-5.164373821294,5.360811786629,
    2.262499987411));
#3258 = CARTESIAN_POINT('',(-6.552614914059,3.431311233665,2.33300001069
    ));
#3259 = CARTESIAN_POINT('',(-7.165298735595,1.179050699115,
    2.403499992103));
#3260 = CARTESIAN_POINT('',(-6.970329803621,-1.069083138323,
    2.474000002976));
#3261 = CARTESIAN_POINT('',(-6.070929882713,-3.025555404673,
    2.544499998569));
#3262 = CARTESIAN_POINT('',(-3.249980387015,-5.953805726513,
    2.685500000661));
#3263 = CARTESIAN_POINT('',(-1.32843105325,-6.925583533295,
    2.755999994527));
#3264 = CARTESIAN_POINT('',(0.91086202961,-7.204304051322,2.826500012067
    ));
#3265 = CARTESIAN_POINT('',(3.184415867456,-6.676088269555,
    2.896999977968));
#3266 = CARTESIAN_POINT('',(5.16437382462,-5.360811786482,2.967500026558
    ));
#3267 = CARTESIAN_POINT('',(6.552614908816,-3.431311230607,
    3.037999974519));
#3268 = CARTESIAN_POINT('',(7.165298740299,-1.179050703091,
    3.108500016639));
#3269 = CARTESIAN_POINT('',(6.970329800962,1.069083141034,3.178999991057
    ));
#3270 = CARTESIAN_POINT('',(6.070929883631,3.025555403578,3.249500002482
    ));
#3271 = CARTESIAN_POINT('',(4.660455134709,4.489680565828,3.319999998886
    ));
#3272 = CARTESIAN_POINT('',(4.18372949505,4.887866843409,1.909999999721)
  );
#3273 = CARTESIAN_POINT('',(2.648160838185,6.202224228212,1.980499998495
    ));
#3274 = CARTESIAN_POINT('',(0.653796282746,6.980568375371,2.05100000246)
  );
#3275 = CARTESIAN_POINT('',(-1.588884561281,7.042717981921,
    2.121499992884));
#3276 = CARTESIAN_POINT('',(-3.788470028507,6.303025362401,
    2.192000010416));
#3277 = CARTESIAN_POINT('',(-5.622398119309,4.812445510233,
    2.262499985991));
#3278 = CARTESIAN_POINT('',(-6.812130441108,2.770471577659,
    2.333000011827));
#3279 = CARTESIAN_POINT('',(-7.203544622882,0.483089592094,
    2.403499991284));
#3280 = CARTESIAN_POINT('',(-6.796070644437,-1.723139063947,
    2.474000003278));
#3281 = CARTESIAN_POINT('',(-5.719298151341,-3.573509459248,
    2.544499998407));
#3282 = CARTESIAN_POINT('',(-2.64816083869,-6.202224227597,
    2.685500000752));
#3283 = CARTESIAN_POINT('',(-0.653796281404,-6.980568377398,
    2.755999993817));
#3284 = CARTESIAN_POINT('',(1.588884559704,-7.042717978477,2.82650001359
    ));
#3285 = CARTESIAN_POINT('',(3.788470028423,-6.30302536551,2.896999975356
    ));
#3286 = CARTESIAN_POINT('',(5.622398122536,-4.812445509743,
    2.967500029508));
#3287 = CARTESIAN_POINT('',(6.812130435678,-2.770471575222,
    3.037999971852));
#3288 = CARTESIAN_POINT('',(7.203544627882,-0.483089595484,
    3.108500018282));
#3289 = CARTESIAN_POINT('',(6.796070641562,1.723139066315,3.178999990187
    ));
#3290 = CARTESIAN_POINT('',(5.719298152349,3.573509458276,3.249500002714
    ));
#3291 = CARTESIAN_POINT('',(4.18372949484,4.887866843635,3.319999998765)
  );
#3292 = CARTESIAN_POINT('',(3.673824631333,5.236257381066,1.909999999697
    ));
#3293 = CARTESIAN_POINT('',(2.028805859085,6.390423428458,1.980499998343
    ));
#3294 = CARTESIAN_POINT('',(-1.909162866054E-02,6.970371058313,
    2.051000002728));
#3295 = CARTESIAN_POINT('',(-2.24438375511,6.817876551563,2.121499992172
    ));
#3296 = CARTESIAN_POINT('',(-4.350516359657,5.875989442813,
    2.192000011402));
#3297 = CARTESIAN_POINT('',(-6.02314355011,4.225913953998,2.26249998475)
  );
#3298 = CARTESIAN_POINT('',(-7.005658886222,2.091647229017,
    2.333000012814));
#3299 = CARTESIAN_POINT('',(-7.174739901101,-0.20929985721,
    2.403499990574));
#3300 = CARTESIAN_POINT('',(-6.560983175583,-2.353707068819,
    2.474000003538));
#3301 = CARTESIAN_POINT('',(-5.318843402952,-4.082091334239,
    2.544499998264));
#3302 = CARTESIAN_POINT('',(-2.028805859642,-6.390423427911,
    2.685500000833));
#3303 = CARTESIAN_POINT('',(1.909163018452E-02,-6.97037106015,
    2.755999993187));
#3304 = CARTESIAN_POINT('',(2.244383753208,-6.817876548367,
    2.826500014937));
#3305 = CARTESIAN_POINT('',(4.350516359902,-5.875989445858,
    2.896999973062));
#3306 = CARTESIAN_POINT('',(6.023143553209,-4.225913953177,
    2.967500032083));
#3307 = CARTESIAN_POINT('',(7.005658880664,-2.091647227213,3.03799996954
    ));
#3308 = CARTESIAN_POINT('',(7.17473990634,0.20929985443,3.108500019697)
  );
#3309 = CARTESIAN_POINT('',(6.560983172526,2.353707070827,3.178999989441
    ));
#3310 = CARTESIAN_POINT('',(5.318843404039,4.082091333396,3.249500002912
    ));
#3311 = CARTESIAN_POINT('',(3.673824631103,5.236257381264,3.31999999866)
  );
#3312 = CARTESIAN_POINT('',(3.135870239654,5.532185236202,1.909999999678
    ));
#3313 = CARTESIAN_POINT('',(1.397882989825,6.517347927085,1.980499998211
    ));
#3314 = CARTESIAN_POINT('',(-0.683989827273,6.895840182592,
    2.051000002961));
#3315 = CARTESIAN_POINT('',(-2.871518843497,6.532603934268,2.12149999156
    ));
#3316 = CARTESIAN_POINT('',(-4.865809220899,5.39957931742,2.192000012245
    ));
#3317 = CARTESIAN_POINT('',(-6.363542392732,3.60711768632,2.262499983697
    ));
#3318 = CARTESIAN_POINT('',(-7.132161937196,1.401364447169,
    2.333000013644));
#3319 = CARTESIAN_POINT('',(-7.079927969916,-0.891714381205,
    2.40349998998));
#3320 = CARTESIAN_POINT('',(-6.267958871166,-2.955189589896,
    2.474000003754));
#3321 = CARTESIAN_POINT('',(-4.873857488809,-4.547022545805,
    2.544499998144));
#3322 = CARTESIAN_POINT('',(-1.397882990428,-6.51734792661,
    2.685500000904));
#3323 = CARTESIAN_POINT('',(0.683989828959,-6.895840184225,
    2.755999992644));
#3324 = CARTESIAN_POINT('',(2.871518841296,-6.532603931347,
    2.826500016096));
#3325 = CARTESIAN_POINT('',(4.865809221465,-5.39957932037,2.896999971103
    ));
#3326 = CARTESIAN_POINT('',(6.363542395672,-3.607117685184,
    2.967500034261));
#3327 = CARTESIAN_POINT('',(7.132161931573,-1.401364446003,
    3.037999967602));
#3328 = CARTESIAN_POINT('',(7.079927975332,0.891714379051,3.108500020872
    ));
#3329 = CARTESIAN_POINT('',(6.267958867965,2.955189591531,3.178999988822
    ));
#3330 = CARTESIAN_POINT('',(4.873857489961,4.547022545098,3.249500003074
    ));
#3331 = CARTESIAN_POINT('',(3.135870239409,5.532185236372,3.319999998571
    ));
#3332 = CARTESIAN_POINT('',(2.575204757221,5.773481366638,1.909999999662
    ));
#3333 = CARTESIAN_POINT('',(0.76141209231,6.582505801424,1.980499998102)
  );
#3334 = CARTESIAN_POINT('',(-1.334782450108,6.758398806352,
    2.051000003157));
#3335 = CARTESIAN_POINT('',(-3.464756808073,6.190246141852,2.12149999105
    ));
#3336 = CARTESIAN_POINT('',(-5.330067453664,4.878800071605,2.19200001294
    ));
#3337 = CARTESIAN_POINT('',(-6.641099649028,2.962197385794,
    2.262499982841));
#3338 = CARTESIAN_POINT('',(-7.191216624968,0.706195925295,
    2.333000014311));
#3339 = CARTESIAN_POINT('',(-6.920740115012,-1.557897064176,
    2.403499989505));
#3340 = CARTESIAN_POINT('',(-5.920387895501,-3.522301207567,
    2.474000003926));
#3341 = CARTESIAN_POINT('',(-4.38899742142,-4.964456932255,
    2.544499998045));
#3342 = CARTESIAN_POINT('',(-0.761412092951,-6.582505801025,
    2.685500000963));
#3343 = CARTESIAN_POINT('',(1.334782451934,-6.758398807766,2.75599999219
    ));
#3344 = CARTESIAN_POINT('',(3.464756805603,-6.190246139233,
    2.826500017058));
#3345 = CARTESIAN_POINT('',(5.330067454538,-4.878800074431,
    2.896999969495));
#3346 = CARTESIAN_POINT('',(6.64109965178,-2.962197384361,2.967500036026
    ));
#3347 = CARTESIAN_POINT('',(7.19121661934,-0.706195924767,3.037999966052
    ));
#3348 = CARTESIAN_POINT('',(6.920740120544,1.557897062658,3.108500021798
    ));
#3349 = CARTESIAN_POINT('',(5.920387892192,3.522301208818,3.178999988337
    ));
#3350 = CARTESIAN_POINT('',(4.388997422624,4.964456931688,3.249500003201
    ));
#3351 = CARTESIAN_POINT('',(2.575204756963,5.773481366778,3.319999998499
    ));
#3352 = CARTESIAN_POINT('',(1.997303955023,5.958604579095,1.90999999965)
  );
#3353 = CARTESIAN_POINT('',(0.125353117678,6.586076122387,1.980499998015
    ));
#3354 = CARTESIAN_POINT('',(-1.965625849771,6.560115274842,
    2.051000003316));
#3355 = CARTESIAN_POINT('',(-4.019037173874,5.794693999772,
    2.121499990646));
#3356 = CARTESIAN_POINT('',(-5.739641098682,4.319032591759,
    2.192000013482));
#3357 = CARTESIAN_POINT('',(-6.85404252067,2.297451702835,2.262499982186
    ));
#3358 = CARTESIAN_POINT('',(-7.183130433495,1.263639931261E-02,
    2.333000014811));
#3359 = CARTESIAN_POINT('',(-6.699464470542,-2.201888764264,
    2.403499989153));
#3360 = CARTESIAN_POINT('',(-5.522177175469,-4.050229210613,
    2.474000004053));
#3361 = CARTESIAN_POINT('',(-3.869254791626,-5.331133036118,
    2.54449999797));
#3362 = CARTESIAN_POINT('',(-0.12535311835,-6.586076122066,
    2.685500001011));
#3363 = CARTESIAN_POINT('',(1.965625851715,-6.560115276027,2.75599999183
    ));
#3364 = CARTESIAN_POINT('',(4.019037171166,-5.794693997478,
    2.826500017817));
#3365 = CARTESIAN_POINT('',(5.73964109985,-4.319032594433,2.896999968248
    ));
#3366 = CARTESIAN_POINT('',(6.854042523206,-2.297451701127,
    2.967500037367));
#3367 = CARTESIAN_POINT('',(7.183130427926,-1.263639941604E-02,
    3.037999964898));
#3368 = CARTESIAN_POINT('',(6.699464476126,2.201888763386,3.108500022471
    ));
#3369 = CARTESIAN_POINT('',(5.522177172091,4.050229211474,3.178999987986
    ));
#3370 = CARTESIAN_POINT('',(3.869254792868,5.331133035696,3.24950000329)
  );
#3371 = CARTESIAN_POINT('',(1.997303954755,5.958604579203,3.319999998445
    ));
#3372 = CARTESIAN_POINT('',(1.407796794034,6.086223542468,1.909999999642
    ));
#3373 = CARTESIAN_POINT('',(-0.504246723096,6.528495949115,
    1.980499997952));
#3374 = CARTESIAN_POINT('',(-2.570671848291,6.303341033691,
    2.051000003435));
#3375 = CARTESIAN_POINT('',(-4.529385426637,5.350116934565,
    2.121499990353));
#3376 = CARTESIAN_POINT('',(-6.091052410182,3.725899715961,
    2.192000013865));
#3377 = CARTESIAN_POINT('',(-7.000839608841,1.619355498684,2.26249998174
    ));
#3378 = CARTESIAN_POINT('',(-7.108493773532,-0.672729114537,
    2.333000015138));
#3379 = CARTESIAN_POINT('',(-6.418680715795,-2.817733378336,
    2.403499988927));
#3380 = CARTESIAN_POINT('',(-5.077501889108,-4.534251483989,
    2.474000004132));
#3381 = CARTESIAN_POINT('',(-3.319840310401,-5.643951136048,
    2.544499997918));
#3382 = CARTESIAN_POINT('',(0.5042467224,-6.528495948875,2.685500001047)
  );
#3383 = CARTESIAN_POINT('',(2.57067185033,-6.303341034638,2.755999991565
    ));
#3384 = CARTESIAN_POINT('',(4.529385423725,-5.350116932615,
    2.826500018368));
#3385 = CARTESIAN_POINT('',(6.091052411626,-3.725899718456,2.89699996737
    ));
#3386 = CARTESIAN_POINT('',(7.000839611137,-1.619355496725,
    2.967500038276));
#3387 = CARTESIAN_POINT('',(7.108493768083,0.672729113815,3.037999964149
    ));
#3388 = CARTESIAN_POINT('',(6.41868072137,2.817733378097,3.108500022886)
  );
#3389 = CARTESIAN_POINT('',(5.0775018857,4.534251484457,3.178999987774)
  );
#3390 = CARTESIAN_POINT('',(3.319840311666,5.643951135772,3.249500003342
    ));
#3391 = CARTESIAN_POINT('',(1.407796793759,6.086223542544,3.319999998408
    ));
#3392 = CARTESIAN_POINT('',(0.812154850271,6.156800912232,1.909999999638
    ));
#3393 = CARTESIAN_POINT('',(-1.122061201498,6.411946883383,
    1.980499997912));
#3394 = CARTESIAN_POINT('',(-3.145339588469,5.991925895114,
    2.051000003516));
#3395 = CARTESIAN_POINT('',(-4.992546195368,4.861746603954,
    2.121499990169));
#3396 = CARTESIAN_POINT('',(-6.38282587633,3.105501891352,2.192000014093
    ));
#3397 = CARTESIAN_POINT('',(-7.082023095232,0.934202598378,
    2.262499981497));
#3398 = CARTESIAN_POINT('',(-6.969785544689,-1.34413453897,
    2.333000015296));
#3399 = CARTESIAN_POINT('',(-6.082476459141,-3.400820142833,
    2.403499988824));
#3400 = CARTESIAN_POINT('',(-4.591524283609,-4.971342055,2.474000004166)
  );
#3401 = CARTESIAN_POINT('',(-2.746370901264,-5.901654941217,
    2.54449999789));
#3402 = CARTESIAN_POINT('',(1.122061200787,-6.411946883226,
    2.685500001071));
#3403 = CARTESIAN_POINT('',(3.145339590579,-5.991925895815,
    2.755999991397));
#3404 = CARTESIAN_POINT('',(4.992546192288,-4.861746602363,
    2.826500018711));
#3405 = CARTESIAN_POINT('',(6.382825878029,-3.105501893644,2.89699996686
    ));
#3406 = CARTESIAN_POINT('',(7.08202309727,-0.93420259619,2.967500038756)
  );
#3407 = CARTESIAN_POINT('',(6.969785539414,1.344134537645,3.037999963801
    ));
#3408 = CARTESIAN_POINT('',(6.082476464647,3.400820143226,3.108500023047
    ));
#3409 = CARTESIAN_POINT('',(4.591524280206,4.971342055077,3.178999987697
    ));
#3410 = CARTESIAN_POINT('',(2.746370902538,5.901654941088,3.249500003357
    ));
#3411 = CARTESIAN_POINT('',(0.812154849992,6.156800912275,3.31999999839)
  );
#3412 = CARTESIAN_POINT('',(0.216588043557,6.166747089311,1.909999999638
    ));
#3413 = CARTESIAN_POINT('',(-1.720752691896,6.234790229968,
    1.980499997896));
#3414 = CARTESIAN_POINT('',(-3.681844731025,5.626575710083,
    2.051000003554));
#3415 = CARTESIAN_POINT('',(-5.401124018577,4.332759633378,
    2.121499990101));
#3416 = CARTESIAN_POINT('',(-6.608824997982,2.463275889113,
    2.192000014154));
#3417 = CARTESIAN_POINT('',(-7.093463948567,0.249136126442,
    2.262499981472));
#3418 = CARTESIAN_POINT('',(-6.765357274293,-1.993548831678,
    2.333000015276));
#3419 = CARTESIAN_POINT('',(-5.691790092623,-3.943155108782,
    2.403499988851));
#3420 = CARTESIAN_POINT('',(-4.067517875214,-5.354403159559,
    2.474000004151));
#3421 = CARTESIAN_POINT('',(-2.153928778231,-6.098703948701,
    2.544499997886));
#3422 = CARTESIAN_POINT('',(1.720752691179,-6.234790229893,
    2.685500001082));
#3423 = CARTESIAN_POINT('',(3.681844733181,-5.626575710536,
    2.755999991329));
#3424 = CARTESIAN_POINT('',(5.401124015366,-4.332759632159,
    2.826500018833));
#3425 = CARTESIAN_POINT('',(6.608824999913,-2.463275891179,2.89699996674
    ));
#3426 = CARTESIAN_POINT('',(7.093463950326,-0.249136124057,
    2.967500038781));
#3427 = CARTESIAN_POINT('',(6.76535726925,1.993548829777,3.037999963875)
  );
#3428 = CARTESIAN_POINT('',(5.691790097998,3.943155109792,3.108500022939
    ));
#3429 = CARTESIAN_POINT('',(4.067517871856,5.354403159249,3.178999987763
    ));
#3430 = CARTESIAN_POINT('',(2.1539287795,6.098703948718,3.249500003332)
  );
#3431 = CARTESIAN_POINT('',(0.216588043278,6.166747089323,3.31999999839)
  );
#3432 = CARTESIAN_POINT('',(-0.250902584869,6.137758917264,
    1.909999999641));
#3433 = CARTESIAN_POINT('',(-2.179136417487,6.058935545512,
    1.980499997899));
#3434 = CARTESIAN_POINT('',(-4.07985560976,5.307033426152,2.051000003559
    ));
#3435 = CARTESIAN_POINT('',(-5.688743182269,3.892840746499,
    2.121499990118));
#3436 = CARTESIAN_POINT('',(-6.746322990646,1.945863711825,
    2.192000014101));
#3437 = CARTESIAN_POINT('',(-7.060119537005,-0.288607333859,
    2.262499981585));
#3438 = CARTESIAN_POINT('',(-6.564990950575,-2.490010709109,
    2.333000015151));
#3439 = CARTESIAN_POINT('',(-5.352026208586,-4.344171209733,
    2.403499988952));
#3440 = CARTESIAN_POINT('',(-3.633079386682,-5.622326899834,
    2.47400000411));
#3441 = CARTESIAN_POINT('',(-1.677331246972,-6.216582288992,
    2.544499997898));
#3442 = CARTESIAN_POINT('',(2.17913641677,-6.058935545503,2.685500001083
    ));
#3443 = CARTESIAN_POINT('',(4.079855611937,-5.307033426406,
    2.755999991339));
#3444 = CARTESIAN_POINT('',(5.688743178978,-3.89284074558,2.826500018794
    ));
#3445 = CARTESIAN_POINT('',(6.746322992745,-1.945863713699,
    2.896999966884));
#3446 = CARTESIAN_POINT('',(7.060119538532,0.28860733638,2.967500038524)
  );
#3447 = CARTESIAN_POINT('',(6.564990945752,2.490010706771,3.037999964191
    ));
#3448 = CARTESIAN_POINT('',(5.352026213819,4.344171211218,3.108500022691
    ));
#3449 = CARTESIAN_POINT('',(3.633079383384,5.622326899225,3.178999987902
    ));
#3450 = CARTESIAN_POINT('',(1.677331248227,6.216582289123,3.24950000329)
  );
#3451 = CARTESIAN_POINT('',(-0.250902585147,6.13775891725,3.319999998402
    ));
#3452 = CARTESIAN_POINT('',(-0.515655114271,6.091319446637,
    1.909999999645));
#3453 = CARTESIAN_POINT('',(-2.42929955691,5.929321614736,1.980499997913
    ));
#3454 = CARTESIAN_POINT('',(-4.286396075665,5.099337686452,
    2.051000003541));
#3455 = CARTESIAN_POINT('',(-5.824626840043,3.62355727164,2.121499990185
    ));
#3456 = CARTESIAN_POINT('',(-6.791635832623,1.641990282981,
    2.192000013989));
#3457 = CARTESIAN_POINT('',(-7.006701307646,-0.593145933411,
    2.262499981756));
#3458 = CARTESIAN_POINT('',(-6.418962133656,-2.760321454569,
    2.333000014992));
#3459 = CARTESIAN_POINT('',(-5.132605955046,-4.55113185947,
    2.403499989074));
#3460 = CARTESIAN_POINT('',(-3.368181363374,-5.747328986332,
    2.474000004062));
#3461 = CARTESIAN_POINT('',(-1.3979893276,-6.253317278475,2.544499997917
    ));
#3462 = CARTESIAN_POINT('',(2.429299556197,-5.929321614763,
    2.685500001077));
#3463 = CARTESIAN_POINT('',(4.286396077841,-5.099337686592,
    2.755999991395));
#3464 = CARTESIAN_POINT('',(5.824626836724,-3.623557270897,
    2.826500018662));
#3465 = CARTESIAN_POINT('',(6.791635834807,-1.641990284735,
    2.896999967159));
#3466 = CARTESIAN_POINT('',(7.006701309029,0.593145935997,2.967500038153
    ));
#3467 = CARTESIAN_POINT('',(6.418962128987,2.760321451994,3.03799996458)
  );
#3468 = CARTESIAN_POINT('',(5.132605960166,4.551131861217,3.108500022418
    ));
#3469 = CARTESIAN_POINT('',(3.36818136013,5.747328985556,3.178999988052)
  );
#3470 = CARTESIAN_POINT('',(1.397989328839,6.25331727867,3.249500003246)
  );
#3471 = CARTESIAN_POINT('',(-0.515655114546,6.091319446609,
    3.319999998418));
#3472 = CARTESIAN_POINT('',(-0.779360411773,6.050160775932,
    1.909999999648));
#3473 = CARTESIAN_POINT('',(-2.680074476659,5.805317481485,
    1.980499997924));
#3474 = CARTESIAN_POINT('',(-4.495322175492,4.897001638915,
    2.051000003526));
#3475 = CARTESIAN_POINT('',(-5.964557417314,3.358759168293,
    2.121499990243));
#3476 = CARTESIAN_POINT('',(-6.842296636072,1.341160717408,
    2.192000013891));
#3477 = CARTESIAN_POINT('',(-6.959357458071,-0.896479926774,
    2.262499981909));
#3478 = CARTESIAN_POINT('',(-6.279038132504,-3.031404870709,
    2.333000014848));
#3479 = CARTESIAN_POINT('',(-4.918638030009,-4.760694091204,
    2.403499989184));
#3480 = CARTESIAN_POINT('',(-3.107533754755,-5.876374774633,
    2.474000004019));
#3481 = CARTESIAN_POINT('',(-1.121353652349,-6.295004070276,
    2.544499997934));
#3482 = CARTESIAN_POINT('',(2.68007447595,-5.805317481549,2.685500001073
    ));
#3483 = CARTESIAN_POINT('',(4.495322177669,-4.897001638941,
    2.755999991442));
#3484 = CARTESIAN_POINT('',(5.964557413966,-3.358759167725,
    2.826500018549));
#3485 = CARTESIAN_POINT('',(6.842296638341,-1.341160719043,2.8969999674)
  );
#3486 = CARTESIAN_POINT('',(6.959357459317,0.896479929425,2.967500037822
    ));
#3487 = CARTESIAN_POINT('',(6.279038127983,3.031404867898,3.037999964931
    ));
#3488 = CARTESIAN_POINT('',(4.918638035024,4.760694093213,3.108500022168
    ));
#3489 = CARTESIAN_POINT('',(3.107533751559,5.876374773689,3.178999988189
    ));
#3490 = CARTESIAN_POINT('',(1.121353653575,6.295004070535,3.249500003206
    ));
#3491 = CARTESIAN_POINT('',(-0.779360412046,6.05016077589,3.319999998433
    ));
#3492 = DEFINITIONAL_REPRESENTATION('',(#3493),#3497);
#3493 = LINE('',#3494,#3495);
#3494 = CARTESIAN_POINT('',(0.,6.29306553711));
#3495 = VECTOR('',#3496,1.);
#3496 = DIRECTION('',(1.,0.));
#3497 = ( GEOMETRIC_REPRESENTATION_CONTEXT(2) 
PARAMETRIC_REPRESENTATION_CONTEXT() REPRESENTATION_CONTEXT('2D SPACE',''
  ) );
#3498 = ADVANCED_FACE('',(#3499,#3502),#1947,.T.);
#3499 = FACE_BOUND('',#3500,.T.);
#3500 = EDGE_LOOP('',(#3501));
#3501 = ORIENTED_EDGE('',*,*,#1930,.F.);
#3502 = FACE_BOUND('',#3503,.T.);
#3503 = EDGE_LOOP('',(#3504));
#3504 = ORIENTED_EDGE('',*,*,#3505,.F.);
#3505 = EDGE_CURVE('',#3506,#3506,#3508,.T.);
#3506 = VERTEX_POINT('',#3507);
#3507 = CARTESIAN_POINT('',(5.5601,0.,0.));
#3508 = SURFACE_CURVE('',#3509,(#3514,#3521),.PCURVE_S1.);
#3509 = CIRCLE('',#3510,5.5601);
#3510 = AXIS2_PLACEMENT_3D('',#3511,#3512,#3513);
#3511 = CARTESIAN_POINT('',(0.,0.,0.));
#3512 = DIRECTION('',(0.,0.,1.));
#3513 = DIRECTION('',(1.,0.,0.));
#3514 = PCURVE('',#1947,#3515);
#3515 = DEFINITIONAL_REPRESENTATION('',(#3516),#3520);
#3516 = CIRCLE('',#3517,5.5601);
#3517 = AXIS2_PLACEMENT_2D('',#3518,#3519);
#3518 = CARTESIAN_POINT('',(6.909171195989E-16,8.970782145352E-16));
#3519 = DIRECTION('',(1.,0.));
#3520 = ( GEOMETRIC_REPRESENTATION_CONTEXT(2) 
PARAMETRIC_REPRESENTATION_CONTEXT() REPRESENTATION_CONTEXT('2D SPACE',''
  ) );
#3521 = PCURVE('',#3522,#3527);
#3522 = CONICAL_SURFACE('',#3523,6.06,0.785398163397);
#3523 = AXIS2_PLACEMENT_3D('',#3524,#3525,#3526);
#3524 = CARTESIAN_POINT('',(0.,0.,0.4999));
#3525 = DIRECTION('',(0.,0.,1.));
#3526 = DIRECTION('',(1.,0.,0.));
#3527 = DEFINITIONAL_REPRESENTATION('',(#3528),#3532);
#3528 = LINE('',#3529,#3530);
#3529 = CARTESIAN_POINT('',(0.,-0.4999));
#3530 = VECTOR('',#3531,1.);
#3531 = DIRECTION('',(1.,-0.));
#3532 = ( GEOMETRIC_REPRESENTATION_CONTEXT(2) 
PARAMETRIC_REPRESENTATION_CONTEXT() REPRESENTATION_CONTEXT('2D SPACE',''
  ) );
#3533 = ADVANCED_FACE('',(#3534),#2111,.T.);
#3534 = FACE_BOUND('',#3535,.T.);
#3535 = EDGE_LOOP('',(#3536,#3576,#3577,#3578));
#3536 = ORIENTED_EDGE('',*,*,#3537,.T.);
#3537 = EDGE_CURVE('',#3538,#1990,#3540,.T.);
#3538 = VERTEX_POINT('',#3539);
#3539 = CARTESIAN_POINT('',(-0.586285190942,6.080295625367,
    1.909999999646));
#3540 = SEAM_CURVE('',#3541,(#3562,#3569),.PCURVE_S1.);
#3541 = B_SPLINE_CURVE_WITH_KNOTS('',10,(#3542,#3543,#3544,#3545,#3546,
    #3547,#3548,#3549,#3550,#3551,#3552,#3553,#3554,#3555,#3556,#3557,
    #3558,#3559,#3560,#3561),.UNSPECIFIED.,.F.,.F.,(11,9,11),(0.,
    3.146532768555,6.29306553711),.UNSPECIFIED.);
#3542 = CARTESIAN_POINT('',(-0.586285190942,6.080295625367,
    1.909999999646));
#3543 = CARTESIAN_POINT('',(-2.49646639799,5.896108700463,1.980499997916
    ));
#3544 = CARTESIAN_POINT('',(-4.342354247872,5.045144575103,
    2.051000003537));
#3545 = CARTESIAN_POINT('',(-5.862105447773,3.55263450096,2.121499990201
    ));
#3546 = CARTESIAN_POINT('',(-6.805204678094,1.561416947964,
    2.192000013963));
#3547 = CARTESIAN_POINT('',(-6.994020865663,-0.674390047243,
    2.262499981797));
#3548 = CARTESIAN_POINT('',(-6.381485287255,-2.832927665546,
    2.333000014953));
#3549 = CARTESIAN_POINT('',(-5.075297394718,-4.607260411437,
    2.403499989103));
#3550 = CARTESIAN_POINT('',(-3.298370249394,-5.78189224315,
    2.474000004051));
#3551 = CARTESIAN_POINT('',(-1.323896015337,-6.264482550197,
    2.544499997922));
#3552 = CARTESIAN_POINT('',(2.496466397278,-5.896108700501,
    2.685500001076));
#3553 = CARTESIAN_POINT('',(4.342354250048,-5.045144575212,
    2.755999991407));
#3554 = CARTESIAN_POINT('',(5.862105444446,-3.552634500264,
    2.826500018632));
#3555 = CARTESIAN_POINT('',(6.805204680302,-1.561416949686,
    2.896999967223));
#3556 = CARTESIAN_POINT('',(6.99402086701,0.674390049846,2.967500038064)
  );
#3557 = CARTESIAN_POINT('',(6.381485282626,2.832927662908,3.037999964674
    ));
#3558 = CARTESIAN_POINT('',(5.07529739981,4.607260413254,3.108500022351)
  );
#3559 = CARTESIAN_POINT('',(3.298370246163,5.781892242329,3.178999988089
    ));
#3560 = CARTESIAN_POINT('',(1.323896016574,6.264482550409,3.249500003235
    ));
#3561 = CARTESIAN_POINT('',(-0.586285191217,6.080295625335,
    3.319999998422));
#3562 = PCURVE('',#2111,#3563);
#3563 = DEFINITIONAL_REPRESENTATION('',(#3564),#3568);
#3564 = LINE('',#3565,#3566);
#3565 = CARTESIAN_POINT('',(40.422258152942,0.));
#3566 = VECTOR('',#3567,1.);
#3567 = DIRECTION('',(0.,1.));
#3568 = ( GEOMETRIC_REPRESENTATION_CONTEXT(2) 
PARAMETRIC_REPRESENTATION_CONTEXT() REPRESENTATION_CONTEXT('2D SPACE',''
  ) );
#3569 = PCURVE('',#2111,#3570);
#3570 = DEFINITIONAL_REPRESENTATION('',(#3571),#3575);
#3571 = LINE('',#3572,#3573);
#3572 = CARTESIAN_POINT('',(0.,0.));
#3573 = VECTOR('',#3574,1.);
#3574 = DIRECTION('',(0.,1.));
#3575 = ( GEOMETRIC_REPRESENTATION_CONTEXT(2) 
PARAMETRIC_REPRESENTATION_CONTEXT() REPRESENTATION_CONTEXT('2D SPACE',''
  ) );
#3576 = ORIENTED_EDGE('',*,*,#2031,.F.);
#3577 = ORIENTED_EDGE('',*,*,#3537,.F.);
#3578 = ORIENTED_EDGE('',*,*,#3579,.T.);
#3579 = EDGE_CURVE('',#3538,#3538,#3580,.T.);
#3580 = SURFACE_CURVE('',#3581,(#3651,#3658),.PCURVE_S1.);
#3581 = B_SPLINE_CURVE_WITH_KNOTS('',3,(#3582,#3583,#3584,#3585,#3586,
    #3587,#3588,#3589,#3590,#3591,#3592,#3593,#3594,#3595,#3596,#3597,
    #3598,#3599,#3600,#3601,#3602,#3603,#3604,#3605,#3606,#3607,#3608,
    #3609,#3610,#3611,#3612,#3613,#3614,#3615,#3616,#3617,#3618,#3619,
    #3620,#3621,#3622,#3623,#3624,#3625,#3626,#3627,#3628,#3629,#3630,
    #3631,#3632,#3633,#3634,#3635,#3636,#3637,#3638,#3639,#3640,#3641,
    #3642,#3643,#3644,#3645,#3646,#3647,#3648,#3649,#3650),
  .UNSPECIFIED.,.T.,.F.,(1,1,2,1,1,1,1,1,1,1,1,1,1,1,1,1,1,1,1,1,1,1,1,1
    ,1,1,1,1,1,1,1,1,1,1,1,1,1,1,1,1,1,1,1,1,1,1,1,1,1,1,1,1,1,1,1,1,1,1
    ,1,1,1,1,1,1,1,1,1,1,2,1,1),(-0.806026575103,-0.214473175889,0.,
    0.586286434173,1.169790793149,1.751355281267,2.331488559819,
    2.910562708888,3.488880006941,4.066703671393,4.644275166407,
    5.221825806552,5.79958609389,6.377794883986,6.956710383849,
    7.536626039736,8.117897857159,8.701001356912,9.286688188225,
    9.875955541234,10.468810074336,11.065242783825,11.665253753848,
    12.268843067054,12.876010804635,13.486757046351,14.101081870572,
    14.718985354304,15.340467573224,15.965528601709,16.594168512865,
    17.226387378557,17.862185269437,18.501562254969,19.144518403459,
    19.791053782076,20.441168456882,21.094862492853,21.752135953902,
    22.41200520612,23.072621290473,23.733237374826,24.393853459179,
    25.054469543532,25.715085627885,26.375701712238,27.036317796592,
    27.696779606114,28.356330915924,29.012302760525,29.664695203167,
    30.313508308148,30.958742140836,31.600396767692,32.238472256296,
    32.872968675372,33.503886094813,34.131224585709,34.754984220372,
    35.375165072369,35.991767216544,36.604790729055,37.2142356874,
    37.82010217045,38.422390258483,39.021100033216,39.616231577839,
    40.207784977053,40.422258152942,41.008544587115,41.592048946091),
  .UNSPECIFIED.);
#3582 = CARTESIAN_POINT('',(-0.515655114271,6.091319446637,
    1.909999999645));
#3583 = CARTESIAN_POINT('',(-0.779360411773,6.050160775932,
    1.909999999648));
#3584 = CARTESIAN_POINT('',(-1.16250235972,5.975059152927,1.909999999654
    ));
#3585 = CARTESIAN_POINT('',(-1.724945918095,5.816176979521,
    1.909999999666));
#3586 = CARTESIAN_POINT('',(-2.269422399556,5.609116393516,
    1.909999999682));
#3587 = CARTESIAN_POINT('',(-2.791859341958,5.354815885649,1.9099999997)
  );
#3588 = CARTESIAN_POINT('',(-3.288157513009,5.054706283981,
    1.909999999722));
#3589 = CARTESIAN_POINT('',(-3.754342317538,4.710957476147,
    1.909999999747));
#3590 = CARTESIAN_POINT('',(-4.186640358185,4.326202813921,
    1.909999999775));
#3591 = CARTESIAN_POINT('',(-4.581537524333,3.903496675117,
    1.909999999805));
#3592 = CARTESIAN_POINT('',(-4.935826630001,3.446244740056,
    1.909999999837));
#3593 = CARTESIAN_POINT('',(-5.24665100066,2.958154592104,1.909999999872
    ));
#3594 = CARTESIAN_POINT('',(-5.511547705306,2.443183065335,
    1.909999999909));
#3595 = CARTESIAN_POINT('',(-5.728496058597,1.905481531626,
    1.909999999947));
#3596 = CARTESIAN_POINT('',(-5.895981367388,1.349323876953,
    1.909999999986));
#3597 = CARTESIAN_POINT('',(-6.013101284681,0.779030000558,
    1.910000000026));
#3598 = CARTESIAN_POINT('',(-6.079778635085,0.198737595276,
    1.910000000067));
#3599 = CARTESIAN_POINT('',(-6.097351973268,-0.387572577439,
    1.910000000108));
#3600 = CARTESIAN_POINT('',(-6.07081047784,-0.977005540882,
    1.910000000149));
#3601 = CARTESIAN_POINT('',(-5.984650059349,-1.564586974246,
    1.91000000019));
#3602 = CARTESIAN_POINT('',(-5.842074344096,-2.14464272215,1.91000000023
    ));
#3603 = CARTESIAN_POINT('',(-5.642908724307,-2.711636530843,
    1.910000000269));
#3604 = CARTESIAN_POINT('',(-5.388582661175,-3.260057201922,
    1.910000000307));
#3605 = CARTESIAN_POINT('',(-5.080777233238,-3.784515162894,
    1.910000000343));
#3606 = CARTESIAN_POINT('',(-4.721779004986,-4.279782764752,
    1.910000000377));
#3607 = CARTESIAN_POINT('',(-4.31436584325,-4.740849479561,
    1.910000000409));
#3608 = CARTESIAN_POINT('',(-3.861812772668,-5.162971291284,
    1.910000000438));
#3609 = CARTESIAN_POINT('',(-3.367859053732,-5.541719245318,
    1.910000000463));
#3610 = CARTESIAN_POINT('',(-2.83667965495,-5.873025163011,
    1.910000000486));
#3611 = CARTESIAN_POINT('',(-2.272849735238,-6.153224566813,
    1.910000000504));
#3612 = CARTESIAN_POINT('',(-1.681305610144,-6.379095831298,
    1.910000000519));
#3613 = CARTESIAN_POINT('',(-1.067301523261,-6.547896802574,
    1.91000000053));
#3614 = CARTESIAN_POINT('',(-0.436363443718,-6.657392363957,
    1.910000000536));
#3615 = CARTESIAN_POINT('',(0.205762080632,-6.705895680751,
    1.910000000539));
#3616 = CARTESIAN_POINT('',(0.853154816067,-6.692235970112,
    1.910000000536));
#3617 = CARTESIAN_POINT('',(1.499795881868,-6.615979370656,1.91000000053
    ));
#3618 = CARTESIAN_POINT('',(2.139546729572,-6.476672771441,
    1.910000000519));
#3619 = CARTESIAN_POINT('',(2.766184253917,-6.276838339451,
    1.910000000504));
#3620 = CARTESIAN_POINT('',(3.372162974298,-6.011398199906,
    1.910000000485));
#3621 = CARTESIAN_POINT('',(3.928669666978,-5.652536390749,
    1.910000000458));
#3622 = CARTESIAN_POINT('',(4.454316127642,-5.251411575582,
    1.910000000429));
#3623 = CARTESIAN_POINT('',(4.937427881759,-4.799100870784,
    1.910000000397));
#3624 = CARTESIAN_POINT('',(5.375375303906,-4.303209629444,
    1.910000000362));
#3625 = CARTESIAN_POINT('',(5.763401815217,-3.767362072137,
    1.910000000323));
#3626 = CARTESIAN_POINT('',(6.098945302557,-3.196894518751,
    1.910000000283));
#3627 = CARTESIAN_POINT('',(6.37551653287,-2.596520506561,1.91000000024)
  );
#3628 = CARTESIAN_POINT('',(6.602928097337,-1.974089160675,
    1.910000000197));
#3629 = CARTESIAN_POINT('',(6.713405121712,-1.322416382234,
    1.910000000151));
#3630 = CARTESIAN_POINT('',(6.775279288496,-0.668961516743,
    1.910000000105));
#3631 = CARTESIAN_POINT('',(6.770006205729,-1.533351982764E-02,
    1.910000000059));
#3632 = CARTESIAN_POINT('',(6.703241150997,0.630961358861,1.910000000014
    ));
#3633 = CARTESIAN_POINT('',(6.574982083713,1.26436911977,1.90999999997)
  );
#3634 = CARTESIAN_POINT('',(6.387442902247,1.879037472788,1.909999999927
    ));
#3635 = CARTESIAN_POINT('',(6.142932708213,2.469480600355,1.909999999887
    ));
#3636 = CARTESIAN_POINT('',(5.844384752617,3.030465778773,1.909999999848
    ));
#3637 = CARTESIAN_POINT('',(5.495175479711,3.557102781915,1.909999999812
    ));
#3638 = CARTESIAN_POINT('',(5.099126849569,4.044874947598,1.909999999778
    ));
#3639 = CARTESIAN_POINT('',(4.660455134898,4.489680565576,1.909999999748
    ));
#3640 = CARTESIAN_POINT('',(4.18372949505,4.887866843409,1.909999999721)
  );
#3641 = CARTESIAN_POINT('',(3.673824631333,5.236257381066,1.909999999697
    ));
#3642 = CARTESIAN_POINT('',(3.135870239654,5.532185236202,1.909999999678
    ));
#3643 = CARTESIAN_POINT('',(2.575204757221,5.773481366638,1.909999999662
    ));
#3644 = CARTESIAN_POINT('',(1.997303955023,5.958604579095,1.90999999965)
  );
#3645 = CARTESIAN_POINT('',(1.407796794034,6.086223542468,1.909999999642
    ));
#3646 = CARTESIAN_POINT('',(0.812154850271,6.156800912232,1.909999999638
    ));
#3647 = CARTESIAN_POINT('',(0.216588043557,6.166747089311,1.909999999638
    ));
#3648 = CARTESIAN_POINT('',(-0.250902584869,6.137758917264,
    1.909999999641));
#3649 = CARTESIAN_POINT('',(-0.515655114271,6.091319446637,
    1.909999999645));
#3650 = CARTESIAN_POINT('',(-0.779360411773,6.050160775932,
    1.909999999648));
#3651 = PCURVE('',#2111,#3652);
#3652 = DEFINITIONAL_REPRESENTATION('',(#3653),#3657);
#3653 = LINE('',#3654,#3655);
#3654 = CARTESIAN_POINT('',(0.,0.));
#3655 = VECTOR('',#3656,1.);
#3656 = DIRECTION('',(1.,0.));
#3657 = ( GEOMETRIC_REPRESENTATION_CONTEXT(2) 
PARAMETRIC_REPRESENTATION_CONTEXT() REPRESENTATION_CONTEXT('2D SPACE',''
  ) );
#3658 = PCURVE('',#3659,#5040);
#3659 = B_SPLINE_SURFACE_WITH_KNOTS('',3,10,(
    (#3660,#3661,#3662,#3663,#3664,#3665,#3666,#3667,#3668,#3669,#3670
      ,#3671,#3672,#3673,#3674,#3675,#3676,#3677,#3678,#3679)
    ,(#3680,#3681,#3682,#3683,#3684,#3685,#3686,#3687,#3688,#3689,#3690
      ,#3691,#3692,#3693,#3694,#3695,#3696,#3697,#3698,#3699)
    ,(#3700,#3701,#3702,#3703,#3704,#3705,#3706,#3707,#3708,#3709,#3710
      ,#3711,#3712,#3713,#3714,#3715,#3716,#3717,#3718,#3719)
    ,(#3720,#3721,#3722,#3723,#3724,#3725,#3726,#3727,#3728,#3729,#3730
      ,#3731,#3732,#3733,#3734,#3735,#3736,#3737,#3738,#3739)
    ,(#3740,#3741,#3742,#3743,#3744,#3745,#3746,#3747,#3748,#3749,#3750
      ,#3751,#3752,#3753,#3754,#3755,#3756,#3757,#3758,#3759)
    ,(#3760,#3761,#3762,#3763,#3764,#3765,#3766,#3767,#3768,#3769,#3770
      ,#3771,#3772,#3773,#3774,#3775,#3776,#3777,#3778,#3779)
    ,(#3780,#3781,#3782,#3783,#3784,#3785,#3786,#3787,#3788,#3789,#3790
      ,#3791,#3792,#3793,#3794,#3795,#3796,#3797,#3798,#3799)
    ,(#3800,#3801,#3802,#3803,#3804,#3805,#3806,#3807,#3808,#3809,#3810
      ,#3811,#3812,#3813,#3814,#3815,#3816,#3817,#3818,#3819)
    ,(#3820,#3821,#3822,#3823,#3824,#3825,#3826,#3827,#3828,#3829,#3830
      ,#3831,#3832,#3833,#3834,#3835,#3836,#3837,#3838,#3839)
    ,(#3840,#3841,#3842,#3843,#3844,#3845,#3846,#3847,#3848,#3849,#3850
      ,#3851,#3852,#3853,#3854,#3855,#3856,#3857,#3858,#3859)
    ,(#3860,#3861,#3862,#3863,#3864,#3865,#3866,#3867,#3868,#3869,#3870
      ,#3871,#3872,#3873,#3874,#3875,#3876,#3877,#3878,#3879)
    ,(#3880,#3881,#3882,#3883,#3884,#3885,#3886,#3887,#3888,#3889,#3890
      ,#3891,#3892,#3893,#3894,#3895,#3896,#3897,#3898,#3899)
    ,(#3900,#3901,#3902,#3903,#3904,#3905,#3906,#3907,#3908,#3909,#3910
      ,#3911,#3912,#3913,#3914,#3915,#3916,#3917,#3918,#3919)
    ,(#3920,#3921,#3922,#3923,#3924,#3925,#3926,#3927,#3928,#3929,#3930
      ,#3931,#3932,#3933,#3934,#3935,#3936,#3937,#3938,#3939)
    ,(#3940,#3941,#3942,#3943,#3944,#3945,#3946,#3947,#3948,#3949,#3950
      ,#3951,#3952,#3953,#3954,#3955,#3956,#3957,#3958,#3959)
    ,(#3960,#3961,#3962,#3963,#3964,#3965,#3966,#3967,#3968,#3969,#3970
      ,#3971,#3972,#3973,#3974,#3975,#3976,#3977,#3978,#3979)
    ,(#3980,#3981,#3982,#3983,#3984,#3985,#3986,#3987,#3988,#3989,#3990
      ,#3991,#3992,#3993,#3994,#3995,#3996,#3997,#3998,#3999)
    ,(#4000,#4001,#4002,#4003,#4004,#4005,#4006,#4007,#4008,#4009,#4010
      ,#4011,#4012,#4013,#4014,#4015,#4016,#4017,#4018,#4019)
    ,(#4020,#4021,#4022,#4023,#4024,#4025,#4026,#4027,#4028,#4029,#4030
      ,#4031,#4032,#4033,#4034,#4035,#4036,#4037,#4038,#4039)
    ,(#4040,#4041,#4042,#4043,#4044,#4045,#4046,#4047,#4048,#4049,#4050
      ,#4051,#4052,#4053,#4054,#4055,#4056,#4057,#4058,#4059)
    ,(#4060,#4061,#4062,#4063,#4064,#4065,#4066,#4067,#4068,#4069,#4070
      ,#4071,#4072,#4073,#4074,#4075,#4076,#4077,#4078,#4079)
    ,(#4080,#4081,#4082,#4083,#4084,#4085,#4086,#4087,#4088,#4089,#4090
      ,#4091,#4092,#4093,#4094,#4095,#4096,#4097,#4098,#4099)
    ,(#4100,#4101,#4102,#4103,#4104,#4105,#4106,#4107,#4108,#4109,#4110
      ,#4111,#4112,#4113,#4114,#4115,#4116,#4117,#4118,#4119)
    ,(#4120,#4121,#4122,#4123,#4124,#4125,#4126,#4127,#4128,#4129,#4130
      ,#4131,#4132,#4133,#4134,#4135,#4136,#4137,#4138,#4139)
    ,(#4140,#4141,#4142,#4143,#4144,#4145,#4146,#4147,#4148,#4149,#4150
      ,#4151,#4152,#4153,#4154,#4155,#4156,#4157,#4158,#4159)
    ,(#4160,#4161,#4162,#4163,#4164,#4165,#4166,#4167,#4168,#4169,#4170
      ,#4171,#4172,#4173,#4174,#4175,#4176,#4177,#4178,#4179)
    ,(#4180,#4181,#4182,#4183,#4184,#4185,#4186,#4187,#4188,#4189,#4190
      ,#4191,#4192,#4193,#4194,#4195,#4196,#4197,#4198,#4199)
    ,(#4200,#4201,#4202,#4203,#4204,#4205,#4206,#4207,#4208,#4209,#4210
      ,#4211,#4212,#4213,#4214,#4215,#4216,#4217,#4218,#4219)
    ,(#4220,#4221,#4222,#4223,#4224,#4225,#4226,#4227,#4228,#4229,#4230
      ,#4231,#4232,#4233,#4234,#4235,#4236,#4237,#4238,#4239)
    ,(#4240,#4241,#4242,#4243,#4244,#4245,#4246,#4247,#4248,#4249,#4250
      ,#4251,#4252,#4253,#4254,#4255,#4256,#4257,#4258,#4259)
    ,(#4260,#4261,#4262,#4263,#4264,#4265,#4266,#4267,#4268,#4269,#4270
      ,#4271,#4272,#4273,#4274,#4275,#4276,#4277,#4278,#4279)
    ,(#4280,#4281,#4282,#4283,#4284,#4285,#4286,#4287,#4288,#4289,#4290
      ,#4291,#4292,#4293,#4294,#4295,#4296,#4297,#4298,#4299)
    ,(#4300,#4301,#4302,#4303,#4304,#4305,#4306,#4307,#4308,#4309,#4310
      ,#4311,#4312,#4313,#4314,#4315,#4316,#4317,#4318,#4319)
    ,(#4320,#4321,#4322,#4323,#4324,#4325,#4326,#4327,#4328,#4329,#4330
      ,#4331,#4332,#4333,#4334,#4335,#4336,#4337,#4338,#4339)
    ,(#4340,#4341,#4342,#4343,#4344,#4345,#4346,#4347,#4348,#4349,#4350
      ,#4351,#4352,#4353,#4354,#4355,#4356,#4357,#4358,#4359)
    ,(#4360,#4361,#4362,#4363,#4364,#4365,#4366,#4367,#4368,#4369,#4370
      ,#4371,#4372,#4373,#4374,#4375,#4376,#4377,#4378,#4379)
    ,(#4380,#4381,#4382,#4383,#4384,#4385,#4386,#4387,#4388,#4389,#4390
      ,#4391,#4392,#4393,#4394,#4395,#4396,#4397,#4398,#4399)
    ,(#4400,#4401,#4402,#4403,#4404,#4405,#4406,#4407,#4408,#4409,#4410
      ,#4411,#4412,#4413,#4414,#4415,#4416,#4417,#4418,#4419)
    ,(#4420,#4421,#4422,#4423,#4424,#4425,#4426,#4427,#4428,#4429,#4430
      ,#4431,#4432,#4433,#4434,#4435,#4436,#4437,#4438,#4439)
    ,(#4440,#4441,#4442,#4443,#4444,#4445,#4446,#4447,#4448,#4449,#4450
      ,#4451,#4452,#4453,#4454,#4455,#4456,#4457,#4458,#4459)
    ,(#4460,#4461,#4462,#4463,#4464,#4465,#4466,#4467,#4468,#4469,#4470
      ,#4471,#4472,#4473,#4474,#4475,#4476,#4477,#4478,#4479)
    ,(#4480,#4481,#4482,#4483,#4484,#4485,#4486,#4487,#4488,#4489,#4490
      ,#4491,#4492,#4493,#4494,#4495,#4496,#4497,#4498,#4499)
    ,(#4500,#4501,#4502,#4503,#4504,#4505,#4506,#4507,#4508,#4509,#4510
      ,#4511,#4512,#4513,#4514,#4515,#4516,#4517,#4518,#4519)
    ,(#4520,#4521,#4522,#4523,#4524,#4525,#4526,#4527,#4528,#4529,#4530
      ,#4531,#4532,#4533,#4534,#4535,#4536,#4537,#4538,#4539)
    ,(#4540,#4541,#4542,#4543,#4544,#4545,#4546,#4547,#4548,#4549,#4550
      ,#4551,#4552,#4553,#4554,#4555,#4556,#4557,#4558,#4559)
    ,(#4560,#4561,#4562,#4563,#4564,#4565,#4566,#4567,#4568,#4569,#4570
      ,#4571,#4572,#4573,#4574,#4575,#4576,#4577,#4578,#4579)
    ,(#4580,#4581,#4582,#4583,#4584,#4585,#4586,#4587,#4588,#4589,#4590
      ,#4591,#4592,#4593,#4594,#4595,#4596,#4597,#4598,#4599)
    ,(#4600,#4601,#4602,#4603,#4604,#4605,#4606,#4607,#4608,#4609,#4610
      ,#4611,#4612,#4613,#4614,#4615,#4616,#4617,#4618,#4619)
    ,(#4620,#4621,#4622,#4623,#4624,#4625,#4626,#4627,#4628,#4629,#4630
      ,#4631,#4632,#4633,#4634,#4635,#4636,#4637,#4638,#4639)
    ,(#4640,#4641,#4642,#4643,#4644,#4645,#4646,#4647,#4648,#4649,#4650
      ,#4651,#4652,#4653,#4654,#4655,#4656,#4657,#4658,#4659)
    ,(#4660,#4661,#4662,#4663,#4664,#4665,#4666,#4667,#4668,#4669,#4670
      ,#4671,#4672,#4673,#4674,#4675,#4676,#4677,#4678,#4679)
    ,(#4680,#4681,#4682,#4683,#4684,#4685,#4686,#4687,#4688,#4689,#4690
      ,#4691,#4692,#4693,#4694,#4695,#4696,#4697,#4698,#4699)
    ,(#4700,#4701,#4702,#4703,#4704,#4705,#4706,#4707,#4708,#4709,#4710
      ,#4711,#4712,#4713,#4714,#4715,#4716,#4717,#4718,#4719)
    ,(#4720,#4721,#4722,#4723,#4724,#4725,#4726,#4727,#4728,#4729,#4730
      ,#4731,#4732,#4733,#4734,#4735,#4736,#4737,#4738,#4739)
    ,(#4740,#4741,#4742,#4743,#4744,#4745,#4746,#4747,#4748,#4749,#4750
      ,#4751,#4752,#4753,#4754,#4755,#4756,#4757,#4758,#4759)
    ,(#4760,#4761,#4762,#4763,#4764,#4765,#4766,#4767,#4768,#4769,#4770
      ,#4771,#4772,#4773,#4774,#4775,#4776,#4777,#4778,#4779)
    ,(#4780,#4781,#4782,#4783,#4784,#4785,#4786,#4787,#4788,#4789,#4790
      ,#4791,#4792,#4793,#4794,#4795,#4796,#4797,#4798,#4799)
    ,(#4800,#4801,#4802,#4803,#4804,#4805,#4806,#4807,#4808,#4809,#4810
      ,#4811,#4812,#4813,#4814,#4815,#4816,#4817,#4818,#4819)
    ,(#4820,#4821,#4822,#4823,#4824,#4825,#4826,#4827,#4828,#4829,#4830
      ,#4831,#4832,#4833,#4834,#4835,#4836,#4837,#4838,#4839)
    ,(#4840,#4841,#4842,#4843,#4844,#4845,#4846,#4847,#4848,#4849,#4850
      ,#4851,#4852,#4853,#4854,#4855,#4856,#4857,#4858,#4859)
    ,(#4860,#4861,#4862,#4863,#4864,#4865,#4866,#4867,#4868,#4869,#4870
      ,#4871,#4872,#4873,#4874,#4875,#4876,#4877,#4878,#4879)
    ,(#4880,#4881,#4882,#4883,#4884,#4885,#4886,#4887,#4888,#4889,#4890
      ,#4891,#4892,#4893,#4894,#4895,#4896,#4897,#4898,#4899)
    ,(#4900,#4901,#4902,#4903,#4904,#4905,#4906,#4907,#4908,#4909,#4910
      ,#4911,#4912,#4913,#4914,#4915,#4916,#4917,#4918,#4919)
    ,(#4920,#4921,#4922,#4923,#4924,#4925,#4926,#4927,#4928,#4929,#4930
      ,#4931,#4932,#4933,#4934,#4935,#4936,#4937,#4938,#4939)
    ,(#4940,#4941,#4942,#4943,#4944,#4945,#4946,#4947,#4948,#4949,#4950
      ,#4951,#4952,#4953,#4954,#4955,#4956,#4957,#4958,#4959)
    ,(#4960,#4961,#4962,#4963,#4964,#4965,#4966,#4967,#4968,#4969,#4970
      ,#4971,#4972,#4973,#4974,#4975,#4976,#4977,#4978,#4979)
    ,(#4980,#4981,#4982,#4983,#4984,#4985,#4986,#4987,#4988,#4989,#4990
      ,#4991,#4992,#4993,#4994,#4995,#4996,#4997,#4998,#4999)
    ,(#5000,#5001,#5002,#5003,#5004,#5005,#5006,#5007,#5008,#5009,#5010
      ,#5011,#5012,#5013,#5014,#5015,#5016,#5017,#5018,#5019)
    ,(#5020,#5021,#5022,#5023,#5024,#5025,#5026,#5027,#5028,#5029,#5030
      ,#5031,#5032,#5033,#5034,#5035,#5036,#5037,#5038,#5039
  )),.UNSPECIFIED.,.T.,.F.,.F.,(1,1,2,1,1,1,1,1,1,1,1,1,1,1,1,1,1,1,1,1,
    1,1,1,1,1,1,1,1,1,1,1,1,1,1,1,1,1,1,1,1,1,1,1,1,1,1,1,1,1,1,1,1,1,1,
    1,1,1,1,1,1,1,1,1,1,1,1,1,1,2,1,1),(11,9,11),(-0.806026575103,
    -0.214473175889,0.,0.586286434173,1.169790793149,1.751355281267,
    2.331488559819,2.910562708888,3.488880006941,4.066703671393,
    4.644275166407,5.221825806552,5.79958609389,6.377794883986,
    6.956710383849,7.536626039736,8.117897857159,8.701001356912,
    9.286688188225,9.875955541234,10.468810074336,11.065242783825,
    11.665253753848,12.268843067054,12.876010804635,13.486757046351,
    14.101081870572,14.718985354304,15.340467573224,15.965528601709,
    16.594168512865,17.226387378557,17.862185269437,18.501562254969,
    19.144518403459,19.791053782076,20.441168456882,21.094862492853,
    21.752135953902,22.41200520612,23.072621290473,23.733237374826,
    24.393853459179,25.054469543532,25.715085627885,26.375701712238,
    27.036317796592,27.696779606114,28.356330915924,29.012302760525,
    29.664695203167,30.313508308148,30.958742140836,31.600396767692,
    32.238472256296,32.872968675372,33.503886094813,34.131224585709,
    34.754984220372,35.375165072369,35.991767216544,36.604790729055,
    37.2142356874,37.82010217045,38.422390258483,39.021100033216,
    39.616231577839,40.207784977053,40.422258152942,41.008544587115,
    41.592048946091),(0.,3.146532768555,6.29306553711),.UNSPECIFIED.);
#3660 = CARTESIAN_POINT('',(-0.515655114188,6.091319446645,0.5));
#3661 = CARTESIAN_POINT('',(-2.429299556518,5.929321614802,
    0.570499999708));
#3662 = CARTESIAN_POINT('',(-4.286396076198,5.099337686578,
    0.641000000713));
#3663 = CARTESIAN_POINT('',(-5.824626838968,3.623557271626,
    0.711499998015));
#3664 = CARTESIAN_POINT('',(-6.791635833445,1.641990283487,
    0.782000003534));
#3665 = CARTESIAN_POINT('',(-7.006701307505,-0.593145933757,
    0.852499995043));
#3666 = CARTESIAN_POINT('',(-6.418962133147,-2.76032145393,
    0.923000004807));
#3667 = CARTESIAN_POINT('',(-5.132605955938,-4.551131859676,
    0.993499996485));
#3668 = CARTESIAN_POINT('',(-3.368181362987,-5.747328986126,
    1.064000001638));
#3669 = CARTESIAN_POINT('',(-1.397989327934,-6.253317278468,
    1.13449999943));
#3670 = CARTESIAN_POINT('',(2.429299556308,-5.929321614811,
    1.275500000568));
#3671 = CARTESIAN_POINT('',(4.286396076857,-5.099337686624,
    1.345999997172));
#3672 = CARTESIAN_POINT('',(5.824626838003,-3.623557271374,
    1.416500006617));
#3673 = CARTESIAN_POINT('',(6.791635833933,-1.641990284092,
    1.486999988972));
#3674 = CARTESIAN_POINT('',(7.006701308275,0.593145934659,1.557500013041
    ));
#3675 = CARTESIAN_POINT('',(6.418962131299,2.760321453025,1.62799998834)
  );
#3676 = CARTESIAN_POINT('',(5.132605957841,4.551131860292,1.698500007593
    ));
#3677 = CARTESIAN_POINT('',(3.368181361815,5.747328985852,1.76899999623)
  );
#3678 = CARTESIAN_POINT('',(1.397989328371,6.253317278537,1.839500001234
    ));
#3679 = CARTESIAN_POINT('',(-0.515655114271,6.091319446637,
    1.909999999645));
#3680 = CARTESIAN_POINT('',(-0.779360411691,6.050160775945,0.5));
#3681 = CARTESIAN_POINT('',(-2.680074476271,5.805317481572,
    0.570499999709));
#3682 = CARTESIAN_POINT('',(-4.49532217603,4.897001639012,0.641000000709
    ));
#3683 = CARTESIAN_POINT('',(-5.96455741624,3.358759168336,0.711499998029
    ));
#3684 = CARTESIAN_POINT('',(-6.842296636921,1.341160717869,
    0.782000003502));
#3685 = CARTESIAN_POINT('',(-6.95935745791,-0.896479927111,
    0.852499995094));
#3686 = CARTESIAN_POINT('',(-6.279038132032,-3.031404870045,
    0.923000004754));
#3687 = CARTESIAN_POINT('',(-4.918638030886,-4.760694091456,
    0.993499996524));
#3688 = CARTESIAN_POINT('',(-3.10753375438,-5.876374774407,1.06400000162
    ));
#3689 = CARTESIAN_POINT('',(-1.121353652682,-6.295004070287,
    1.134499999434));
#3690 = CARTESIAN_POINT('',(2.680074476062,-5.805317481592,
    1.275500000565));
#3691 = CARTESIAN_POINT('',(4.495322176689,-4.897001639024,
    1.345999997187));
#3692 = CARTESIAN_POINT('',(5.964557415266,-3.358759168134,
    1.416500006579));
#3693 = CARTESIAN_POINT('',(6.842296637436,-1.341160718448,1.48699998905
    ));
#3694 = CARTESIAN_POINT('',(6.959357458633,0.896479928051,1.557500012932
    ));
#3695 = CARTESIAN_POINT('',(6.279038130235,3.031404869046,1.627999988453
    ));
#3696 = CARTESIAN_POINT('',(4.918638032753,4.76069409217,1.69850000751)
  );
#3697 = CARTESIAN_POINT('',(3.107533753225,5.876374774072,1.768999996274
    ));
#3698 = CARTESIAN_POINT('',(1.121353653115,6.295004070378,1.839500001219
    ));
#3699 = CARTESIAN_POINT('',(-0.779360411773,6.050160775932,
    1.909999999648));
#3700 = CARTESIAN_POINT('',(-1.16250235964,5.975059152946,0.5));
#3701 = CARTESIAN_POINT('',(-3.039622553512,5.609848265685,
    0.570499999712));
#3702 = CARTESIAN_POINT('',(-4.789260282543,4.589400632797,
    0.641000000701));
#3703 = CARTESIAN_POINT('',(-6.154102585519,2.963761994031,
    0.711499998056));
#3704 = CARTESIAN_POINT('',(-6.899309977976,0.89855094814,0.782000003445
    ));
#3705 = CARTESIAN_POINT('',(-6.872969829664,-1.337199086693,
    0.852499995183));
#3706 = CARTESIAN_POINT('',(-6.059147542937,-3.419737276875,
    0.923000004662));
#3707 = CARTESIAN_POINT('',(-4.593997998579,-5.054903180845,
    0.993499996592));
#3708 = CARTESIAN_POINT('',(-2.719220169096,-6.050244119007,
    1.064000001589));
#3709 = CARTESIAN_POINT('',(-0.71461783403,-6.340270040161,
    1.134499999443));
#3710 = CARTESIAN_POINT('',(3.039622553305,-5.60984826572,1.275500000559
    ));
#3711 = CARTESIAN_POINT('',(4.789260283201,-4.589400632758,
    1.345999997217));
#3712 = CARTESIAN_POINT('',(6.154102584533,-2.963761993904,
    1.416500006502));
#3713 = CARTESIAN_POINT('',(6.899309978534,-0.898550948677,
    1.486999989197));
#3714 = CARTESIAN_POINT('',(6.872969830314,1.337199087686,1.557500012732
    ));
#3715 = CARTESIAN_POINT('',(6.059147541221,3.419737275742,1.627999988654
    ));
#3716 = CARTESIAN_POINT('',(4.593998000386,5.0549031817,1.698500007366)
  );
#3717 = CARTESIAN_POINT('',(2.71922016797,6.050244118586,1.768999996348)
  );
#3718 = CARTESIAN_POINT('',(0.714617834455,6.340270040284,1.839500001194
    ));
#3719 = CARTESIAN_POINT('',(-1.16250235972,5.975059152927,1.909999999654
    ));
#3720 = CARTESIAN_POINT('',(-1.724945918017,5.816176979549,0.5));
#3721 = CARTESIAN_POINT('',(-3.55215180502,5.274269237193,0.570499999719
    ));
#3722 = CARTESIAN_POINT('',(-5.190196561021,4.094548097108,
    0.641000000683));
#3723 = CARTESIAN_POINT('',(-6.388607794773,2.351280786592,
    0.711499998114));
#3724 = CARTESIAN_POINT('',(-6.930265780305,0.231235380703,
    0.782000003327));
#3725 = CARTESIAN_POINT('',(-6.690211407367,-1.984164666128,
    0.85249999536));
#3726 = CARTESIAN_POINT('',(-5.683614751053,-3.972225693558,
    0.923000004481));
#3727 = CARTESIAN_POINT('',(-4.073691170178,-5.454160900673,
    0.993499996725));
#3728 = CARTESIAN_POINT('',(-2.118626671728,-6.262178973258,
    1.064000001528));
#3729 = CARTESIAN_POINT('',(-0.102259968788,-6.358084721837,
    1.134499999461));
#3730 = CARTESIAN_POINT('',(3.552151804818,-5.274269237252,
    1.275500000544));
#3731 = CARTESIAN_POINT('',(5.190196561671,-4.094548096995,
    1.345999997287));
#3732 = CARTESIAN_POINT('',(6.388607793778,-2.351280786577,
    1.416500006326));
#3733 = CARTESIAN_POINT('',(6.930265780922,-0.231235381176,
    1.486999989517));
#3734 = CARTESIAN_POINT('',(6.690211407899,1.984164667193,1.557500012315
    ));
#3735 = CARTESIAN_POINT('',(5.683614749476,3.972225692232,1.62799998906)
  );
#3736 = CARTESIAN_POINT('',(4.073691171878,5.454160901731,1.698500007082
    ));
#3737 = CARTESIAN_POINT('',(2.118626670656,6.26217897271,1.768999996494)
  );
#3738 = CARTESIAN_POINT('',(0.102259969197,6.358084722008,1.839500001146
    ));
#3739 = CARTESIAN_POINT('',(-1.724945918095,5.816176979521,
    1.909999999666));
#3740 = CARTESIAN_POINT('',(-2.269422399482,5.609116393552,0.5));
#3741 = CARTESIAN_POINT('',(-4.031578284907,4.896156319784,
    0.570499999728));
#3742 = CARTESIAN_POINT('',(-5.544864679583,3.568089535494,
    0.641000000659));
#3743 = CARTESIAN_POINT('',(-6.567724565052,1.722631152656,
    0.711499998192));
#3744 = CARTESIAN_POINT('',(-6.902485349915,-0.434006790424,
    0.782000003176));
#3745 = CARTESIAN_POINT('',(-6.452034491678,-2.610463140125,
    0.852499995584));
#3746 = CARTESIAN_POINT('',(-5.262330872647,-4.487821264197,
    0.923000004255));
#3747 = CARTESIAN_POINT('',(-3.522108128355,-5.804930522368,
    0.99349999689));
#3748 = CARTESIAN_POINT('',(-1.503758558052,-6.419929707821,
    1.064000001452));
#3749 = CARTESIAN_POINT('',(0.507266514245,-6.322076467229,
    1.134499999484));
#3750 = CARTESIAN_POINT('',(4.031578284712,-4.896156319866,
    1.275500000524));
#3751 = CARTESIAN_POINT('',(5.544864680219,-3.568089535308,
    1.345999997385));
#3752 = CARTESIAN_POINT('',(6.567724564057,-1.722631152755,
    1.416500006087));
#3753 = CARTESIAN_POINT('',(6.902485350586,0.434006790022,1.486999989942
    ));
#3754 = CARTESIAN_POINT('',(6.452034492087,2.610463141248,1.557500011774
    ));
#3755 = CARTESIAN_POINT('',(5.262330871226,4.487821262695,1.627999989576
    ));
#3756 = CARTESIAN_POINT('',(3.52210812993,5.804930523617,1.698500006727)
  );
#3757 = CARTESIAN_POINT('',(1.503758557045,6.419929707152,1.768999996675
    ));
#3758 = CARTESIAN_POINT('',(-0.507266513857,6.322076467447,
    1.839500001086));
#3759 = CARTESIAN_POINT('',(-2.269422399556,5.609116393516,
    1.909999999682));
#3760 = CARTESIAN_POINT('',(-2.791859341888,5.354815885694,0.5));
#3761 = CARTESIAN_POINT('',(-4.474124366588,4.477727405913,
    0.570499999741));
#3762 = CARTESIAN_POINT('',(-5.850228441418,3.013419325268,
    0.641000000627));
#3763 = CARTESIAN_POINT('',(-6.689564319443,1.082105658578,
    0.711499998288));
#3764 = CARTESIAN_POINT('',(-6.815514743774,-1.092420340252,
    0.782000002992));
#3765 = CARTESIAN_POINT('',(-6.15951860639,-3.211410051386,
    0.852499995854));
#3766 = CARTESIAN_POINT('',(-4.79778521008,-4.962447028802,
    0.923000003986));
#3767 = CARTESIAN_POINT('',(-2.942825632946,-6.104178955476,
    0.993499997088));
#3768 = CARTESIAN_POINT('',(-0.878831367074,-6.521773093367,
    1.06400000136));
#3769 = CARTESIAN_POINT('',(1.109594317365,-6.231904365362,
    1.134499999513));
#3770 = CARTESIAN_POINT('',(4.474124366403,-4.477727406017,
    1.275500000498));
#3771 = CARTESIAN_POINT('',(5.850228442033,-3.01341932501,1.345999997509
    ));
#3772 = CARTESIAN_POINT('',(6.689564318458,-1.082105658788,
    1.416500005786));
#3773 = CARTESIAN_POINT('',(6.81551474449,1.092420339923,1.486999990471)
  );
#3774 = CARTESIAN_POINT('',(6.159518606672,3.211410052558,1.557500011113
    ));
#3775 = CARTESIAN_POINT('',(4.797785208828,4.962447027136,1.627999990199
    ));
#3776 = CARTESIAN_POINT('',(2.942825634381,6.104178956905,1.698500006302
    ));
#3777 = CARTESIAN_POINT('',(0.878831366142,6.521773092583,1.768999996891
    ));
#3778 = CARTESIAN_POINT('',(-1.109594317002,6.231904365624,
    1.839500001014));
#3779 = CARTESIAN_POINT('',(-2.791859341958,5.354815885649,1.9099999997)
  );
#3780 = CARTESIAN_POINT('',(-3.288157512943,5.054706284034,0.5));
#3781 = CARTESIAN_POINT('',(-4.876140325665,4.021701135444,
    0.570499999756));
#3782 = CARTESIAN_POINT('',(-6.103537159879,2.43438701056,0.641000000589
    ));
#3783 = CARTESIAN_POINT('',(-6.752663332912,0.434351312086,
    0.711499998401));
#3784 = CARTESIAN_POINT('',(-6.669424225461,-1.739043104058,
    0.782000002776));
#3785 = CARTESIAN_POINT('',(-5.814309599324,-3.78229014954,
    0.852499996167));
#3786 = CARTESIAN_POINT('',(-4.293010619617,-5.392174909146,
    0.923000003674));
#3787 = CARTESIAN_POINT('',(-2.339881221817,-6.349179396042,
    0.993499997317));
#3788 = CARTESIAN_POINT('',(-0.248393816929,-6.56640742703,
    1.064000001255));
#3789 = CARTESIAN_POINT('',(1.700174700388,-6.08771143249,1.134499999547
    ));
#3790 = CARTESIAN_POINT('',(4.876140325491,-4.021701135569,
    1.275500000467));
#3791 = CARTESIAN_POINT('',(6.103537160467,-2.434387010233,1.34599999766
    ));
#3792 = CARTESIAN_POINT('',(6.752663331948,-0.434351312406,
    1.416500005424));
#3793 = CARTESIAN_POINT('',(6.669424226216,1.739043103808,1.4869999911)
  );
#3794 = CARTESIAN_POINT('',(5.814309599475,3.782290150749,1.557500010334
    ));
#3795 = CARTESIAN_POINT('',(4.293010618548,5.392174907333,1.627999990925
    ));
#3796 = CARTESIAN_POINT('',(2.339881223096,6.349179397637,1.698500005811
    ));
#3797 = CARTESIAN_POINT('',(0.248393816082,6.566407426139,1.768999997139
    ));
#3798 = CARTESIAN_POINT('',(-1.700174700053,6.087711432794,
    1.839500000933));
#3799 = CARTESIAN_POINT('',(-3.288157513009,5.054706283981,
    1.909999999722));
#3800 = CARTESIAN_POINT('',(-3.754342317478,4.710957476207,0.5));
#3801 = CARTESIAN_POINT('',(-5.234333257271,3.531496051913,
    0.570499999774));
#3802 = CARTESIAN_POINT('',(-6.3026154823,1.835421836537,0.641000000545)
  );
#3803 = CARTESIAN_POINT('',(-6.756306233684,-0.215601062059,
    0.711499998532));
#3804 = CARTESIAN_POINT('',(-6.465130518058,-2.368781004833,
    0.782000002531));
#3805 = CARTESIAN_POINT('',(-5.418903441121,-4.318531551373,
    0.852499996522));
#3806 = CARTESIAN_POINT('',(-3.75179633942,-5.773479047036,
    0.923000003322));
#3807 = CARTESIAN_POINT('',(-1.717893520238,-6.537813057827,
    0.993499997574));
#3808 = CARTESIAN_POINT('',(0.382651978608,-6.553267330592,
    1.064000001135));
#3809 = CARTESIAN_POINT('',(2.274351377838,-5.890418900351,
    1.134499999586));
#3810 = CARTESIAN_POINT('',(5.23433325711,-3.531496052057,1.275500000431
    ));
#3811 = CARTESIAN_POINT('',(6.302615482854,-1.835421836143,
    1.345999997836));
#3812 = CARTESIAN_POINT('',(6.756306232751,0.215601061631,1.416500005004
    ));
#3813 = CARTESIAN_POINT('',(6.465130518843,2.368781004663,1.486999991824
    ));
#3814 = CARTESIAN_POINT('',(5.41890344114,4.318531552606,1.557500009444)
  );
#3815 = CARTESIAN_POINT('',(3.751796338545,5.773479045094,1.627999991749
    ));
#3816 = CARTESIAN_POINT('',(1.717893521347,6.537813059573,1.698500005258
    ));
#3817 = CARTESIAN_POINT('',(-0.38265197936,6.553267329602,1.768999997418
    ));
#3818 = CARTESIAN_POINT('',(-2.274351377534,5.890418900693,
    1.839500000841));
#3819 = CARTESIAN_POINT('',(-3.754342317538,4.710957476147,
    1.909999999747));
#3820 = CARTESIAN_POINT('',(-4.186640358131,4.326202813989,0.5));
#3821 = CARTESIAN_POINT('',(-5.545757055905,3.010930954835,
    0.570499999794));
#3822 = CARTESIAN_POINT('',(-6.445758393163,1.221239271803,
    0.641000000495));
#3823 = CARTESIAN_POINT('',(-6.700329502021,-0.862590609461,
    0.71149999868));
#3824 = CARTESIAN_POINT('',(-6.204125620154,-2.976590663103,
    0.782000002257));
#3825 = CARTESIAN_POINT('',(-4.976329214316,-4.815793806758,
    0.852499996915));
#3826 = CARTESIAN_POINT('',(-3.178361473698,-6.103219236121,
    0.923000002934));
#3827 = CARTESIAN_POINT('',(-1.081762993484,-6.668453104364,
    0.993499997859));
#3828 = CARTESIAN_POINT('',(1.009291836731,-6.482326481893,
    1.064000001003));
#3829 = CARTESIAN_POINT('',(2.827523660494,-5.641474672974,
    1.134499999629));
#3830 = CARTESIAN_POINT('',(5.545757055759,-3.010930954998,
    1.275500000391));
#3831 = CARTESIAN_POINT('',(6.445758393678,-1.221239271346,
    1.345999998035));
#3832 = CARTESIAN_POINT('',(6.700329501129,0.862590608929,1.416500004528
    ));
#3833 = CARTESIAN_POINT('',(6.204125620961,2.976590663017,1.486999992639
    ));
#3834 = CARTESIAN_POINT('',(4.976329214203,4.815793808004,1.557500008449
    ));
#3835 = CARTESIAN_POINT('',(3.178361473027,6.103219234068,1.627999992666
    ));
#3836 = CARTESIAN_POINT('',(1.081762994411,6.668453106244,1.698500004645
    ));
#3837 = CARTESIAN_POINT('',(-1.009291837381,6.482326480814,
    1.768999997726));
#3838 = CARTESIAN_POINT('',(-2.827523660225,5.641474673352,
    1.839500000739));
#3839 = CARTESIAN_POINT('',(-4.186640358185,4.326202813921,
    1.909999999775));
#3840 = CARTESIAN_POINT('',(-4.581537524286,3.903496675191,0.5));
#3841 = CARTESIAN_POINT('',(-5.807857172041,2.464164212432,
    0.570499999816));
#3842 = CARTESIAN_POINT('',(-6.531756268256,0.596766725797,
    0.641000000439));
#3843 = CARTESIAN_POINT('',(-6.585122279133,-1.501407168537,
    0.711499998842));
#3844 = CARTESIAN_POINT('',(-5.888451777863,-3.557557722761,
    0.782000001957));
#3845 = CARTESIAN_POINT('',(-4.490100297772,-5.270034717017,
    0.852499997345));
#3846 = CARTESIAN_POINT('',(-2.57728798275,-6.378688576886,
    0.923000002511));
#3847 = CARTESIAN_POINT('',(-0.436594799077,-6.739988418507,
    0.993499998169));
#3848 = CARTESIAN_POINT('',(1.626477889032,-6.354096328925,1.06400000086
    ));
#3849 = CARTESIAN_POINT('',(3.355217876651,-5.342829137763,
    1.134499999677));
#3850 = CARTESIAN_POINT('',(5.807857171911,-2.464164212613,
    1.275500000346));
#3851 = CARTESIAN_POINT('',(6.531756268726,-0.59676672528,1.345999998257
    ));
#3852 = CARTESIAN_POINT('',(6.585122278291,1.501407167904,1.416500004002
    ));
#3853 = CARTESIAN_POINT('',(5.888451778687,3.557557722761,1.486999993538
    ));
#3854 = CARTESIAN_POINT('',(4.490100297523,5.270034718262,1.557500007358
    ));
#3855 = CARTESIAN_POINT('',(2.577287982296,6.378688574743,1.627999993666
    ));
#3856 = CARTESIAN_POINT('',(0.436594799808,6.739988420504,1.698500003978
    ));
#3857 = CARTESIAN_POINT('',(-1.626477889571,6.354096327766,
    1.768999998061));
#3858 = CARTESIAN_POINT('',(-3.355217876422,5.342829138173,
    1.839500000629));
#3859 = CARTESIAN_POINT('',(-4.581537524333,3.903496675117,
    1.909999999805));
#3860 = CARTESIAN_POINT('',(-4.935826629961,3.446244740136,0.5));
#3861 = CARTESIAN_POINT('',(-6.018496345723,1.895609072221,
    0.570499999841));
#3862 = CARTESIAN_POINT('',(-6.559893479903,-3.294846048645E-02,
    0.641000000378));
#3863 = CARTESIAN_POINT('',(-6.411595622455,-2.126880901952,
    0.711499999018));
#3864 = CARTESIAN_POINT('',(-5.520643092485,-4.106973703849,
    0.782000001634));
#3865 = CARTESIAN_POINT('',(-3.964134165361,-5.677565131642,
    0.852499997806));
#3866 = CARTESIAN_POINT('',(-1.953427861829,-6.597639938938,
    0.923000002057));
#3867 = CARTESIAN_POINT('',(0.212395889075,-6.751819663317,
    0.993499998501));
#3868 = CARTESIAN_POINT('',(2.229214803907,-6.169593944087,
    1.064000000705));
#3869 = CARTESIAN_POINT('',(3.8531569143,-4.996880407851,1.134499999728)
  );
#3870 = CARTESIAN_POINT('',(6.018496345611,-1.895609072417,
    1.275500000297));
#3871 = CARTESIAN_POINT('',(6.559893480323,3.294846105774E-02,
    1.345999998498));
#3872 = CARTESIAN_POINT('',(6.41159562167,2.126880901224,1.416500003429)
  );
#3873 = CARTESIAN_POINT('',(5.520643093319,4.106973703934,1.486999994512
    ));
#3874 = CARTESIAN_POINT('',(3.964134164976,5.677565132875,1.557500006178
    ));
#3875 = CARTESIAN_POINT('',(1.953427861599,6.597639936723,1.627999994744
    ));
#3876 = CARTESIAN_POINT('',(-0.212395888548,6.751819665413,
    1.698500003263));
#3877 = CARTESIAN_POINT('',(-2.229214804328,6.169593942859,
    1.768999998419));
#3878 = CARTESIAN_POINT('',(-3.853156914111,4.99688040829,1.839500000512
    ));
#3879 = CARTESIAN_POINT('',(-4.935826630001,3.446244740056,
    1.909999999837));
#3880 = CARTESIAN_POINT('',(-5.246651000628,2.958154592189,0.5));
#3881 = CARTESIAN_POINT('',(-6.175982674092,1.309870568335,
    0.570499999868));
#3882 = CARTESIAN_POINT('',(-6.529956165373,-0.662810383125,
    0.641000000312));
#3883 = CARTESIAN_POINT('',(-6.181167322332,-2.733954646823,
    0.711499999207));
#3884 = CARTESIAN_POINT('',(-5.103687703273,-4.620401118153,
    0.78200000129));
#3885 = CARTESIAN_POINT('',(-3.402695562909,-6.035099085202,
    0.852499998296));
#3886 = CARTESIAN_POINT('',(-1.311833822881,-6.758315374662,
    0.923000001576));
#3887 = CARTESIAN_POINT('',(0.859957558487,-6.703865337047,
    0.993499998852));
#3888 = CARTESIAN_POINT('',(2.812629632162,-5.930325428373,
    1.064000000542));
#3889 = CARTESIAN_POINT('',(4.317319327246,-4.60643861583,1.134499999783
    ));
#3890 = CARTESIAN_POINT('',(6.175982673999,-1.309870568545,
    1.275500000244));
#3891 = CARTESIAN_POINT('',(6.529956165738,0.662810383747,1.345999998759
    ));
#3892 = CARTESIAN_POINT('',(6.181167321616,2.733954646007,1.416500002813
    ));
#3893 = CARTESIAN_POINT('',(5.103687704106,4.620401118325,1.486999995556
    ));
#3894 = CARTESIAN_POINT('',(3.402695562392,6.035099086411,1.55750000492)
  );
#3895 = CARTESIAN_POINT('',(1.311833822878,6.758315372396,1.627999995889
    ));
#3896 = CARTESIAN_POINT('',(-0.859957558173,6.703865339222,
    1.698500002505));
#3897 = CARTESIAN_POINT('',(-2.81262963246,5.930325427087,1.768999998799
    ));
#3898 = CARTESIAN_POINT('',(-4.317319327101,4.606438616293,
    1.839500000387));
#3899 = CARTESIAN_POINT('',(-5.24665100066,2.958154592104,1.909999999872
    ));
#3900 = CARTESIAN_POINT('',(-5.511547705283,2.443183065425,0.5));
#3901 = CARTESIAN_POINT('',(-6.279096302227,0.711679287445,
    0.570499999896));
#3902 = CARTESIAN_POINT('',(-6.442237635602,-1.287748617155,
    0.641000000242));
#3903 = CARTESIAN_POINT('',(-5.895743555003,-3.31775812854,
    0.711499999406));
#3904 = CARTESIAN_POINT('',(-4.64098631466,-5.093739375578,
    0.782000000928));
#3905 = CARTESIAN_POINT('',(-2.810335943469,-6.339803526163,
    0.85249999881));
#3906 = CARTESIAN_POINT('',(-0.657686577146,-6.859473972762,
    0.923000001073));
#3907 = CARTESIAN_POINT('',(1.500878723541,-6.596565326338,
    0.993499999221));
#3908 = CARTESIAN_POINT('',(3.372043380603,-5.6382661965,1.064000000371)
  );
#3909 = CARTESIAN_POINT('',(4.7439991084,-4.17468684318,1.134499999841)
  );
#3910 = CARTESIAN_POINT('',(6.279096302155,-0.711679287667,
    1.275500000188));
#3911 = CARTESIAN_POINT('',(6.442237635907,1.287748617821,1.345999999035
    ));
#3912 = CARTESIAN_POINT('',(5.895743554362,3.317758127641,1.41650000216)
  );
#3913 = CARTESIAN_POINT('',(4.640986315485,5.093739375836,1.48699999666)
  );
#3914 = CARTESIAN_POINT('',(2.810335942822,6.339803527335,1.557500003594
    ));
#3915 = CARTESIAN_POINT('',(0.657686577375,6.859473970468,1.627999997092
    ));
#3916 = CARTESIAN_POINT('',(-1.500878723446,6.596565328572,1.69850000171
    ));
#3917 = CARTESIAN_POINT('',(-3.372043380772,5.638266195168,
    1.768999999196));
#3918 = CARTESIAN_POINT('',(-4.7439991083,4.174686843664,1.839500000257)
  );
#3919 = CARTESIAN_POINT('',(-5.511547705306,2.443183065335,
    1.909999999909));
#3920 = CARTESIAN_POINT('',(-5.728496058583,1.905481531718,0.5));
#3921 = CARTESIAN_POINT('',(-6.327120736725,0.10582141845,0.570499999926
    ));
#3922 = CARTESIAN_POINT('',(-6.297547181352,-1.90279740434,
    0.641000000169));
#3923 = CARTESIAN_POINT('',(-5.557702218542,-3.873688297242,
    0.711499999614));
#3924 = CARTESIAN_POINT('',(-4.136310393442,-5.523297149867,
    0.782000000551));
#3925 = CARTESIAN_POINT('',(-2.191830532343,-6.589354107764,
    0.852499999345));
#3926 = CARTESIAN_POINT('',(3.782021076909E-03,-6.90042468193,
    0.92300000055));
#3927 = CARTESIAN_POINT('',(2.13006968051,-6.430887816734,0.993499999603
    ));
#3928 = CARTESIAN_POINT('',(3.903048572462,-5.295842738722,
    1.064000000193));
#3929 = CARTESIAN_POINT('',(5.129871380479,-3.705141644754,
    1.134499999901));
#3930 = CARTESIAN_POINT('',(6.327120736674,-0.105821418682,
    1.275500000129));
#3931 = CARTESIAN_POINT('',(6.297547181594,1.902797405045,1.345999999326
    ));
#3932 = CARTESIAN_POINT('',(5.557702217984,3.873688296267,1.416500001475
    ));
#3933 = CARTESIAN_POINT('',(4.136310394251,5.52329715021,1.486999997814)
  );
#3934 = CARTESIAN_POINT('',(2.19183053157,6.589354108888,1.55750000221)
  );
#3935 = CARTESIAN_POINT('',(-3.782020612928E-03,6.900424679628,
    1.627999998345));
#3936 = CARTESIAN_POINT('',(-2.130069680639,6.430887819008,
    1.698500000885));
#3937 = CARTESIAN_POINT('',(-3.903048572499,5.295842737355,
    1.768999999607));
#3938 = CARTESIAN_POINT('',(-5.129871380427,3.705141645254,
    1.839500000122));
#3939 = CARTESIAN_POINT('',(-5.728496058597,1.905481531626,
    1.909999999947));
#3940 = CARTESIAN_POINT('',(-5.895981367382,1.349323877048,0.5));
#3941 = CARTESIAN_POINT('',(-6.31988396532,-0.502953297788,
    0.570499999957));
#3942 = CARTESIAN_POINT('',(-6.097221575361,-2.503199831743,
    0.641000000093));
#3943 = CARTESIAN_POINT('',(-5.169870928402,-4.397514991048,
    0.71149999983));
#3944 = CARTESIAN_POINT('',(-3.593747103199,-5.905887530455,
    0.782000000161));
#3945 = CARTESIAN_POINT('',(-1.552095479919,-6.782008514152,
    0.852499999896));
#3946 = CARTESIAN_POINT('',(0.66739011083,-6.881069409807,0.923000000012
    ));
#3947 = CARTESIAN_POINT('',(2.742670061317,-6.208338298466,
    0.993499999997));
#3948 = CARTESIAN_POINT('',(4.401611257192,-4.905908548517,1.06400000001
    ));
#3949 = CARTESIAN_POINT('',(5.47207876946,-3.201601051645,1.134499999964
    ));
#3950 = CARTESIAN_POINT('',(6.319883965292,0.502953297547,1.275500000068
    ));
#3951 = CARTESIAN_POINT('',(6.097221575536,2.503199832481,1.345999999628
    ));
#3952 = CARTESIAN_POINT('',(5.169870927933,4.397514990006,1.416500000763
    ));
#3953 = CARTESIAN_POINT('',(3.593747103986,5.905887530881,1.486999999011
    ));
#3954 = CARTESIAN_POINT('',(1.552095479024,6.782008515216,1.55750000078)
  );
#3955 = CARTESIAN_POINT('',(-0.667390110131,6.881069407518,
    1.627999999636));
#3956 = CARTESIAN_POINT('',(-2.742670061674,6.208338300759,
    1.698500000037));
#3957 = CARTESIAN_POINT('',(-4.401611257094,4.905908547127,
    1.769000000031));
#3958 = CARTESIAN_POINT('',(-5.472078769458,3.201601052157,
    1.839499999983));
#3959 = CARTESIAN_POINT('',(-5.895981367388,1.349323876953,
    1.909999999986));
#3960 = CARTESIAN_POINT('',(-6.013101284684,0.779030000656,0.5));
#3961 = CARTESIAN_POINT('',(-6.257840777387,-1.110041481357,
    0.570499999989));
#3962 = CARTESIAN_POINT('',(-5.843171696409,-3.084542767482,
    0.641000000014));
#3963 = CARTESIAN_POINT('',(-4.735529576223,-4.885527925194,
    0.711500000051));
#3964 = CARTESIAN_POINT('',(-3.017654780399,-6.238970994763,
    0.781999999762));
#3965 = CARTESIAN_POINT('',(-0.89609986456,-6.916728796827,
    0.852500000459));
#3966 = CARTESIAN_POINT('',(1.328127212409,-6.801990706674,
    0.922999999464));
#3967 = CARTESIAN_POINT('',(3.334189004146,-5.931003889728,
    0.993500000398));
#3968 = CARTESIAN_POINT('',(4.86421376832,-4.471742835135,1.063999999823
    ));
#3969 = CARTESIAN_POINT('',(5.768361791975,-2.668101482423,
    1.134500000028));
#3970 = CARTESIAN_POINT('',(6.257840777381,1.11004148111,1.275500000005)
  );
#3971 = CARTESIAN_POINT('',(5.843171696515,3.084542768247,1.34599999994)
  );
#3972 = CARTESIAN_POINT('',(4.735529575849,4.885527924092,1.416500000031
    ));
#3973 = CARTESIAN_POINT('',(3.017654781154,6.238970995271,1.487000000241
    ));
#3974 = CARTESIAN_POINT('',(0.896099863549,6.916728797821,1.557499999315
    ));
#3975 = CARTESIAN_POINT('',(-1.328127211478,6.801990704419,
    1.628000000956));
#3976 = CARTESIAN_POINT('',(-3.334189004731,5.931003892019,
    1.698499999171));
#3977 = CARTESIAN_POINT('',(-4.864213768085,4.471742833735,
    1.769000000462));
#3978 = CARTESIAN_POINT('',(-5.768361792022,2.668101482943,
    1.839499999842));
#3979 = CARTESIAN_POINT('',(-6.013101284681,0.779030000558,
    1.910000000026));
#3980 = CARTESIAN_POINT('',(-6.079778635098,0.198737595374,0.5));
#3981 = CARTESIAN_POINT('',(-6.142213892075,-1.711281194059,
    0.570500000022));
#3982 = CARTESIAN_POINT('',(-5.537928621282,-3.643093775558,
    0.640999999934));
#3983 = CARTESIAN_POINT('',(-4.258347874219,-5.334881248163,
    0.711500000277));
#3984 = CARTESIAN_POINT('',(-2.412492364266,-6.520968660994,
    0.781999999357));
#3985 = CARTESIAN_POINT('',(-0.228603176886,-6.993426182754,
    0.85250000103));
#3986 = CARTESIAN_POINT('',(1.981478610476,-6.66460007958,0.922999998909
    ));
#3987 = CARTESIAN_POINT('',(3.900853225653,-5.601591616821,
    0.993500000804));
#3988 = CARTESIAN_POINT('',(5.288187604692,-3.996981053123,
    1.063999999634));
#3989 = CARTESIAN_POINT('',(6.01734337809,-2.108756384559,1.134500000093
    ));
#3990 = CARTESIAN_POINT('',(6.142213892093,1.711281193809,1.275499999941
    ));
#3991 = CARTESIAN_POINT('',(5.537928621315,3.643093776345,1.346000000259
    ));
#3992 = CARTESIAN_POINT('',(4.258347873946,5.334881247008,1.416499999282
    ));
#3993 = CARTESIAN_POINT('',(2.412492364983,6.520968661583,1.487000001494
    ));
#3994 = CARTESIAN_POINT('',(0.228603175766,6.993426183664,1.557499997824
    ));
#3995 = CARTESIAN_POINT('',(-1.981478609315,6.664600077383,
    1.628000002296));
#3996 = CARTESIAN_POINT('',(-3.900853226466,5.601591619089,
    1.698499998295));
#3997 = CARTESIAN_POINT('',(-5.288187604319,3.996981051726,
    1.769000000898));
#3998 = CARTESIAN_POINT('',(-6.017343378188,2.108756385082,
    1.839499999699));
#3999 = CARTESIAN_POINT('',(-6.079778635085,0.198737595276,
    1.910000000067));
#4000 = CARTESIAN_POINT('',(-6.097351973291,-0.38757257734,0.5));
#4001 = CARTESIAN_POINT('',(-5.975592457146,-2.303112193789,
    0.570500000055));
#4002 = CARTESIAN_POINT('',(-5.185185302181,-4.176149671337,
    0.640999999852));
#4003 = CARTESIAN_POINT('',(-3.742804359331,-5.74410773824,
    0.711500000506));
#4004 = CARTESIAN_POINT('',(-1.783060208373,-6.751893543957,
    0.781999998949));
#4005 = CARTESIAN_POINT('',(0.445815606945,-7.013640379841,
    0.852500001604));
#4006 = CARTESIAN_POINT('',(2.623611350224,-6.471787514907,
    0.922999998351));
#4007 = CARTESIAN_POINT('',(4.439980559685,-5.223976530373,
    0.993500001212));
#4008 = CARTESIAN_POINT('',(5.672223346346,-3.486008464448,
    1.063999999444));
#4009 = CARTESIAN_POINT('',(6.21911148938,-1.527967038861,1.134500000158
    ));
#4010 = CARTESIAN_POINT('',(5.975592457188,2.303112193537,1.275499999876
    ));
#4011 = CARTESIAN_POINT('',(5.185185302141,4.176149672139,1.346000000582
    ));
#4012 = CARTESIAN_POINT('',(3.742804359163,5.744107737044,1.416499998524
    ));
#4013 = CARTESIAN_POINT('',(1.783060209045,6.75189354462,1.487000002762)
  );
#4014 = CARTESIAN_POINT('',(-0.445815608168,7.013640380662,
    1.557499996319));
#4015 = CARTESIAN_POINT('',(-2.623611348839,6.471787512783,
    1.628000003646));
#4016 = CARTESIAN_POINT('',(-4.439980560725,5.223976532601,
    1.698499997413));
#4017 = CARTESIAN_POINT('',(-5.672223345835,3.486008463064,
    1.769000001336));
#4018 = CARTESIAN_POINT('',(-6.219111489529,1.527967039382,
    1.839499999555));
#4019 = CARTESIAN_POINT('',(-6.097351973268,-0.387572577439,
    1.910000000108));
#4020 = CARTESIAN_POINT('',(-6.070810477872,-0.977005540783,0.5));
#4021 = CARTESIAN_POINT('',(-5.763875134965,-2.884206900531,
    0.570500000089));
#4022 = CARTESIAN_POINT('',(-4.791202761976,-4.684267740212,
    0.64099999977));
#4023 = CARTESIAN_POINT('',(-3.194850608916,-6.11575216895,
    0.711500000736));
#4024 = CARTESIAN_POINT('',(-1.134300451563,-6.936109677037,
    0.781999998538));
#4025 = CARTESIAN_POINT('',(1.123826463412,-6.983110322748,0.85250000218
    ));
#4026 = CARTESIAN_POINT('',(3.253189066525,-6.23000930044,0.922999997792
    ));
#4027 = CARTESIAN_POINT('',(4.952315019963,-4.804588528436,
    0.993500001621));
#4028 = CARTESIAN_POINT('',(6.01894408129,-2.944537370193,1.063999999254
    ));
#4029 = CARTESIAN_POINT('',(6.3777458207,-0.930195818716,1.134500000225)
  );
#4030 = CARTESIAN_POINT('',(5.763875135031,2.884206900278,1.27549999981)
  );
#4031 = CARTESIAN_POINT('',(4.791202761861,4.684267741023,1.346000000909
    ));
#4032 = CARTESIAN_POINT('',(3.194850608856,6.115752167719,1.416499997758
    ));
#4033 = CARTESIAN_POINT('',(1.134300452185,6.936109677772,1.487000004039
    ));
#4034 = CARTESIAN_POINT('',(-1.123826464732,6.983110323472,
    1.557499994807));
#4035 = CARTESIAN_POINT('',(-3.253189064919,6.230009298407,1.628000005)
  );
#4036 = CARTESIAN_POINT('',(-4.952315021227,4.804588530606,1.69849999653
    ));
#4037 = CARTESIAN_POINT('',(-6.018944080643,2.944537368832,
    1.769000001775));
#4038 = CARTESIAN_POINT('',(-6.3777458209,0.930195819233,1.839499999412)
  );
#4039 = CARTESIAN_POINT('',(-6.07081047784,-0.977005540882,
    1.910000000149));
#4040 = CARTESIAN_POINT('',(-5.984650059391,-1.564586974149,0.5));
#4041 = CARTESIAN_POINT('',(-5.49312056505,-3.444720240125,
    0.570500000123));
#4042 = CARTESIAN_POINT('',(-4.345302578064,-5.153277648927,
    0.640999999687));
#4043 = CARTESIAN_POINT('',(-2.608557175252,-6.432532123447,
    0.711500000965));
#4044 = CARTESIAN_POINT('',(-0.46600459364,-7.055007233132,0.78199999813
    ));
#4045 = CARTESIAN_POINT('',(1.799707548437,-6.884002022506,
    0.852500002752));
#4046 = CARTESIAN_POINT('',(3.859215160982,-5.924250644776,
    0.922999997237));
#4047 = CARTESIAN_POINT('',(5.422979213815,-4.332820845738,
    0.993500002026));
#4048 = CARTESIAN_POINT('',(6.311420471311,-2.367255091045,
    1.063999999065));
#4049 = CARTESIAN_POINT('',(6.476179553629,-0.315546291583,
    1.134500000291));
#4050 = CARTESIAN_POINT('',(5.49312056514,3.444720239874,1.275499999745)
  );
#4051 = CARTESIAN_POINT('',(4.345302577872,5.153277649741,1.346000001237
    ));
#4052 = CARTESIAN_POINT('',(2.608557175305,6.432532122191,1.416499996992
    ));
#4053 = CARTESIAN_POINT('',(0.466004594203,7.055007233935,1.487000005315
    ));
#4054 = CARTESIAN_POINT('',(-1.799707549843,6.88400202312,1.5574999933)
  );
#4055 = CARTESIAN_POINT('',(-3.859215159165,5.924250642859,
    1.628000006346));
#4056 = CARTESIAN_POINT('',(-5.422979215298,4.332820847826,
    1.698499995655));
#4057 = CARTESIAN_POINT('',(-6.311420470529,2.367255089722,
    1.769000002209));
#4058 = CARTESIAN_POINT('',(-6.476179553879,0.315546292089,1.83949999927
    ));
#4059 = CARTESIAN_POINT('',(-5.984650059349,-1.564586974246,
    1.91000000019));
#4060 = CARTESIAN_POINT('',(-5.842074344146,-2.144642722056,0.5));
#4061 = CARTESIAN_POINT('',(-5.168314962187,-3.979984506075,
    0.570500000157));
#4062 = CARTESIAN_POINT('',(-3.85390223758,-5.580140378861,
    0.640999999605));
#4063 = CARTESIAN_POINT('',(-1.991177141296,-6.6935215645,0.711500001192
    ));
#4064 = CARTESIAN_POINT('',(0.214516769724,-7.110009747685,
    0.781999997728));
#4065 = CARTESIAN_POINT('',(2.466932014714,-6.720000535,0.852500003314)
  );
#4066 = CARTESIAN_POINT('',(4.436694359219,-5.560035902738,
    0.922999996694));
#4067 = CARTESIAN_POINT('',(5.849019397587,-3.815362290523,
    0.993500002423));
#4068 = CARTESIAN_POINT('',(6.548939649907,-1.761226440992,1.06399999888
    ));
#4069 = CARTESIAN_POINT('',(6.51583372598,0.309300938275,1.134500000356)
  );
#4070 = CARTESIAN_POINT('',(5.168314962301,3.979984505828,1.275499999679
    ));
#4071 = CARTESIAN_POINT('',(3.853902237312,5.580140379669,1.346000001562
    ));
#4072 = CARTESIAN_POINT('',(1.991177141463,6.69352156323,1.416499996233)
  );
#4073 = CARTESIAN_POINT('',(-0.214516769225,7.110009748549,
    1.487000006576));
#4074 = CARTESIAN_POINT('',(-2.466932016196,6.720000535497,
    1.557499991814));
#4075 = CARTESIAN_POINT('',(-4.436694357202,5.560035900955,
    1.628000007669));
#4076 = CARTESIAN_POINT('',(-5.84901939928,3.815362292509,1.698499994796
    ));
#4077 = CARTESIAN_POINT('',(-6.548939648993,1.76122643972,1.769000002635
    ));
#4078 = CARTESIAN_POINT('',(-6.515833726279,-0.309300937783,
    1.839499999131));
#4079 = CARTESIAN_POINT('',(-5.842074344096,-2.14464272215,1.91000000023
    ));
#4080 = CARTESIAN_POINT('',(-5.642908724367,-2.711636530751,0.5));
#4081 = CARTESIAN_POINT('',(-4.791022984015,-4.48440858998,0.57050000019
    ));
#4082 = CARTESIAN_POINT('',(-3.320324811258,-5.959817083477,
    0.640999999525));
#4083 = CARTESIAN_POINT('',(-1.347572725933,-6.894848558303,
    0.711500001415));
#4084 = CARTESIAN_POINT('',(0.901323337303,-7.098927302059,
    0.781999997335));
#4085 = CARTESIAN_POINT('',(3.119131639932,-6.490905013021,
    0.852500003862));
#4086 = CARTESIAN_POINT('',(4.979560167674,-5.139176310955,
    0.922999996165));
#4087 = CARTESIAN_POINT('',(6.225339024794,-3.25577070734,0.99350000281)
  );
#4088 = CARTESIAN_POINT('',(6.727867626466,-1.131270847981,
    1.063999998699));
#4089 = CARTESIAN_POINT('',(6.494794464569,0.938864471754,1.134500000419
    ));
#4090 = CARTESIAN_POINT('',(4.791022984153,4.48440858974,1.275499999615)
  );
#4091 = CARTESIAN_POINT('',(3.320324810914,5.959817084272,1.346000001881
    ));
#4092 = CARTESIAN_POINT('',(1.347572726216,6.894848557031,1.416499995487
    ));
#4093 = CARTESIAN_POINT('',(-0.901323336874,7.09892730298,1.487000007812
    ));
#4094 = CARTESIAN_POINT('',(-3.11913164148,6.490905013393,1.557499990362
    ));
#4095 = CARTESIAN_POINT('',(-4.979560165469,5.139176309327,
    1.628000008959));
#4096 = CARTESIAN_POINT('',(-6.225339026688,3.255770709202,
    1.698499993961));
#4097 = CARTESIAN_POINT('',(-6.727867625425,1.131270846772,
    1.769000003048));
#4098 = CARTESIAN_POINT('',(-6.494794464917,-0.938864471282,
    1.839499998996));
#4099 = CARTESIAN_POINT('',(-5.642908724307,-2.711636530843,
    1.910000000269));
#4100 = CARTESIAN_POINT('',(-5.388582661243,-3.260057201835,0.5));
#4101 = CARTESIAN_POINT('',(-4.364405485767,-4.952930371915,
    0.570500000222));
#4102 = CARTESIAN_POINT('',(-2.749305790688,-6.288299090184,
    0.640999999446));
#4103 = CARTESIAN_POINT('',(-0.683659961425,-7.034100705138,
    0.71150000163));
#4104 = CARTESIAN_POINT('',(1.587922331887,-7.02131845033,0.781999996957
    ));
#4105 = CARTESIAN_POINT('',(3.749967022362,-6.198359732112,
    0.852500004388));
#4106 = CARTESIAN_POINT('',(5.482352907766,-4.665213470791,
    0.922999995657));
#4107 = CARTESIAN_POINT('',(6.54794043258,-2.659029849973,0.993500003181
    ));
#4108 = CARTESIAN_POINT('',(6.84601431671,-0.483193298439,1.063999998526
    ));
#4109 = CARTESIAN_POINT('',(6.412759836548,1.567184031975,1.13450000048)
  );
#4110 = CARTESIAN_POINT('',(4.364405485928,4.952930371685,1.275499999553
    ));
#4111 = CARTESIAN_POINT('',(2.749305790269,6.288299090958,1.346000002192
    ));
#4112 = CARTESIAN_POINT('',(0.683659961825,7.034100703876,1.416499994763
    ));
#4113 = CARTESIAN_POINT('',(-1.587922331535,7.021318451297,
    1.487000009009));
#4114 = CARTESIAN_POINT('',(-3.749967023962,6.198359732357,
    1.557499988959));
#4115 = CARTESIAN_POINT('',(-5.482352905388,4.665213469333,
    1.628000010202));
#4116 = CARTESIAN_POINT('',(-6.547940434664,2.659029851694,
    1.698499993158));
#4117 = CARTESIAN_POINT('',(-6.84601431555,0.483193297306,1.769000003445
    ));
#4118 = CARTESIAN_POINT('',(-6.412759836942,-1.567184031528,
    1.839499998866));
#4119 = CARTESIAN_POINT('',(-5.388582661175,-3.260057201922,
    1.910000000307));
#4120 = CARTESIAN_POINT('',(-5.080777233315,-3.784515162812,0.5));
#4121 = CARTESIAN_POINT('',(-3.891836730116,-5.380688405786,
    0.570500000253));
#4122 = CARTESIAN_POINT('',(-2.145728272143,-6.561844110392,
    0.640999999371));
#4123 = CARTESIAN_POINT('',(-5.414326121878E-03,-7.109173525753,
    0.711500001837));
#4124 = CARTESIAN_POINT('',(2.267861940537,-6.877058545812,
    0.781999996595));
#4125 = CARTESIAN_POINT('',(4.35323866369,-5.84429839733,0.85250000489)
  );
#4126 = CARTESIAN_POINT('',(5.939835713802,-4.141917881508,
    0.922999995175));
#4127 = CARTESIAN_POINT('',(6.813104188202,-2.030268167946,
    0.993500003533));
#4128 = CARTESIAN_POINT('',(6.901490080665,0.177151413543,1.063999998362
    ));
#4129 = CARTESIAN_POINT('',(6.269717736321,2.188341920045,1.134500000539
    ));
#4130 = CARTESIAN_POINT('',(3.8918367303,5.380688405567,1.275499999493)
  );
#4131 = CARTESIAN_POINT('',(2.14572827165,6.561844111139,1.346000002492)
  );
#4132 = CARTESIAN_POINT('',(5.414326637326E-03,7.109173524511,
    1.416499994067));
#4133 = CARTESIAN_POINT('',(-2.267861940266,6.877058546823,
    1.487000010157));
#4134 = CARTESIAN_POINT('',(-4.353238665331,5.844298397436,
    1.557499987618));
#4135 = CARTESIAN_POINT('',(-5.939835711267,4.141917880241,
    1.628000011386));
#4136 = CARTESIAN_POINT('',(-6.813104190463,2.030268169504,
    1.698499992396));
#4137 = CARTESIAN_POINT('',(-6.901490079391,-0.177151414588,
    1.769000003821));
#4138 = CARTESIAN_POINT('',(-6.269717736759,-2.188341919627,
    1.839499998744));
#4139 = CARTESIAN_POINT('',(-5.080777233238,-3.784515162894,
    1.910000000343));
#4140 = CARTESIAN_POINT('',(-4.721779005071,-4.279782764675,0.5));
#4141 = CARTESIAN_POINT('',(-3.377245595924,-5.763173388006,
    0.570500000283));
#4142 = CARTESIAN_POINT('',(-1.514912699538,-6.77723446018,
    0.640999999299));
#4143 = CARTESIAN_POINT('',(0.680928049884,-7.118615775777,
    0.711500002032));
#4144 = CARTESIAN_POINT('',(2.934647138677,-6.666738030669,
    0.781999996255));
#4145 = CARTESIAN_POINT('',(4.922933322377,-5.431351189953,0.85250000536
    ));
#4146 = CARTESIAN_POINT('',(6.347166104593,-3.573658106048,
    0.922999994723));
#4147 = CARTESIAN_POINT('',(7.017662783078,-1.375050040657,
    0.993500003863));
#4148 = CARTESIAN_POINT('',(6.893046105044,0.843672222485,1.063999998208
    ));
#4149 = CARTESIAN_POINT('',(6.066312414004,2.796392141537,1.134500000595
    ));
#4150 = CARTESIAN_POINT('',(3.377245596128,5.763173387801,1.275499999436
    ));
#4151 = CARTESIAN_POINT('',(1.514912698975,6.777234460892,1.346000002776
    ));
#4152 = CARTESIAN_POINT('',(-0.680928049254,7.118615774567,
    1.416499993406));
#4153 = CARTESIAN_POINT('',(-2.934647138492,6.666738031714,
    1.487000011244));
#4154 = CARTESIAN_POINT('',(-4.922933324045,5.43135118992,1.557499986353
    ));
#4155 = CARTESIAN_POINT('',(-6.34716610192,3.573658104986,1.628000012499
    ));
#4156 = CARTESIAN_POINT('',(-7.017662785499,1.375050042038,
    1.698499991682));
#4157 = CARTESIAN_POINT('',(-6.893046103665,-0.84367222343,
    1.769000004173));
#4158 = CARTESIAN_POINT('',(-6.066312414484,-2.796392141153,
    1.839499998629));
#4159 = CARTESIAN_POINT('',(-4.721779004986,-4.279782764752,
    1.910000000377));
#4160 = CARTESIAN_POINT('',(-4.314365843343,-4.740849479491,0.5));
#4161 = CARTESIAN_POINT('',(-2.824984053797,-6.096247483244,
    0.570500000311));
#4162 = CARTESIAN_POINT('',(-0.862480520763,-6.931754461125,
    0.640999999231));
#4163 = CARTESIAN_POINT('',(1.36899664872,-7.061563785624,0.711500002215
    ));
#4164 = CARTESIAN_POINT('',(3.581840806517,-6.391558563761,
    0.781999995939));
#4165 = CARTESIAN_POINT('',(5.45328750614,-4.962713424781,0.852500005796
    ));
#4166 = CARTESIAN_POINT('',(6.699914577233,-2.96525700655,0.922999994306
    ));
#4167 = CARTESIAN_POINT('',(7.158973659755,-0.699236040882,
    0.993500004167));
#4168 = CARTESIAN_POINT('',(6.820007422906,1.510162679701,1.063999998065
    ));
#4169 = CARTESIAN_POINT('',(5.803747632657,3.385451475915,1.134500000646
    ));
#4170 = CARTESIAN_POINT('',(2.824984054021,6.096247483054,1.275499999383
    ));
#4171 = CARTESIAN_POINT('',(0.862480520133,6.931754461796,1.346000003044
    ));
#4172 = CARTESIAN_POINT('',(-1.368996647979,7.061563784456,
    1.416499992786));
#4173 = CARTESIAN_POINT('',(-3.58184080642,6.391558564832,1.48700001226)
  );
#4174 = CARTESIAN_POINT('',(-5.453287507822,4.962713424604,
    1.557499985176));
#4175 = CARTESIAN_POINT('',(-6.699914574442,2.965257005707,
    1.628000013531));
#4176 = CARTESIAN_POINT('',(-7.158973662319,0.699236042068,
    1.698499991022));
#4177 = CARTESIAN_POINT('',(-6.820007421431,-1.510162680538,
    1.769000004497));
#4178 = CARTESIAN_POINT('',(-5.803747633175,-3.385451475568,
    1.839499998523));
#4179 = CARTESIAN_POINT('',(-4.31436584325,-4.740849479561,
    1.910000000409));
#4180 = CARTESIAN_POINT('',(-3.861812772767,-5.162971291221,0.5));
#4181 = CARTESIAN_POINT('',(-2.239817504964,-6.376195554794,
    0.570500000337));
#4182 = CARTESIAN_POINT('',(-0.194328367846,-7.023238093926,
    0.640999999169));
#4183 = CARTESIAN_POINT('',(2.052327058437,-6.937779868777,
    0.711500002382));
#4184 = CARTESIAN_POINT('',(4.203115171505,-6.053357218034,
    0.781999995651));
#4185 = CARTESIAN_POINT('',(5.938844285052,-4.442152285521,
    0.852500006191));
#4186 = CARTESIAN_POINT('',(6.994120281396,-2.321980246048,
    0.922999993929));
#4187 = CARTESIAN_POINT('',(7.234967563777,-8.95505943825E-03,
    0.993500004442));
#4188 = CARTESIAN_POINT('',(6.682309160165,2.170341248735,1.063999997937
    ));
#4189 = CARTESIAN_POINT('',(5.483808040321,3.949747027807,1.134500000693
    ));
#4190 = CARTESIAN_POINT('',(2.239817505207,6.376195554622,1.275499999334
    ));
#4191 = CARTESIAN_POINT('',(0.194328367152,7.023238094549,1.346000003291
    ));
#4192 = CARTESIAN_POINT('',(-2.052327057589,6.937779867662,
    1.416499992215));
#4193 = CARTESIAN_POINT('',(-4.203115171499,6.053357219121,
    1.487000013192));
#4194 = CARTESIAN_POINT('',(-5.938844286734,4.4421522852,1.557499984101)
  );
#4195 = CARTESIAN_POINT('',(-6.994120278508,2.321980245436,
    1.628000014469));
#4196 = CARTESIAN_POINT('',(-7.234967566466,8.955060416086E-03,
    1.698499990426));
#4197 = CARTESIAN_POINT('',(-6.682309158605,-2.170341249454,
    1.76900000479));
#4198 = CARTESIAN_POINT('',(-5.483808040873,-3.949747027501,
    1.839499998428));
#4199 = CARTESIAN_POINT('',(-3.861812772668,-5.162971291284,
    1.910000000438));
#4200 = CARTESIAN_POINT('',(-3.367859053837,-5.541719245264,0.5));
#4201 = CARTESIAN_POINT('',(-1.626876607043,-6.599763371386,
    0.57050000036));
#4202 = CARTESIAN_POINT('',(0.483431759275,-7.050091538441,
    0.640999999113));
#4203 = CARTESIAN_POINT('',(2.72442673014,-6.747655288631,0.711500002533
    ));
#4204 = CARTESIAN_POINT('',(4.792316351077,-5.654588324483,
    0.781999995393));
#4205 = CARTESIAN_POINT('',(6.374509136942,-3.873968955461,
    0.852500006542));
#4206 = CARTESIAN_POINT('',(7.22633176878,-1.649483044772,0.922999993595
    ));
#4207 = CARTESIAN_POINT('',(7.24417011881,0.689457882547,0.993500004686)
  );
#4208 = CARTESIAN_POINT('',(6.480497728502,2.817915216329,1.063999997822
    ));
#4209 = CARTESIAN_POINT('',(5.108841500367,4.48367511928,1.134500000736)
  );
#4210 = CARTESIAN_POINT('',(1.626876607302,6.599763371232,1.275499999289
    ));
#4211 = CARTESIAN_POINT('',(-0.483431760028,7.05009153901,1.346000003516
    ));
#4212 = CARTESIAN_POINT('',(-2.72442672919,6.74765528758,1.416499991697)
  );
#4213 = CARTESIAN_POINT('',(-4.792316351164,5.654588325579,
    1.487000014032));
#4214 = CARTESIAN_POINT('',(-6.374509138609,3.873968954995,
    1.557499983138));
#4215 = CARTESIAN_POINT('',(-7.226331765817,1.6494830444,1.628000015304)
  );
#4216 = CARTESIAN_POINT('',(-7.244170121604,-0.68945788179,
    1.698499989897));
#4217 = CARTESIAN_POINT('',(-6.480497726868,-2.81791521692,
    1.769000005048));
#4218 = CARTESIAN_POINT('',(-5.108841500949,-4.483675119019,
    1.839499998344));
#4219 = CARTESIAN_POINT('',(-3.367859053732,-5.541719245318,
    1.910000000463));
#4220 = CARTESIAN_POINT('',(-2.836679655061,-5.873025162965,0.5));
#4221 = CARTESIAN_POINT('',(-0.991614384559,-6.764194359404,
    0.570500000381));
#4222 = CARTESIAN_POINT('',(1.164526615454,-7.011315950482,
    0.640999999062));
#4223 = CARTESIAN_POINT('',(3.378835236744,-6.492215275117,
    0.711500002665));
#4224 = CARTESIAN_POINT('',(5.343524233335,-5.198309056535,0.78199999517
    ));
#4225 = CARTESIAN_POINT('',(6.755602531708,-3.26296580255,0.852500006846
    ));
#4226 = CARTESIAN_POINT('',(7.393646256164,-0.95376272578,0.922999993309
    ));
#4227 = CARTESIAN_POINT('',(7.185723800392,1.389517966937,0.993500004895
    ));
#4228 = CARTESIAN_POINT('',(6.215734149216,3.446639318361,1.063999997724
    ));
#4229 = CARTESIAN_POINT('',(4.681744925285,4.981855966644,1.134500000773
    ));
#4230 = CARTESIAN_POINT('',(0.991614384833,6.764194359272,1.275499999249
    ));
#4231 = CARTESIAN_POINT('',(-1.16452661626,7.011315950991,1.346000003715
    ));
#4232 = CARTESIAN_POINT('',(-3.378835235699,6.49221527414,1.416499991239
    ));
#4233 = CARTESIAN_POINT('',(-5.343524233515,5.198309057629,
    1.487000014771));
#4234 = CARTESIAN_POINT('',(-6.755602533348,3.262965801941,
    1.557499982297));
#4235 = CARTESIAN_POINT('',(-7.393646253148,0.953762725656,
    1.628000016028));
#4236 = CARTESIAN_POINT('',(-7.18572380327,-1.389517966411,
    1.698499989443));
#4237 = CARTESIAN_POINT('',(-6.21573414752,-3.446639318818,
    1.769000005269));
#4238 = CARTESIAN_POINT('',(-4.681744925894,-4.98185596643,
    1.839499998272));
#4239 = CARTESIAN_POINT('',(-2.83667965495,-5.873025163011,
    1.910000000486));
#4240 = CARTESIAN_POINT('',(-2.272849735353,-6.153224566776,0.5));
#4241 = CARTESIAN_POINT('',(-0.339757226001,-6.867261369862,
    0.570500000399));
#4242 = CARTESIAN_POINT('',(1.84258030368,-6.90652336334,0.640999999019)
  );
#4243 = CARTESIAN_POINT('',(4.009186713177,-6.173115882944,
    0.711500002778));
#4244 = CARTESIAN_POINT('',(5.851111858791,-4.688156426899,
    0.781999994982));
#4245 = CARTESIAN_POINT('',(7.077909307127,-2.614405524343,
    0.852500007098));
#4246 = CARTESIAN_POINT('',(7.493743337914,-0.241104688996,
    0.922999993072));
#4247 = CARTESIAN_POINT('',(7.059402710689,2.084651326871,0.993500005067
    ));
#4248 = CARTESIAN_POINT('',(5.889789401215,4.050376274117,1.063999997643
    ));
#4249 = CARTESIAN_POINT('',(4.205942244415,5.439187763784,1.134500000804
    ));
#4250 = CARTESIAN_POINT('',(0.339757226288,6.867261369753,1.275499999215
    ));
#4251 = CARTESIAN_POINT('',(-1.842580304534,6.906523363783,
    1.346000003888));
#4252 = CARTESIAN_POINT('',(-4.009186712042,6.17311588205,1.416499990846
    ));
#4253 = CARTESIAN_POINT('',(-5.851111859066,4.688156427983,
    1.487000015402));
#4254 = CARTESIAN_POINT('',(-7.077909308723,2.614405523594,
    1.557499981587));
#4255 = CARTESIAN_POINT('',(-7.493743334872,0.241104689124,
    1.628000016632));
#4256 = CARTESIAN_POINT('',(-7.059402713627,-2.084651326583,
    1.698499989068));
#4257 = CARTESIAN_POINT('',(-5.889789399472,-4.050376274434,
    1.769000005451));
#4258 = CARTESIAN_POINT('',(-4.205942245045,-5.43918776362,
    1.839499998214));
#4259 = CARTESIAN_POINT('',(-2.272849735238,-6.153224566813,
    1.910000000504));
#4260 = CARTESIAN_POINT('',(-1.681305610263,-6.379095831271,0.5));
#4261 = CARTESIAN_POINT('',(0.322746449604,-6.907293566602,
    0.570500000415));
#4262 = CARTESIAN_POINT('',(2.511173627641,-6.735947019789,
    0.640999998983));
#4263 = CARTESIAN_POINT('',(4.609271261442,-5.792635154867,0.71150000287
    ));
#4264 = CARTESIAN_POINT('',(6.309801980151,-4.128319107767,
    0.781999994832));
#4265 = CARTESIAN_POINT('',(7.33772370334,-1.933966248363,0.852500007296
    ));
#4266 = CARTESIAN_POINT('',(7.524913335318,0.481974063779,0.922999992889
    ));
#4267 = CARTESIAN_POINT('',(6.865621599359,2.768256425056,0.993500005201
    ));
#4268 = CARTESIAN_POINT('',(5.50503426708,4.623156169574,1.06399999758)
  );
#4269 = CARTESIAN_POINT('',(3.685357669831,5.850898096009,1.134500000829
    ));
#4270 = CARTESIAN_POINT('',(-0.322746449307,6.907293566516,
    1.275499999187));
#4271 = CARTESIAN_POINT('',(-2.511173628537,6.735947020162,
    1.346000004031));
#4272 = CARTESIAN_POINT('',(-4.609271260227,5.792635154065,
    1.416499990521));
#4273 = CARTESIAN_POINT('',(-6.309801980519,4.128319108832,
    1.487000015915));
#4274 = CARTESIAN_POINT('',(-7.337723704881,1.933966247477,
    1.557499981017));
#4275 = CARTESIAN_POINT('',(-7.524913332271,-0.481974063395,
    1.628000017108));
#4276 = CARTESIAN_POINT('',(-6.865621602336,-2.768256425015,
    1.698499988777));
#4277 = CARTESIAN_POINT('',(-5.505034265301,-4.623156169746,
    1.76900000559));
#4278 = CARTESIAN_POINT('',(-3.685357670478,-5.850898095898,
    1.839499998169));
#4279 = CARTESIAN_POINT('',(-1.681305610144,-6.379095831298,
    1.910000000519));
#4280 = CARTESIAN_POINT('',(-1.067301523383,-6.547896802557,0.5));
#4281 = CARTESIAN_POINT('',(0.989780925612,-6.883199465039,
    0.570500000427));
#4282 = CARTESIAN_POINT('',(3.163905588435,-6.500446814417,
    0.640999998955));
#4283 = CARTESIAN_POINT('',(5.173096893501,-5.353658813339,0.71150000294
    ));
#4284 = CARTESIAN_POINT('',(6.714722392681,-3.5235037874,0.781999994722)
  );
#4285 = CARTESIAN_POINT('',(7.531891485306,-1.227691807275,
    0.852500007437));
#4286 = CARTESIAN_POINT('',(7.486081384831,1.208785037819,0.922999992761
    ));
#4287 = CARTESIAN_POINT('',(6.605439792675,3.4337675062,0.993500005293)
  );
#4288 = CARTESIAN_POINT('',(5.064423853652,5.159236222375,1.063999997536
    ));
#4289 = CARTESIAN_POINT('',(3.124383972072,6.212594140121,1.134500000848
    ));
#4290 = CARTESIAN_POINT('',(-0.989780925306,6.883199464977,
    1.275499999165));
#4291 = CARTESIAN_POINT('',(-3.163905589366,6.500446814716,
    1.346000004143));
#4292 = CARTESIAN_POINT('',(-5.173096892213,5.353658812637,
    1.416499990269));
#4293 = CARTESIAN_POINT('',(-6.714722393141,3.523503788437,
    1.487000016306));
#4294 = CARTESIAN_POINT('',(-7.531891486777,1.227691806258,
    1.557499980594));
#4295 = CARTESIAN_POINT('',(-7.486081381807,-1.208785037179,
    1.628000017452));
#4296 = CARTESIAN_POINT('',(-6.605439795666,-3.433767506408,
    1.698499988574));
#4297 = CARTESIAN_POINT('',(-5.064423851853,-5.159236222399,
    1.769000005686));
#4298 = CARTESIAN_POINT('',(-3.124383972731,-6.212594140063,
    1.839499998138));
#4299 = CARTESIAN_POINT('',(-1.067301523261,-6.547896802574,
    1.91000000053));
#4300 = CARTESIAN_POINT('',(-0.436363443842,-6.65739236395,0.5));
#4301 = CARTESIAN_POINT('',(1.655118050279,-6.794479982888,
    0.570500000435));
#4302 = CARTESIAN_POINT('',(3.794451840442,-6.201504806497,
    0.640999998935));
#4303 = CARTESIAN_POINT('',(5.69494532662,-4.859657202219,0.711500002986
    ));
#4304 = CARTESIAN_POINT('',(7.061452521565,-2.878895030216,
    0.781999994654));
#4305 = CARTESIAN_POINT('',(7.657841650937,-0.501938593229,
    0.852500007519));
#4306 = CARTESIAN_POINT('',(7.376820634011,1.932528307615,0.922999992691
    ));
#4307 = CARTESIAN_POINT('',(6.280554984059,4.074714649056,0.993500005344
    ));
#4308 = CARTESIAN_POINT('',(4.57147377621,5.653154354486,1.063999997512)
  );
#4309 = CARTESIAN_POINT('',(2.527844937651,6.520304745032,1.13450000086)
  );
#4310 = CARTESIAN_POINT('',(-1.655118049967,6.794479982852,1.27549999915
    ));
#4311 = CARTESIAN_POINT('',(-3.7944518414,6.201504806719,1.346000004223)
  );
#4312 = CARTESIAN_POINT('',(-5.694945325269,4.859657201624,
    1.416499990093));
#4313 = CARTESIAN_POINT('',(-7.061452522113,2.878895031216,
    1.487000016569));
#4314 = CARTESIAN_POINT('',(-7.657841652326,0.501938592086,
    1.557499980324));
#4315 = CARTESIAN_POINT('',(-7.376820631033,-1.93252830672,
    1.628000017658));
#4316 = CARTESIAN_POINT('',(-6.28055498704,-4.074714649515,
    1.698499988461));
#4317 = CARTESIAN_POINT('',(-4.571473774404,-5.653154354359,
    1.769000005737));
#4318 = CARTESIAN_POINT('',(-2.527844938316,-6.520304745029,
    1.839499998122));
#4319 = CARTESIAN_POINT('',(-0.436363443718,-6.657392363957,
    1.910000000536));
#4320 = CARTESIAN_POINT('',(0.205762080507,-6.705895680754,0.5));
#4321 = CARTESIAN_POINT('',(2.312481341001,-6.641253616706,
    0.570500000441));
#4322 = CARTESIAN_POINT('',(4.396636144134,-5.841229805304,
    0.640999998923));
#4323 = CARTESIAN_POINT('',(6.169443399589,-4.31466696035,0.711500003009
    ));
#4324 = CARTESIAN_POINT('',(7.346086629263,-2.200114718452,
    0.781999994629));
#4325 = CARTESIAN_POINT('',(7.713633874009,0.236683275113,0.852500007542
    ));
#4326 = CARTESIAN_POINT('',(7.197378484106,2.6463628836,0.922999992679)
  );
#4327 = CARTESIAN_POINT('',(5.89330601012,4.684797444284,0.993500005352)
  );
#4328 = CARTESIAN_POINT('',(4.030240535377,6.099798050486,1.063999997507
    ));
#4329 = CARTESIAN_POINT('',(1.900957179674,6.770537744795,1.134500000865
    ));
#4330 = CARTESIAN_POINT('',(-2.312481340686,6.641253616696,
    1.275499999141));
#4331 = CARTESIAN_POINT('',(-4.396636145112,5.841229805445,1.34600000427
    ));
#4332 = CARTESIAN_POINT('',(-6.169443398187,4.314666959868,
    1.416499989996));
#4333 = CARTESIAN_POINT('',(-7.346086629895,2.200114719407,
    1.487000016701));
#4334 = CARTESIAN_POINT('',(-7.713633875305,-0.236683276373,
    1.557499980211));
#4335 = CARTESIAN_POINT('',(-7.197378481197,-2.646362882454,
    1.628000017724));
#4336 = CARTESIAN_POINT('',(-5.893306013068,-4.684797444993,
    1.69849998844));
#4337 = CARTESIAN_POINT('',(-4.030240533579,-6.099798050206,
    1.769000005742));
#4338 = CARTESIAN_POINT('',(-1.90095718034,-6.770537744848,
    1.839499998121));
#4339 = CARTESIAN_POINT('',(0.205762080632,-6.705895680751,
    1.910000000539));
#4340 = CARTESIAN_POINT('',(0.853154815942,-6.692235970125,0.5));
#4341 = CARTESIAN_POINT('',(2.955582751781,-6.424209479927,
    0.570500000443));
#4342 = CARTESIAN_POINT('',(4.964451865776,-5.422299210744,0.64099999892
    ));
#4343 = CARTESIAN_POINT('',(6.591565550136,-3.723227218684,
    0.711500003008));
#4344 = CARTESIAN_POINT('',(7.565215811002,-1.493159555876,
    0.781999994647));
#4345 = CARTESIAN_POINT('',(7.697921430592,0.981363892326,0.852500007503
    ));
#4346 = CARTESIAN_POINT('',(6.948624695191,3.343445915108,0.922999992726
    ));
#4347 = CARTESIAN_POINT('',(5.446612396786,5.25790554375,0.993500005317)
  );
#4348 = CARTESIAN_POINT('',(3.44525951584,6.494405125492,1.063999997523)
  );
#4349 = CARTESIAN_POINT('',(1.249273119583,6.960262460291,1.134500000863
    ));
#4350 = CARTESIAN_POINT('',(-2.955582751464,6.424209479944,1.27549999914
    ));
#4351 = CARTESIAN_POINT('',(-4.964451866767,5.422299210803,
    1.346000004282));
#4352 = CARTESIAN_POINT('',(-6.591565548692,3.72322721832,1.416499989978
    ));
#4353 = CARTESIAN_POINT('',(-7.565215811715,1.493159556777,
    1.487000016699));
#4354 = CARTESIAN_POINT('',(-7.697921431782,-0.981363893694,
    1.557499980257));
#4355 = CARTESIAN_POINT('',(-6.948624692377,-3.343445913719,
    1.628000017645));
#4356 = CARTESIAN_POINT('',(-5.446612399675,-5.257905544707,
    1.698499988513));
#4357 = CARTESIAN_POINT('',(-3.445259514064,-6.494405125062,1.7690000057
    ));
#4358 = CARTESIAN_POINT('',(-1.249273120245,-6.960262460401,
    1.839499998136));
#4359 = CARTESIAN_POINT('',(0.853154816067,-6.692235970112,
    1.910000000536));
#4360 = CARTESIAN_POINT('',(1.499795881744,-6.615979370681,0.5));
#4361 = CARTESIAN_POINT('',(3.578267100324,-6.144804598311,
    0.570500000441));
#4362 = CARTESIAN_POINT('',(5.492267563851,-4.948108513656,
    0.640999998926));
#4363 = CARTESIAN_POINT('',(6.956882820013,-3.090460315315,
    0.711500002982));
#4364 = CARTESIAN_POINT('',(7.716194617154,-0.76439951052,0.781999994709
    ));
#4365 = CARTESIAN_POINT('',(7.610205260149,1.725179881664,0.852500007403
    ));
#4366 = CARTESIAN_POINT('',(6.632263776538,4.017093874281,0.922999992833
    ));
#4367 = CARTESIAN_POINT('',(4.944122660522,5.788334357524,0.993500005238
    ));
#4368 = CARTESIAN_POINT('',(2.821616952846,6.83280752209,1.063999997558)
  );
#4369 = CARTESIAN_POINT('',(0.578675336525,7.087154142991,1.134500000854
    ));
#4370 = CARTESIAN_POINT('',(-3.578267100009,6.144804598354,
    1.275499999145));
#4371 = CARTESIAN_POINT('',(-5.492267564846,4.948108513631,1.34600000426
    ));
#4372 = CARTESIAN_POINT('',(-6.956882818539,3.090460315073,
    1.416499990042));
#4373 = CARTESIAN_POINT('',(-7.716194617943,0.76439951136,1.487000016561
    ));
#4374 = CARTESIAN_POINT('',(-7.610205261224,-1.72517988313,
    1.557499980463));
#4375 = CARTESIAN_POINT('',(-6.632263773843,-4.017093872657,
    1.628000017424));
#4376 = CARTESIAN_POINT('',(-4.944122663329,-5.788334358722,
    1.69849998868));
#4377 = CARTESIAN_POINT('',(-2.821616951107,-6.832807521511,
    1.769000005612));
#4378 = CARTESIAN_POINT('',(-0.578675337177,-7.087154143156,
    1.839499998166));
#4379 = CARTESIAN_POINT('',(1.499795881868,-6.615979370656,1.91000000053
    ));
#4380 = CARTESIAN_POINT('',(2.139546729452,-6.476672771476,0.5));
#4381 = CARTESIAN_POINT('',(4.174253489167,-5.80451434279,0.570500000435
    ));
#4382 = CARTESIAN_POINT('',(5.974333157245,-4.422111255719,0.64099999894
    ));
#4383 = CARTESIAN_POINT('',(7.26086863924,-2.421583302471,0.711500002932
    ));
#4384 = CARTESIAN_POINT('',(7.796313481201,-2.032735960038E-02,
    0.781999994814));
#4385 = CARTESIAN_POINT('',(7.449964159836,2.461070215398,0.852500007241
    ));
#4386 = CARTESIAN_POINT('',(6.250022606667,4.660486512055,0.922999993));
#4387 = CARTESIAN_POINT('',(4.389548302892,6.270258748193,0.993500005116
    ));
#4388 = CARTESIAN_POINT('',(2.164493531529,7.110744854793,1.063999997614
    ));
#4389 = CARTESIAN_POINT('',(-0.10483997004,7.148831200077,1.134500000838
    ));
#4390 = CARTESIAN_POINT('',(-4.174253488857,5.80451434286,1.275499999157
    ));
#4391 = CARTESIAN_POINT('',(-5.974333158235,4.42211125561,1.346000004203
    ));
#4392 = CARTESIAN_POINT('',(-7.260868637749,2.421583302356,
    1.416499990188));
#4393 = CARTESIAN_POINT('',(-7.796313482059,2.032736037087E-02,
    1.487000016286));
#4394 = CARTESIAN_POINT('',(-7.449964160786,-2.461070216951,
    1.557499980832));
#4395 = CARTESIAN_POINT('',(-6.250022604113,-4.660486510208,
    1.628000017057));
#4396 = CARTESIAN_POINT('',(-4.389548305594,-6.270258749626,
    1.698499988942));
#4397 = CARTESIAN_POINT('',(-2.164493529842,-7.110744854069,
    1.769000005477));
#4398 = CARTESIAN_POINT('',(0.104839969402,-7.148831200297,
    1.839499998211));
#4399 = CARTESIAN_POINT('',(2.139546729572,-6.476672771441,
    1.910000000519));
#4400 = CARTESIAN_POINT('',(2.766184253799,-6.276838339496,0.5));
#4401 = CARTESIAN_POINT('',(4.738111175175,-5.407815926526,
    0.570500000426));
#4402 = CARTESIAN_POINT('',(6.40669270288,-3.850463110296,0.640999998963
    ));
#4403 = CARTESIAN_POINT('',(7.501615705111,-1.723885729235,
    0.711500002858));
#4404 = CARTESIAN_POINT('',(7.806058610171,0.731397283243,0.781999994961
    ));
#4405 = CARTESIAN_POINT('',(7.220099318939,3.181876602096,0.852500007021
    ));
#4406 = CARTESIAN_POINT('',(5.806884948448,5.267787032558,0.922999993223
    ));
#4407 = CARTESIAN_POINT('',(3.789333569883,6.699773972091,0.993500004952
    ));
#4408 = CARTESIAN_POINT('',(1.481014643336,7.326552612589,1.06399999769)
  );
#4409 = CARTESIAN_POINT('',(-0.79425733272,7.145860752355,1.134500000816
    ));
#4410 = CARTESIAN_POINT('',(-4.738111174871,5.407815926622,
    1.275499999176));
#4411 = CARTESIAN_POINT('',(-6.406692703859,3.850463110104,
    1.346000004111));
#4412 = CARTESIAN_POINT('',(-7.501615703613,1.723885729245,
    1.416499990413));
#4413 = CARTESIAN_POINT('',(-7.806058611094,-0.731397282546,
    1.48700001588));
#4414 = CARTESIAN_POINT('',(-7.220099319752,-3.181876603726,
    1.557499981355));
#4415 = CARTESIAN_POINT('',(-5.806884946059,-5.267787030499,
    1.628000016552));
#4416 = CARTESIAN_POINT('',(-3.789333572455,-6.699773973749,
    1.698499989292));
#4417 = CARTESIAN_POINT('',(-1.481014641715,-7.326552611724,
    1.769000005297));
#4418 = CARTESIAN_POINT('',(0.794257332103,-7.145860752628,1.83949999827
    ));
#4419 = CARTESIAN_POINT('',(2.766184253917,-6.276838339451,
    1.910000000504));
#4420 = CARTESIAN_POINT('',(3.372162974185,-6.01139819996,0.5));
#4421 = CARTESIAN_POINT('',(5.260699416332,-4.952001957382,
    0.570500000414));
#4422 = CARTESIAN_POINT('',(6.779437649764,-3.233384017458,
    0.640999998995));
#4423 = CARTESIAN_POINT('',(7.669493804055,-1.000746792844,
    0.711500002758));
#4424 = CARTESIAN_POINT('',(7.737197032465,1.484427195235,0.781999995154
    ));
#4425 = CARTESIAN_POINT('',(6.914769777677,3.878919653125,0.852500006737
    ));
#4426 = CARTESIAN_POINT('',(5.300071091781,5.8289783369,0.922999993508)
  );
#4427 = CARTESIAN_POINT('',(3.143974454374,7.066686208624,0.993500004743
    ));
#4428 = CARTESIAN_POINT('',(0.774707793894,7.470968805383,1.063999997786
    ));
#4429 = CARTESIAN_POINT('',(-1.483626532324,7.070794442403,
    1.134500000786));
#4430 = CARTESIAN_POINT('',(-5.260699416038,4.952001957504,
    1.275499999202));
#4431 = CARTESIAN_POINT('',(-6.779437650723,3.233384017183,
    1.346000003983));
#4432 = CARTESIAN_POINT('',(-7.669493802564,1.000746792983,
    1.416499990724));
#4433 = CARTESIAN_POINT('',(-7.737197033442,-1.484427194622,
    1.487000015331));
#4434 = CARTESIAN_POINT('',(-6.914769778349,-3.878919654815,
    1.557499982046));
#4435 = CARTESIAN_POINT('',(-5.300071089576,-5.828978334649,
    1.628000015898));
#4436 = CARTESIAN_POINT('',(-3.143974456795,-7.066686210491,
    1.69849998974));
#4437 = CARTESIAN_POINT('',(-0.774707792353,-7.470968804384,
    1.769000005069));
#4438 = CARTESIAN_POINT('',(1.483626531732,-7.070794442727,
    1.839499998345));
#4439 = CARTESIAN_POINT('',(3.372162974298,-6.011398199906,
    1.910000000485));
#4440 = CARTESIAN_POINT('',(3.92866966687,-5.652536390812,0.5));
#4441 = CARTESIAN_POINT('',(5.704466346697,-4.418308414504,
    0.570500000395));
#4442 = CARTESIAN_POINT('',(7.049437205475,-2.564212250057,
    0.640999999041));
#4443 = CARTESIAN_POINT('',(7.720150877104,-0.259416675969,
    0.711500002622));
#4444 = CARTESIAN_POINT('',(7.54915377174,2.217569482053,0.781999995411)
  );
#4445 = CARTESIAN_POINT('',(6.501979489976,4.519056195779,0.852500006365
    ));
#4446 = CARTESIAN_POINT('',(4.709829921908,6.302764409036,0.922999993878
    ));
#4447 = CARTESIAN_POINT('',(2.447786898482,7.326415621887,0.993500004471
    ));
#4448 = CARTESIAN_POINT('',(5.374920831281E-02,7.501123942781,
    1.063999997912));
#4449 = CARTESIAN_POINT('',(-2.152872987315,6.886764366963,
    1.134500000745));
#4450 = CARTESIAN_POINT('',(-5.704466346416,4.418308414649,1.27549999924
    ));
#4451 = CARTESIAN_POINT('',(-7.0494372064,2.564212249704,1.346000003802)
  );
#4452 = CARTESIAN_POINT('',(-7.720150875642,0.259416676233,
    1.416499991159));
#4453 = CARTESIAN_POINT('',(-7.549153772758,-2.21756948153,
    1.487000014577));
#4454 = CARTESIAN_POINT('',(-6.501979490501,-4.519056197506,
    1.557499982977));
#4455 = CARTESIAN_POINT('',(-4.709829919915,-6.302764406624,
    1.628000015032));
#4456 = CARTESIAN_POINT('',(-2.44778690072,-7.326415623938,
    1.698499990324));
#4457 = CARTESIAN_POINT('',(-5.374920687231E-02,-7.501123941663,
    1.769000004774));
#4458 = CARTESIAN_POINT('',(2.152872986757,-6.886764367333,
    1.839499998443));
#4459 = CARTESIAN_POINT('',(3.928669666978,-5.652536390749,
    1.910000000458));
#4460 = CARTESIAN_POINT('',(4.454316127541,-5.251411575654,0.5));
#4461 = CARTESIAN_POINT('',(6.104095730128,-3.852046893433,
    0.570500000375));
#4462 = CARTESIAN_POINT('',(7.265406094417,-1.876802176081,
    0.640999999093));
#4463 = CARTESIAN_POINT('',(7.712088455554,0.482516281528,0.711500002469
    ));
#4464 = CARTESIAN_POINT('',(7.304129757585,2.932519717634,0.781999995697
    ));
#4465 = CARTESIAN_POINT('',(6.040575061773,5.123694940319,0.852500005951
    ));
#4466 = CARTESIAN_POINT('',(4.084911271775,6.72781415639,0.922999994288)
  );
#4467 = CARTESIAN_POINT('',(1.734294980703,7.530029961224,0.993500004171
    ));
#4468 = CARTESIAN_POINT('',(-0.666287967888,7.474260664003,
    1.063999998051));
#4469 = CARTESIAN_POINT('',(-2.804536525209,6.650776257696,1.1345000007)
  );
#4470 = CARTESIAN_POINT('',(-6.104095729862,3.8520468936,1.275499999282)
  );
#4471 = CARTESIAN_POINT('',(-7.265406095303,1.876802175653,
    1.346000003597));
#4472 = CARTESIAN_POINT('',(-7.712088454127,-0.482516281142,
    1.416499991651));
#4473 = CARTESIAN_POINT('',(-7.304129758638,-2.932519717204,
    1.487000013731));
#4474 = CARTESIAN_POINT('',(-6.040575062144,-5.123694942071,
    1.557499984015));
#4475 = CARTESIAN_POINT('',(-4.084911270009,-6.727814153834,
    1.628000014071));
#4476 = CARTESIAN_POINT('',(-1.734294982744,-7.530029963444,
    1.698499990969));
#4477 = CARTESIAN_POINT('',(0.666287969219,-7.474260662774,1.76900000445
    ));
#4478 = CARTESIAN_POINT('',(2.804536524688,-6.650776258111,1.83949999855
    ));
#4479 = CARTESIAN_POINT('',(4.454316127642,-5.251411575582,
    1.910000000429));
#4480 = CARTESIAN_POINT('',(4.937427881666,-4.799100870864,0.5));
#4481 = CARTESIAN_POINT('',(6.44510988553,-3.247962154889,0.570500000351
    ));
#4482 = CARTESIAN_POINT('',(7.411343675088,-1.170544701301,
    0.640999999152));
#4483 = CARTESIAN_POINT('',(7.629447470212,1.220539253167,0.711500002296
    ));
#4484 = CARTESIAN_POINT('',(6.988230520504,3.619842715133,0.781999996019
    ));
#4485 = CARTESIAN_POINT('',(5.52029271017,5.679407013632,0.85250000549)
  );
#4486 = CARTESIAN_POINT('',(3.419858035368,7.088243655408,0.922999994743
    ));
#4487 = CARTESIAN_POINT('',(1.003307041988,7.661041687549,0.993500003838
    ));
#4488 = CARTESIAN_POINT('',(-1.380615918978,7.37509929808,1.063999998206
    ));
#4489 = CARTESIAN_POINT('',(-3.429745878038,6.350239586639,
    1.134500000649));
#4490 = CARTESIAN_POINT('',(-6.445109885281,3.247962155078,
    1.275499999329));
#4491 = CARTESIAN_POINT('',(-7.411343675927,1.170544700801,
    1.346000003361));
#4492 = CARTESIAN_POINT('',(-7.629447468836,-1.220539252662,
    1.416499992211));
#4493 = CARTESIAN_POINT('',(-6.988230521581,-3.619842714799,
    1.487000012771));
#4494 = CARTESIAN_POINT('',(-5.520292710388,-5.679407015395,
    1.557499985185));
#4495 = CARTESIAN_POINT('',(-3.419858033839,-7.088243652732,
    1.628000012996));
#4496 = CARTESIAN_POINT('',(-1.003307043817,-7.661041689917,
    1.698499991688));
#4497 = CARTESIAN_POINT('',(1.380615920189,-7.375099296752,
    1.769000004088));
#4498 = CARTESIAN_POINT('',(3.429745877559,-6.350239587093,
    1.839499998668));
#4499 = CARTESIAN_POINT('',(4.937427881759,-4.799100870784,
    1.910000000397));
#4500 = CARTESIAN_POINT('',(5.375375303821,-4.303209629531,0.5));
#4501 = CARTESIAN_POINT('',(6.727268479619,-2.614485673154,
    0.570500000324));
#4502 = CARTESIAN_POINT('',(7.489687276049,-0.45386340309,0.640999999218
    ));
#4503 = CARTESIAN_POINT('',(7.477303771599,1.947183839365,0.711500002105
    ));
#4504 = CARTESIAN_POINT('',(6.608752905783,4.273938697685,0.78199999637)
  );
#4505 = CARTESIAN_POINT('',(4.949880693721,6.183167619519,0.852500004987
    ));
#4506 = CARTESIAN_POINT('',(2.723867537986,7.383949661704,0.922999995238
    ));
#4507 = CARTESIAN_POINT('',(0.263427949936,7.72218895797,0.993500003475)
  );
#4508 = CARTESIAN_POINT('',(-2.082114805372,7.208758937767,
    1.063999998374));
#4509 = CARTESIAN_POINT('',(-4.023482128239,5.99193358569,1.134500000593
    ));
#4510 = CARTESIAN_POINT('',(-6.72726847939,2.614485673362,1.275499999382
    ));
#4511 = CARTESIAN_POINT('',(-7.489687276835,0.453863402524,
    1.346000003101));
#4512 = CARTESIAN_POINT('',(-7.477303770283,-1.947183838748,
    1.41649999283));
#4513 = CARTESIAN_POINT('',(-6.608752906875,-4.273938697449,
    1.487000011717));
#4514 = CARTESIAN_POINT('',(-4.949880693785,-6.183167621278,
    1.557499986465));
#4515 = CARTESIAN_POINT('',(-2.723867536706,-7.38394965893,
    1.628000011823));
#4516 = CARTESIAN_POINT('',(-0.263427951538,-7.722188960467,
    1.698499992468));
#4517 = CARTESIAN_POINT('',(2.082114806453,-7.208758936351,
    1.769000003697));
#4518 = CARTESIAN_POINT('',(4.023482127805,-5.99193358618,1.839499998797
    ));
#4519 = CARTESIAN_POINT('',(5.375375303906,-4.303209629444,
    1.910000000362));
#4520 = CARTESIAN_POINT('',(5.76340181514,-3.767362072231,0.5));
#4521 = CARTESIAN_POINT('',(6.946953516003,-1.956735992125,
    0.570500000295));
#4522 = CARTESIAN_POINT('',(7.498479099108,0.267026290642,0.64099999929)
  );
#4523 = CARTESIAN_POINT('',(7.255725315021,2.655740014554,0.711500001899
    ));
#4524 = CARTESIAN_POINT('',(6.167908107422,4.888340084617,0.781999996748
    ));
#4525 = CARTESIAN_POINT('',(4.333507867999,6.629505377331,0.852500004447
    ));
#4526 = CARTESIAN_POINT('',(2.002588643114,7.611083887338,0.922999995768
    ));
#4527 = CARTESIAN_POINT('',(-0.47889090321,7.711625533298,0.993500003087
    ));
#4528 = CARTESIAN_POINT('',(-2.76427249918,6.975477717941,1.063999998554
    ));
#4529 = CARTESIAN_POINT('',(-4.579850114473,5.577988152102,
    1.134500000533));
#4530 = CARTESIAN_POINT('',(-6.946953515795,1.95673599235,1.27549999944)
  );
#4531 = CARTESIAN_POINT('',(-7.498479099834,-0.267026291269,
    1.346000002816));
#4532 = CARTESIAN_POINT('',(-7.255725313776,-2.65574001383,
    1.416499993503));
#4533 = CARTESIAN_POINT('',(-6.167908108521,-4.888340084479,
    1.487000010573));
#4534 = CARTESIAN_POINT('',(-4.333507867909,-6.62950537907,
    1.557499987846));
#4535 = CARTESIAN_POINT('',(-2.002588642091,-7.611083884491,
    1.628000010563));
#4536 = CARTESIAN_POINT('',(0.478890901845,-7.711625535899,
    1.698499993303));
#4537 = CARTESIAN_POINT('',(2.764272500124,-6.975477716451,
    1.769000003278));
#4538 = CARTESIAN_POINT('',(4.579850114087,-5.577988152623,
    1.839499998935));
#4539 = CARTESIAN_POINT('',(5.763401815217,-3.767362072137,
    1.910000000323));
#4540 = CARTESIAN_POINT('',(6.098945302489,-3.19689451885,0.5));
#4541 = CARTESIAN_POINT('',(7.103279335881,-1.28085434327,0.570500000264
    ));
#4542 = CARTESIAN_POINT('',(7.438790906037,0.985763428284,0.640999999367
    ));
#4543 = CARTESIAN_POINT('',(6.967792452872,3.340322647698,0.711500001678
    ));
#4544 = CARTESIAN_POINT('',(5.67055687492,5.458340244565,0.78199999715)
  );
#4545 = CARTESIAN_POINT('',(3.6773124761,7.015473148669,0.852500003876)
  );
#4546 = CARTESIAN_POINT('',(1.262733787857,7.768796360228,0.922999996328
    ));
#4547 = CARTESIAN_POINT('',(-1.217130751,7.63062774506,0.993500002677));
#4548 = CARTESIAN_POINT('',(-3.421454945123,6.678396944029,
    1.063999998745));
#4549 = CARTESIAN_POINT('',(-5.094611269269,5.112934694183,
    1.134500000469));
#4550 = CARTESIAN_POINT('',(-7.103279335695,1.280854343509,
    1.275499999502));
#4551 = CARTESIAN_POINT('',(-7.438790906698,-0.985763428966,
    1.346000002511));
#4552 = CARTESIAN_POINT('',(-6.967792451708,-3.340322646876,
    1.416499994224));
#4553 = CARTESIAN_POINT('',(-5.670556876015,-5.458340244526,
    1.487000009352));
#4554 = CARTESIAN_POINT('',(-3.67731247586,-7.015473150375,
    1.557499989317));
#4555 = CARTESIAN_POINT('',(-1.262733787096,-7.768796357333,
    1.628000009226));
#4556 = CARTESIAN_POINT('',(1.217130749881,-7.630627747743,
    1.698499994187));
#4557 = CARTESIAN_POINT('',(3.421454945924,-6.678396942477,
    1.769000002836));
#4558 = CARTESIAN_POINT('',(5.094611268933,-5.11293469473,1.83949999908)
  );
#4559 = CARTESIAN_POINT('',(6.098945302557,-3.196894518751,
    1.910000000283));
#4560 = CARTESIAN_POINT('',(6.375516532812,-2.596520506664,0.5));
#4561 = CARTESIAN_POINT('',(7.191237507607,-0.593592916552,
    0.570500000231));
#4562 = CARTESIAN_POINT('',(7.30780668857,1.694074063159,0.640999999449)
  );
#4563 = CARTESIAN_POINT('',(6.613390256217,3.99193239636,0.711500001446)
  );
#4564 = CARTESIAN_POINT('',(5.119465523475,5.975199108129,0.781999997572
    ));
#4565 = CARTESIAN_POINT('',(2.986716388945,7.333606521568,0.852500003277
    ));
#4566 = CARTESIAN_POINT('',(0.511759178839,7.851753573486,0.922999996914
    ));
#4567 = CARTESIAN_POINT('',(-1.942697824134,7.476521924965,
    0.993500002249));
#4568 = CARTESIAN_POINT('',(-4.044922929559,6.317635952308,
    1.063999998944));
#4569 = CARTESIAN_POINT('',(-5.559795558165,4.599448096519,
    1.134500000401));
#4570 = CARTESIAN_POINT('',(-7.191237507445,0.593592916804,
    1.275499999567));
#4571 = CARTESIAN_POINT('',(-7.307806689162,-1.694074063889,
    1.346000002188));
#4572 = CARTESIAN_POINT('',(-6.613390255142,-3.991932395447,
    1.416499994987));
#4573 = CARTESIAN_POINT('',(-5.119465524559,-5.975199108189,
    1.487000008064));
#4574 = CARTESIAN_POINT('',(-2.986716388556,-7.333606523226,
    1.557499990862));
#4575 = CARTESIAN_POINT('',(-0.511759178348,-7.851753570569,
    1.628000007826));
#4576 = CARTESIAN_POINT('',(1.942697823269,-7.476521927705,
    1.698499995111));
#4577 = CARTESIAN_POINT('',(4.044922930211,-6.317635950709,
    1.769000002375));
#4578 = CARTESIAN_POINT('',(5.559795557883,-4.599448097087,
    1.839499999231));
#4579 = CARTESIAN_POINT('',(6.37551653287,-2.596520506561,1.91000000024)
  );
#4580 = CARTESIAN_POINT('',(6.602928097289,-1.974089160782,0.5));
#4581 = CARTESIAN_POINT('',(7.223106497737,0.100281879356,0.570500000196
    ));
#4582 = CARTESIAN_POINT('',(7.119194720319,2.391135253311,0.640999999534
    ));
#4583 = CARTESIAN_POINT('',(6.206162696198,4.614127987721,0.711500001204
    ));
#4584 = CARTESIAN_POINT('',(4.526691352236,6.446720887703,0.781999998008
    ));
#4585 = CARTESIAN_POINT('',(2.270748270292,7.595192688578,0.852500002659
    ));
#4586 = CARTESIAN_POINT('',(-0.245369629968,7.873432450629,
    0.922999997518));
#4587 = CARTESIAN_POINT('',(-2.655116871839,7.263400504472,
    0.993500001807));
#4588 = CARTESIAN_POINT('',(-4.638481225013,5.906348549941,
    1.063999999149));
#4589 = CARTESIAN_POINT('',(-5.982749696964,4.048460200653,
    1.134500000331));
#4590 = CARTESIAN_POINT('',(-7.2231064976,-0.100281879093,1.275499999635
    ));
#4591 = CARTESIAN_POINT('',(-7.119194720837,-2.391135254083,
    1.346000001851));
#4592 = CARTESIAN_POINT('',(-6.206162695221,-4.614127986725,
    1.416499995781));
#4593 = CARTESIAN_POINT('',(-4.526691353296,-6.446720887859,
    1.487000006727));
#4594 = CARTESIAN_POINT('',(-2.270748269764,-7.595192690175,
    1.557499992463));
#4595 = CARTESIAN_POINT('',(0.245369630194,-7.873432447712,
    1.628000006378));
#4596 = CARTESIAN_POINT('',(2.655116871231,-7.263400507248,
    1.698499996064));
#4597 = CARTESIAN_POINT('',(4.638481225514,-5.906348548308,1.7690000019)
  );
#4598 = CARTESIAN_POINT('',(5.982749696737,-4.048460201238,
    1.839499999387));
#4599 = CARTESIAN_POINT('',(6.602928097337,-1.974089160675,
    1.910000000197));
#4600 = CARTESIAN_POINT('',(6.713405121674,-1.322416382342,0.5));
#4601 = CARTESIAN_POINT('',(7.128854480805,0.786662038614,0.570500000159
    ));
#4602 = CARTESIAN_POINT('',(6.808098551239,3.040759067579,0.640999999624
    ));
#4603 = CARTESIAN_POINT('',(5.694170584842,5.150772380714,0.711500000951
    ));
#4604 = CARTESIAN_POINT('',(3.859952983605,6.802007973928,0.781999998464
    ));
#4605 = CARTESIAN_POINT('',(1.521144420415,7.722271807977,0.852500002017
    ));
#4606 = CARTESIAN_POINT('',(-0.991951833075,7.75774329821,0.922999998143
    ));
#4607 = CARTESIAN_POINT('',(-3.315371660569,6.925485218582,0.99350000135
    ));
#4608 = CARTESIAN_POINT('',(-5.146301185935,5.395554252954,
    1.063999999362));
#4609 = CARTESIAN_POINT('',(-6.29795576264,3.431494803026,1.134500000258
    ));
#4610 = CARTESIAN_POINT('',(-7.128854480694,-0.786662038345,
    1.275499999707));
#4611 = CARTESIAN_POINT('',(-6.808098551677,-3.040759068379,
    1.346000001494));
#4612 = CARTESIAN_POINT('',(-5.694170583974,-5.150772379654,
    1.41649999662));
#4613 = CARTESIAN_POINT('',(-3.859952984628,-6.802007974177,
    1.48700000532));
#4614 = CARTESIAN_POINT('',(-1.521144419756,-7.722271809489,
    1.557499994138));
#4615 = CARTESIAN_POINT('',(0.991951833037,-7.757743295342,1.62800000487
    ));
#4616 = CARTESIAN_POINT('',(3.315371660221,-6.925485221347,
    1.698499997052));
#4617 = CARTESIAN_POINT('',(5.146301186279,-5.395554251315,
    1.769000001408));
#4618 = CARTESIAN_POINT('',(6.297955762469,-3.431494803618,
    1.839499999548));
#4619 = CARTESIAN_POINT('',(6.713405121712,-1.322416382234,
    1.910000000151));
#4620 = CARTESIAN_POINT('',(6.775279288469,-0.668961516853,0.5));
#4621 = CARTESIAN_POINT('',(6.985439747124,1.459555246887,0.570500000122
    ));
#4622 = CARTESIAN_POINT('',(6.452609691571,3.661431466963,0.640999999714
    ));
#4623 = CARTESIAN_POINT('',(5.147962570179,5.644898496508,0.711500000697
    ));
#4624 = CARTESIAN_POINT('',(3.173719055102,7.1052351153,0.78199999892));
#4625 = CARTESIAN_POINT('',(0.769490677769,7.793444204906,0.852500001375
    ));
#4626 = CARTESIAN_POINT('',(-1.722903391902,7.588706252924,
    0.922999998768));
#4627 = CARTESIAN_POINT('',(-3.944616213148,6.542660054179,
    0.993500000893));
#4628 = CARTESIAN_POINT('',(-5.611967892803,4.852635221345,
    1.063999999575));
#4629 = CARTESIAN_POINT('',(-6.565118829883,2.797478280317,
    1.134500000185));
#4630 = CARTESIAN_POINT('',(-6.98543974704,-1.459555246614,
    1.275499999779));
#4631 = CARTESIAN_POINT('',(-6.452609691927,-3.661431467785,
    1.346000001134));
#4632 = CARTESIAN_POINT('',(-5.147962569426,-5.644898495392,
    1.416499997464));
#4633 = CARTESIAN_POINT('',(-3.17371905608,-7.105235115636,
    1.487000003909));
#4634 = CARTESIAN_POINT('',(-0.76949067699,-7.793444206324,
    1.557499995816));
#4635 = CARTESIAN_POINT('',(1.722903391608,-7.588706250124,
    1.628000003363));
#4636 = CARTESIAN_POINT('',(3.944616213055,-6.542660056915,
    1.698499998037));
#4637 = CARTESIAN_POINT('',(5.611967892993,-4.852635219711,
    1.769000000917));
#4638 = CARTESIAN_POINT('',(6.565118829769,-2.797478280911,
    1.839499999709));
#4639 = CARTESIAN_POINT('',(6.775279288496,-0.668961516743,
    1.910000000105));
#4640 = CARTESIAN_POINT('',(6.770006205713,-1.533351993709E-02,0.5));
#4641 = CARTESIAN_POINT('',(6.774823373051,2.111526655998,0.570500000085
    ));
#4642 = CARTESIAN_POINT('',(6.037228300559,4.240068152483,0.640999999805
    ));
#4643 = CARTESIAN_POINT('',(4.556542271275,6.07874762669,0.711500000442)
  );
#4644 = CARTESIAN_POINT('',(2.463033093088,7.335711750997,0.781999999375
    ));
#4645 = CARTESIAN_POINT('',(1.763778611968E-02,7.787378702021,
    0.852500000735));
#4646 = CARTESIAN_POINT('',(-2.429778397384,7.346793576602,
    0.922999999389));
#4647 = CARTESIAN_POINT('',(-4.528959915054,6.099325557868,
    0.993500000439));
#4648 = CARTESIAN_POINT('',(-6.017959631684,4.267372184881,
    1.063999999786));
#4649 = CARTESIAN_POINT('',(-6.765189038417,2.142193695597,
    1.134500000112));
#4650 = CARTESIAN_POINT('',(-6.774823372994,-2.111526655723,
    1.275499999852));
#4651 = CARTESIAN_POINT('',(-6.037228300832,-4.240068153318,
    1.346000000773));
#4652 = CARTESIAN_POINT('',(-4.556542270641,-6.078747625531,
    1.416499998311));
#4653 = CARTESIAN_POINT('',(-2.463033094013,-7.335711751415,
    1.487000002494));
#4654 = CARTESIAN_POINT('',(-1.76377852294E-02,-7.787378703335,
    1.557499997493));
#4655 = CARTESIAN_POINT('',(2.429778396843,-7.346793573894,1.62800000186
    ));
#4656 = CARTESIAN_POINT('',(4.528959915212,-6.099325560548,
    1.698499999018));
#4657 = CARTESIAN_POINT('',(6.01795963172,-4.267372183268,1.76900000043)
  );
#4658 = CARTESIAN_POINT('',(6.76518903836,-2.142193696187,1.839499999868
    ));
#4659 = CARTESIAN_POINT('',(6.770006205729,-1.533351982764E-02,
    1.910000000059));
#4660 = CARTESIAN_POINT('',(6.703241150991,0.630961358752,0.5));
#4661 = CARTESIAN_POINT('',(6.505018794047,2.736846674146,0.570500000048
    ));
#4662 = CARTESIAN_POINT('',(5.571705802438,4.773539340184,0.640999999896
    ));
#4663 = CARTESIAN_POINT('',(3.930455667715,6.452369426807,0.711500000189
    ));
#4664 = CARTESIAN_POINT('',(1.73807830519,7.496857891084,0.781999999824)
  );
#4665 = CARTESIAN_POINT('',(-0.725779992335,7.710580431946,
    0.852500000105));
#4666 = CARTESIAN_POINT('',(-3.106480817934,7.040850187856,0.923));
#4667 = CARTESIAN_POINT('',(-5.065446297746,5.605604942815,
    0.993499999992));
#4668 = CARTESIAN_POINT('',(-6.364595195713,3.650001558615,
    1.063999999994));
#4669 = CARTESIAN_POINT('',(-6.901463507951,1.474923956368,
    1.134500000039));
#4670 = CARTESIAN_POINT('',(-6.505018794017,-2.736846673872,
    1.275499999924));
#4671 = CARTESIAN_POINT('',(-5.571705802628,-4.773539341025,
    1.346000000413));
#4672 = CARTESIAN_POINT('',(-3.930455667202,-6.452369425616,
    1.416499999152));
#4673 = CARTESIAN_POINT('',(-1.738078306055,-7.496857891579,
    1.487000001092));
#4674 = CARTESIAN_POINT('',(0.725779993325,-7.710580433144,
    1.557499999151));
#4675 = CARTESIAN_POINT('',(3.106480817156,-7.040850185264,
    1.628000000378));
#4676 = CARTESIAN_POINT('',(5.065446298147,-5.605604945416,
    1.698499999983));
#4677 = CARTESIAN_POINT('',(6.364595195601,-3.650001557038,
    1.768999999951));
#4678 = CARTESIAN_POINT('',(6.901463507949,-1.47492395695,1.839500000025
    ));
#4679 = CARTESIAN_POINT('',(6.703241150997,0.630961358861,1.910000000014
    ));
#4680 = CARTESIAN_POINT('',(6.574982083717,1.264369119664,0.5));
#4681 = CARTESIAN_POINT('',(6.177768809945,3.329960660709,0.570500000011
    ));
#4682 = CARTESIAN_POINT('',(5.059530061084,5.256898810927,0.640999999985
    ));
#4683 = CARTESIAN_POINT('',(3.274696733743,6.762035264716,0.711499999942
    ));
#4684 = CARTESIAN_POINT('',(1.004876594589,7.586664332547,0.782000000264
    ));
#4685 = CARTESIAN_POINT('',(-1.454374022709,7.56304704744,0.85249999949)
  );
#4686 = CARTESIAN_POINT('',(-3.746987275601,6.672880864164,
    0.923000000595));
#4687 = CARTESIAN_POINT('',(-5.549078648467,5.065223170501,
    0.993499999557));
#4688 = CARTESIAN_POINT('',(-6.648383087392,3.005466997411,
    1.064000000197));
#4689 = CARTESIAN_POINT('',(-6.97219535748,0.801222421114,1.134499999968
    ));
#4690 = CARTESIAN_POINT('',(-6.177768809941,-3.329960660439,
    1.275499999995));
#4691 = CARTESIAN_POINT('',(-5.059530061191,-5.256898811766,
    1.346000000059));
#4692 = CARTESIAN_POINT('',(-3.274696733354,-6.762035263505,
    1.41649999998));
#4693 = CARTESIAN_POINT('',(-1.004876595387,-7.586664333112,
    1.486999999716));
#4694 = CARTESIAN_POINT('',(1.454374023788,-7.563047048515,
    1.557500000774));
#4695 = CARTESIAN_POINT('',(3.746987274599,-6.672880861708,1.62799999893
    ));
#4696 = CARTESIAN_POINT('',(5.549078649101,-5.065223173,1.698500000924)
  );
#4697 = CARTESIAN_POINT('',(6.648383087135,-3.005466995882,
    1.768999999485));
#4698 = CARTESIAN_POINT('',(6.972195357533,-0.801222421682,
    1.839500000177));
#4699 = CARTESIAN_POINT('',(6.574982083713,1.26436911977,1.90999999997)
  );
#4700 = CARTESIAN_POINT('',(6.387442902262,1.879037472684,0.5));
#4701 = CARTESIAN_POINT('',(5.797125870276,3.885711842261,0.570499999975
    ));
#4702 = CARTESIAN_POINT('',(4.506349296569,5.686327081592,0.641000000072
    ));
#4703 = CARTESIAN_POINT('',(2.596014650454,7.005809397859,0.711499999701
    ));
#4704 = CARTESIAN_POINT('',(0.27057407498,7.605416999962,0.78200000069)
  );
#4705 = CARTESIAN_POINT('',(-2.16141255351,7.347325143659,0.852499998896
    ));
#4706 = CARTESIAN_POINT('',(-4.345751682897,6.247401090821,0.92300000117
    ));
#4707 = CARTESIAN_POINT('',(-5.97607888805,4.484098404698,0.993499999137
    ));
#4708 = CARTESIAN_POINT('',(-6.867617322458,2.340370051011,
    1.064000000393));
#4709 = CARTESIAN_POINT('',(-6.977759934212,0.127636896632,
    1.134499999899));
#4710 = CARTESIAN_POINT('',(-5.797125870298,-3.885711841998,
    1.275500000065));
#4711 = CARTESIAN_POINT('',(-4.506349296594,-5.68632708242,
    1.345999999714));
#4712 = CARTESIAN_POINT('',(-2.596014650189,-7.005809396641,
    1.416500000786));
#4713 = CARTESIAN_POINT('',(-0.270574075705,-7.605417000589,
    1.486999998377));
#4714 = CARTESIAN_POINT('',(2.161412554663,-7.347325144605,
    1.557500002349));
#4715 = CARTESIAN_POINT('',(4.345751681689,-6.24740108852,1.62799999753)
  );
#4716 = CARTESIAN_POINT('',(5.976078888904,-4.484098407076,
    1.698500001831));
#4717 = CARTESIAN_POINT('',(6.867617322064,-2.340370049544,
    1.768999999035));
#4718 = CARTESIAN_POINT('',(6.977759934317,-0.127636897181,
    1.839500000324));
#4719 = CARTESIAN_POINT('',(6.387442902247,1.879037472788,1.909999999927
    ));
#4720 = CARTESIAN_POINT('',(6.142932708237,2.469480600255,0.5));
#4721 = CARTESIAN_POINT('',(5.367122497069,4.399339826909,0.570499999941
    ));
#4722 = CARTESIAN_POINT('',(3.917666230546,6.058390771469,0.641000000157
    ));
#4723 = CARTESIAN_POINT('',(1.900892870951,7.182087618034,0.711499999469
    ));
#4724 = CARTESIAN_POINT('',(-0.458046132495,7.553637482626,
    0.782000001098));
#4725 = CARTESIAN_POINT('',(-2.840585377992,7.06607082581,0.852499998327
    ));
#4726 = CARTESIAN_POINT('',(-4.897659750079,5.768897161196,
    0.923000001718));
#4727 = CARTESIAN_POINT('',(-6.343062430236,3.867988529044,
    0.993499998737));
#4728 = CARTESIAN_POINT('',(-7.020906941208,1.661045802665,1.06400000058
    ));
#4729 = CARTESIAN_POINT('',(-6.918742919346,-0.539621373852,
    1.134499999833));
#4730 = CARTESIAN_POINT('',(-5.367122497115,-4.399339826654,
    1.275500000132));
#4731 = CARTESIAN_POINT('',(-3.917666230491,-6.058390772279,
    1.34599999938));
#4732 = CARTESIAN_POINT('',(-1.900892870809,-7.18208761682,
    1.416500001565));
#4733 = CARTESIAN_POINT('',(0.458046131849,-7.553637483308,
    1.486999997089));
#4734 = CARTESIAN_POINT('',(2.840585379206,-7.06607082662,1.55750000386)
  );
#4735 = CARTESIAN_POINT('',(4.897659748682,-5.768897159071,1.62799999619
    ));
#4736 = CARTESIAN_POINT('',(6.343062431297,-3.867988531279,
    1.698500002698));
#4737 = CARTESIAN_POINT('',(7.020906940682,-1.661045801274,
    1.768999998607));
#4738 = CARTESIAN_POINT('',(6.918742919501,0.539621373327,1.839500000464
    ));
#4739 = CARTESIAN_POINT('',(6.142932708213,2.469480600355,1.909999999887
    ));
#4740 = CARTESIAN_POINT('',(5.84438475265,3.030465778679,0.5));
#4741 = CARTESIAN_POINT('',(4.892335849962,4.866533398937,0.570499999908
    ));
#4742 = CARTESIAN_POINT('',(3.299380265052,6.370274003549,0.641000000237
    ));
#4743 = CARTESIAN_POINT('',(1.196006023574,7.289996914433,0.711499999248
    ));
#4744 = CARTESIAN_POINT('',(-1.174249814085,7.432615642199,
    0.782000001485));
#4745 = CARTESIAN_POINT('',(-3.485873417318,6.722658143446,0.85249999779
    ));
#4746 = CARTESIAN_POINT('',(-5.398097179358,5.242440725307,
    0.923000002235));
#4747 = CARTESIAN_POINT('',(-6.647291136199,3.223042966851,
    0.993499998359));
#4748 = CARTESIAN_POINT('',(-7.107575711429,0.973996161149,
    1.064000000756));
#4749 = CARTESIAN_POINT('',(-6.796433655257,-1.19439815866,1.13449999977
    ));
#4750 = CARTESIAN_POINT('',(-4.892335850032,-4.866533398692,
    1.275500000196));
#4751 = CARTESIAN_POINT('',(-3.299380264919,-6.370274004335,
    1.34599999906));
#4752 = CARTESIAN_POINT('',(-1.196006023554,-7.289996913235,
    1.416500002308));
#4753 = CARTESIAN_POINT('',(1.174249813522,-7.43261564293,1.486999995862
    ));
#4754 = CARTESIAN_POINT('',(3.48587341858,-6.722658144114,1.557500005295
    ));
#4755 = CARTESIAN_POINT('',(5.398097177789,-5.242440723375,
    1.627999994921));
#4756 = CARTESIAN_POINT('',(6.647291137449,-3.223042968925,
    1.698500003516));
#4757 = CARTESIAN_POINT('',(7.107575710782,-0.973996159845,
    1.768999998203));
#4758 = CARTESIAN_POINT('',(6.796433655459,1.194398158163,1.839500000596
    ));
#4759 = CARTESIAN_POINT('',(5.844384752617,3.030465778773,1.909999999848
    ));
#4760 = CARTESIAN_POINT('',(5.495175479753,3.557102781826,0.5));
#4761 = CARTESIAN_POINT('',(4.377678683055,5.283463073461,0.570499999876
    ));
#4762 = CARTESIAN_POINT('',(2.657570196362,6.619744305951,0.641000000313
    ));
#4763 = CARTESIAN_POINT('',(0.488018077349,7.329292710103,0.711499999041
    ));
#4764 = CARTESIAN_POINT('',(-1.871514001144,7.244245694531,
    0.782000001847));
#4765 = CARTESIAN_POINT('',(-4.09165155954,6.320970940872,0.852499997288
    ));
#4766 = CARTESIAN_POINT('',(-5.842981222188,4.673460257891,
    0.923000002717));
#4767 = CARTESIAN_POINT('',(-6.886632301832,2.55557993577,0.993499998007
    ));
#4768 = CARTESIAN_POINT('',(-7.127557190271,0.285696563144,
    1.064000000921));
#4769 = CARTESIAN_POINT('',(-6.612672276348,-1.830742490417,
    1.134499999711));
#4770 = CARTESIAN_POINT('',(-4.377678683147,-5.283463073229,
    1.275500000256));
#4771 = CARTESIAN_POINT('',(-2.657570196155,-6.619744306703,
    1.345999998759));
#4772 = CARTESIAN_POINT('',(-0.488018077449,-7.329292708933,
    1.416500003009));
#4773 = CARTESIAN_POINT('',(1.871514000668,-7.2442456953,1.486999994708)
  );
#4774 = CARTESIAN_POINT('',(4.091651560835,-6.320970941397,1.55750000664
    ));
#4775 = CARTESIAN_POINT('',(5.842981220469,-4.673460256164,
    1.627999993735));
#4776 = CARTESIAN_POINT('',(6.886632303255,-2.555579937667,
    1.698500004278));
#4777 = CARTESIAN_POINT('',(7.127557189511,-0.285696561937,
    1.768999997827));
#4778 = CARTESIAN_POINT('',(6.612672276594,1.830742489953,1.839500000718
    ));
#4779 = CARTESIAN_POINT('',(5.495175479711,3.557102781915,1.909999999812
    ));
#4780 = CARTESIAN_POINT('',(5.099126849618,4.044874947516,0.5));
#4781 = CARTESIAN_POINT('',(3.828391907694,5.646812892468,0.570499999847
    ));
#4782 = CARTESIAN_POINT('',(1.99847676329,6.805181730814,0.641000000384)
  );
#4783 = CARTESIAN_POINT('',(-0.216444041064,7.300381796796,
    0.711499998848));
#4784 = CARTESIAN_POINT('',(-2.543559818578,6.991039954346,
    0.782000002182));
#4785 = CARTESIAN_POINT('',(-4.652724394518,5.865405528752,
    0.852499996826));
#4786 = CARTESIAN_POINT('',(-6.228795206286,4.06773235083,0.92300000316)
  );
#4787 = CARTESIAN_POINT('',(-7.059588157756,1.872067690846,
    0.993499997683));
#4788 = CARTESIAN_POINT('',(-7.081416311699,-0.39743022702,
    1.064000001072));
#4789 = CARTESIAN_POINT('',(-6.36986179142,-2.442937002772,
    1.134499999657));
#4790 = CARTESIAN_POINT('',(-3.828391907807,-5.646812892252,
    1.275500000312));
#4791 = CARTESIAN_POINT('',(-1.998476763012,-6.805181731527,
    1.345999998477));
#4792 = CARTESIAN_POINT('',(0.216444040849,-7.300381795665,
    1.416500003662));
#4793 = CARTESIAN_POINT('',(2.543559818192,-6.991039955143,
    1.486999993636));
#4794 = CARTESIAN_POINT('',(4.652724395833,-5.865405529134,
    1.557500007885));
#4795 = CARTESIAN_POINT('',(6.228795204437,-4.06773234932,1.627999992642
    ));
#4796 = CARTESIAN_POINT('',(7.059588159334,-1.872067692552,
    1.698500004978));
#4797 = CARTESIAN_POINT('',(7.081416310837,0.397430228121,1.768999997483
    ));
#4798 = CARTESIAN_POINT('',(6.369861791706,2.442937002345,1.839500000831
    ));
#4799 = CARTESIAN_POINT('',(5.099126849569,4.044874947598,1.909999999778
    ));
#4800 = CARTESIAN_POINT('',(4.660455134954,4.4896805655,0.5));
#4801 = CARTESIAN_POINT('',(3.249980386865,5.953805726848,0.57049999982)
  );
#4802 = CARTESIAN_POINT('',(1.328431054202,6.925583531689,0.64100000045)
  );
#4803 = CARTESIAN_POINT('',(-0.91086203022,7.204304053926,0.711499998672
    ));
#4804 = CARTESIAN_POINT('',(-3.184415867865,6.676088267514,
    0.782000002486));
#4805 = CARTESIAN_POINT('',(-5.164373821551,5.360811786287,
    0.852499996408));
#4806 = CARTESIAN_POINT('',(-6.552614913135,3.431311233545,
    0.923000003559));
#4807 = CARTESIAN_POINT('',(-7.16529873632,1.179050699863,0.993499997392
    ));
#4808 = CARTESIAN_POINT('',(-6.970329803193,-1.069083138579,
    1.064000001208));
#4809 = CARTESIAN_POINT('',(-6.070929882903,-3.025555404343,
    1.134499999607));
#4810 = CARTESIAN_POINT('',(-3.249980386997,-5.953805726649,
    1.275500000364));
#4811 = CARTESIAN_POINT('',(-1.328431053859,-6.925583532355,
    1.345999998217));
#4812 = CARTESIAN_POINT('',(0.910862029896,-7.204304052845,
    1.416500004263));
#4813 = CARTESIAN_POINT('',(3.184415867568,-6.676088268331,
    1.486999992655));
#4814 = CARTESIAN_POINT('',(5.164373822875,-5.360811786524,1.55750000902
    ));
#4815 = CARTESIAN_POINT('',(6.552614911176,-3.431311232262,1.62799999165
    ));
#4816 = CARTESIAN_POINT('',(7.165298738034,-1.179050701364,1.69850000561
    ));
#4817 = CARTESIAN_POINT('',(6.970329802239,1.069083139564,1.768999997172
    ));
#4818 = CARTESIAN_POINT('',(6.070929883226,3.025555403956,1.839500000932
    ));
#4819 = CARTESIAN_POINT('',(4.660455134898,4.489680565576,1.909999999748
    ));
#4820 = CARTESIAN_POINT('',(4.183729495113,4.887866843341,0.5));
#4821 = CARTESIAN_POINT('',(2.648160838509,6.202224227908,0.570499999795
    ));
#4822 = CARTESIAN_POINT('',(0.6537962825,6.98056837593,0.641000000509));
#4823 = CARTESIAN_POINT('',(-1.58888456057,7.042717980955,0.711499998514
    ));
#4824 = CARTESIAN_POINT('',(-3.788470028609,6.303025363475,
    0.782000002757));
#4825 = CARTESIAN_POINT('',(-5.622398119524,4.812445509874,
    0.852499996037));
#4826 = CARTESIAN_POINT('',(-6.812130440195,2.770471577638,
    0.923000003913));
#4827 = CARTESIAN_POINT('',(-7.203544623667,0.483089592748,
    0.993499997134));
#4828 = CARTESIAN_POINT('',(-6.796070643993,-1.723139064152,
    1.064000001329));
#4829 = CARTESIAN_POINT('',(-5.71929815156,-3.573509458946,
    1.134499999563));
#4830 = CARTESIAN_POINT('',(-2.648160838658,-6.202224227727,
    1.275500000411));
#4831 = CARTESIAN_POINT('',(-0.653796282096,-6.980568376545,
    1.345999997982));
#4832 = CARTESIAN_POINT('',(1.588884560142,-7.042717979934,
    1.416500004804));
#4833 = CARTESIAN_POINT('',(3.788470028404,-6.303025364304,
    1.486999991773));
#4834 = CARTESIAN_POINT('',(5.62239812084,-4.812445509966,1.557500010033
    ));
#4835 = CARTESIAN_POINT('',(6.81213043815,-2.770471576591,1.627999990768
    ));
#4836 = CARTESIAN_POINT('',(7.203544625495,-0.483089594034,
    1.698500006169));
#4837 = CARTESIAN_POINT('',(6.79607064296,1.723139065013,1.768999996898)
  );
#4838 = CARTESIAN_POINT('',(5.719298151915,3.573509458602,1.839500001021
    ));
#4839 = CARTESIAN_POINT('',(4.18372949505,4.887866843409,1.909999999721)
  );
#4840 = CARTESIAN_POINT('',(3.673824631401,5.236257381006,0.5));
#4841 = CARTESIAN_POINT('',(2.028805859432,6.390423428195,0.570499999773
    ));
#4842 = CARTESIAN_POINT('',(-1.909162895975E-02,6.970371058832,
    0.641000000561));
#4843 = CARTESIAN_POINT('',(-2.244383754316,6.817876550696,
    0.711499998374));
#4844 = CARTESIAN_POINT('',(-4.350516359868,5.875989443849,
    0.782000002993));
#4845 = CARTESIAN_POINT('',(-6.023143550285,4.225913953626,
    0.852499995716));
#4846 = CARTESIAN_POINT('',(-7.005658885326,2.091647229092,
    0.923000004217));
#4847 = CARTESIAN_POINT('',(-7.174739901938,-0.209299856654,
    0.993499996912));
#4848 = CARTESIAN_POINT('',(-6.560983175126,-2.353707068972,
    1.064000001433));
#4849 = CARTESIAN_POINT('',(-5.318843403198,-4.082091333968,
    1.134499999524));
#4850 = CARTESIAN_POINT('',(-2.028805859598,-6.390423428035,
    1.275500000452));
#4851 = CARTESIAN_POINT('',(1.909162941911E-02,-6.97037105939,
    1.345999997774));
#4852 = CARTESIAN_POINT('',(2.244383753789,-6.817876549743,
    1.416500005283));
#4853 = CARTESIAN_POINT('',(4.350516359757,-5.875989444682,
    1.486999990998));
#4854 = CARTESIAN_POINT('',(6.023143551576,-4.225913953575,
    1.557500010918));
#4855 = CARTESIAN_POINT('',(7.005658883222,-2.091647228287,
    1.627999990004));
#4856 = CARTESIAN_POINT('',(7.174739903856,0.209299855592,1.69850000665)
  );
#4857 = CARTESIAN_POINT('',(6.560983174028,2.353707069704,1.768999996663
    ));
#4858 = CARTESIAN_POINT('',(5.318843403581,4.082091333669,1.839500001097
    ));
#4859 = CARTESIAN_POINT('',(3.673824631333,5.236257381066,1.909999999697
    ));
#4860 = CARTESIAN_POINT('',(3.135870239727,5.532185236152,0.5));
#4861 = CARTESIAN_POINT('',(1.397882990193,6.517347926866,0.570499999754
    ));
#4862 = CARTESIAN_POINT('',(-0.683989827622,6.895840183067,
    0.641000000607));
#4863 = CARTESIAN_POINT('',(-2.871518842626,6.532603933506,
    0.711499998256));
#4864 = CARTESIAN_POINT('',(-4.865809221219,5.399579318408,
    0.782000003192));
#4865 = CARTESIAN_POINT('',(-6.36354239286,3.607117685939,0.852499995448
    ));
#4866 = CARTESIAN_POINT('',(-7.132161936332,1.401364447337,
    0.923000004469));
#4867 = CARTESIAN_POINT('',(-7.079927970791,-0.891714380751,
    0.993499996728));
#4868 = CARTESIAN_POINT('',(-6.267958870705,-2.955189589998,
    1.06400000152));
#4869 = CARTESIAN_POINT('',(-4.873857489078,-4.547022545566,
    1.134499999491));
#4870 = CARTESIAN_POINT('',(-1.397882990371,-6.517347926727,
    1.275500000488));
#4871 = CARTESIAN_POINT('',(0.68398982813,-6.895840183564,1.345999997594
    ));
#4872 = CARTESIAN_POINT('',(2.871518842011,-6.53260393263,1.416500005696
    ));
#4873 = CARTESIAN_POINT('',(4.865809221198,-5.399579319236,
    1.486999990335));
#4874 = CARTESIAN_POINT('',(6.363542394118,-3.607117685748,
    1.557500011669));
#4875 = CARTESIAN_POINT('',(7.132161934188,-1.401364446778,
    1.627999989362));
#4876 = CARTESIAN_POINT('',(7.079927972781,0.89171437992,1.698500007051)
  );
#4877 = CARTESIAN_POINT('',(6.267958869553,2.955189590594,1.768999996469
    ));
#4878 = CARTESIAN_POINT('',(4.873857489484,4.547022545316,1.83950000116)
  );
#4879 = CARTESIAN_POINT('',(3.135870239654,5.532185236202,1.909999999678
    ));
#4880 = CARTESIAN_POINT('',(2.575204757298,5.773481366597,0.5));
#4881 = CARTESIAN_POINT('',(0.761412092693,6.582505801249,0.570499999738
    ));
#4882 = CARTESIAN_POINT('',(-1.3347824505,6.758398806779,0.641000000645)
  );
#4883 = CARTESIAN_POINT('',(-3.464756807139,6.190246141201,
    0.711499998158));
#4884 = CARTESIAN_POINT('',(-5.330067454083,4.878800072536,
    0.782000003353));
#4885 = CARTESIAN_POINT('',(-6.641099649112,2.962197385408,
    0.852499995233));
#4886 = CARTESIAN_POINT('',(-7.191216624139,0.706195925553,
    0.923000004669));
#4887 = CARTESIAN_POINT('',(-6.920740115919,-1.557897063827,
    0.993499996583));
#4888 = CARTESIAN_POINT('',(-5.920387895038,-3.522301207616,
    1.064000001588));
#4889 = CARTESIAN_POINT('',(-4.388997421709,-4.96445693205,
    1.134499999464));
#4890 = CARTESIAN_POINT('',(-0.761412092883,-6.582505801133,
    1.275500000517));
#4891 = CARTESIAN_POINT('',(1.334782451051,-6.75839880721,1.345999997443
    ));
#4892 = CARTESIAN_POINT('',(3.464756806442,-6.19024614041,1.416500006039
    ));
#4893 = CARTESIAN_POINT('',(5.330067454152,-4.87880007335,1.486999989789
    ));
#4894 = CARTESIAN_POINT('',(6.641099650323,-2.962197385083,
    1.557500012278));
#4895 = CARTESIAN_POINT('',(7.191216621981,-0.706195925241,
    1.627999988848));
#4896 = CARTESIAN_POINT('',(6.920740117955,1.557897063231,1.698500007367
    ));
#4897 = CARTESIAN_POINT('',(5.920387893847,3.522301208074,1.768999996316
    ));
#4898 = CARTESIAN_POINT('',(4.388997422134,4.964456931849,1.839500001209
    ));
#4899 = CARTESIAN_POINT('',(2.575204757221,5.773481366638,1.909999999662
    ));
#4900 = CARTESIAN_POINT('',(1.997303955103,5.958604579063,0.5));
#4901 = CARTESIAN_POINT('',(0.125353118073,6.586076122258,0.570499999725
    ));
#4902 = CARTESIAN_POINT('',(-1.965625850202,6.560115275217,
    0.641000000675));
#4903 = CARTESIAN_POINT('',(-4.019037172888,5.794693999237,
    0.711499998082));
#4904 = CARTESIAN_POINT('',(-5.739641099195,4.319032592626,
    0.782000003475));
#4905 = CARTESIAN_POINT('',(-6.85404252071,2.297451702446,0.852499995075
    ));
#4906 = CARTESIAN_POINT('',(-7.183130432711,1.263639965654E-02,
    0.923000004814));
#4907 = CARTESIAN_POINT('',(-6.699464471468,-2.201888764021,
    0.993499996477));
#4908 = CARTESIAN_POINT('',(-5.52217717501,-4.05022921061,1.064000001638
    ));
#4909 = CARTESIAN_POINT('',(-3.869254791932,-5.331133035949,
    1.134499999443));
#4910 = CARTESIAN_POINT('',(-0.125353118272,-6.586076122165,
    1.275500000541));
#4911 = CARTESIAN_POINT('',(1.965625850789,-6.560115275579,
    1.345999997323));
#4912 = CARTESIAN_POINT('',(4.019037172117,-5.794693998539,1.41650000631
    ));
#4913 = CARTESIAN_POINT('',(5.739641099354,-4.319032593415,
    1.486999989364));
#4914 = CARTESIAN_POINT('',(6.854042521859,-2.297451701994,
    1.557500012744));
#4915 = CARTESIAN_POINT('',(7.183130430565,-1.263639958838E-02,
    1.627999988464));
#4916 = CARTESIAN_POINT('',(6.699464473528,2.201888763662,1.698500007598
    ));
#4917 = CARTESIAN_POINT('',(5.522177173793,4.050229210928,1.768999996206
    ));
#4918 = CARTESIAN_POINT('',(3.86925479237,5.331133035799,1.839500001244)
  );
#4919 = CARTESIAN_POINT('',(1.997303955023,5.958604579095,1.90999999965)
  );
#4920 = CARTESIAN_POINT('',(1.407796794117,6.086223542446,0.5));
#4921 = CARTESIAN_POINT('',(-0.504246722694,6.528495949033,
    0.570499999716));
#4922 = CARTESIAN_POINT('',(-2.570671848756,6.303341034011,
    0.641000000697));
#4923 = CARTESIAN_POINT('',(-4.52938542561,5.350116934151,0.711499998029
    ));
#4924 = CARTESIAN_POINT('',(-6.091052410783,3.725899716754,
    0.782000003556));
#4925 = CARTESIAN_POINT('',(-7.000839608835,1.619355498299,
    0.852499994973));
#4926 = CARTESIAN_POINT('',(-7.108493772803,-0.672729114113,
    0.923000004904));
#4927 = CARTESIAN_POINT('',(-6.41868071673,-2.817733378201,
    0.993499996412));
#4928 = CARTESIAN_POINT('',(-5.077501888659,-4.534251483935,
    1.064000001669));
#4929 = CARTESIAN_POINT('',(-3.31984031072,-5.643951135917,
    1.134499999429));
#4930 = CARTESIAN_POINT('',(0.504246722488,-6.528495948963,
    1.275500000558));
#4931 = CARTESIAN_POINT('',(2.570671849372,-6.303341034301,
    1.345999997234));
#4932 = CARTESIAN_POINT('',(4.529385424776,-5.350116933551,
    1.416500006507));
#4933 = CARTESIAN_POINT('',(6.091052411026,-3.725899717513,
    1.486999989063));
#4934 = CARTESIAN_POINT('',(7.000839609912,-1.619355497726,
    1.557500013062));
#4935 = CARTESIAN_POINT('',(7.10849377069,0.67272911394,1.627999988213)
  );
#4936 = CARTESIAN_POINT('',(6.41868071879,2.817733378079,1.698500007742)
  );
#4937 = CARTESIAN_POINT('',(5.07750188743,4.534251484111,1.76899999614)
  );
#4938 = CARTESIAN_POINT('',(3.319840311166,5.643951135818,1.839500001265
    ));
#4939 = CARTESIAN_POINT('',(1.407796794034,6.086223542468,1.909999999642
    ));
#4940 = CARTESIAN_POINT('',(0.812154850354,6.156800912218,0.5));
#4941 = CARTESIAN_POINT('',(-1.122061201093,6.411946883348,
    0.570499999709));
#4942 = CARTESIAN_POINT('',(-3.145339588962,5.991925895376,
    0.641000000711));
#4943 = CARTESIAN_POINT('',(-4.992546194312,4.861746603662,
    0.711499997998));
#4944 = CARTESIAN_POINT('',(-6.38282587701,3.105501892064,0.782000003597
    ));
#4945 = CARTESIAN_POINT('',(-7.082023095184,0.934202597999,
    0.852499994927));
#4946 = CARTESIAN_POINT('',(-6.969785544021,-1.344134538471,
    0.92300000494));
#4947 = CARTESIAN_POINT('',(-6.082476460074,-3.400820142805,
    0.993499996387));
#4948 = CARTESIAN_POINT('',(-4.591524283174,-4.971342054897,
    1.064000001682));
#4949 = CARTESIAN_POINT('',(-2.746370901592,-5.901654941124,
    1.134499999422));
#4950 = CARTESIAN_POINT('',(1.122061200884,-6.411946883302,
    1.275500000569));
#4951 = CARTESIAN_POINT('',(3.1453395896,-5.991925895592,1.345999997177)
  );
#4952 = CARTESIAN_POINT('',(4.992546193425,-4.861746603164,
    1.416500006631));
#4953 = CARTESIAN_POINT('',(6.382825877335,-3.105501892783,
    1.486999988885));
#4954 = CARTESIAN_POINT('',(7.082023096176,-0.934202597313,
    1.557500013233));
#4955 = CARTESIAN_POINT('',(6.969785541965,1.344134538062,1.627999988093
    ));
#4956 = CARTESIAN_POINT('',(6.082476462112,3.400820142917,1.6985000078)
  );
#4957 = CARTESIAN_POINT('',(4.591524281946,4.971342054932,1.768999996116
    ));
#4958 = CARTESIAN_POINT('',(2.746370902041,5.901654941077,1.839500001272
    ));
#4959 = CARTESIAN_POINT('',(0.812154850271,6.156800912232,1.909999999638
    ));
#4960 = CARTESIAN_POINT('',(0.216588043641,6.166747089307,0.5));
#4961 = CARTESIAN_POINT('',(-1.720752691494,6.234790229979,
    0.570499999706));
#4962 = CARTESIAN_POINT('',(-3.681844731539,5.626575710286,
    0.641000000717));
#4963 = CARTESIAN_POINT('',(-5.401124017504,4.332759633209,0.71149999799
    ));
#4964 = CARTESIAN_POINT('',(-6.608824998732,2.463275889737,
    0.782000003597));
#4965 = CARTESIAN_POINT('',(-7.093463948477,0.249136126075,
    0.852499994941));
#4966 = CARTESIAN_POINT('',(-6.765357273691,-1.993548831112,
    0.923000004918));
#4967 = CARTESIAN_POINT('',(-5.691790093545,-3.94315510886,
    0.993499996403));
#4968 = CARTESIAN_POINT('',(-4.067517874797,-5.354403159408,
    1.064000001675));
#4969 = CARTESIAN_POINT('',(-2.153928778565,-6.098703948646,
    1.134499999421));
#4970 = CARTESIAN_POINT('',(1.720752691283,-6.234790229957,
    1.275500000573));
#4971 = CARTESIAN_POINT('',(3.681844732192,-5.626575710426,
    1.345999997153));
#4972 = CARTESIAN_POINT('',(5.401124016576,-4.33275963282,1.416500006676
    ));
#4973 = CARTESIAN_POINT('',(6.608824999131,-2.46327589041,1.486999988839
    ));
#4974 = CARTESIAN_POINT('',(7.093463949378,-0.249136125287,
    1.557500013248));
#4975 = CARTESIAN_POINT('',(6.765357271712,1.993548830476,1.627999988114
    ));
#4976 = CARTESIAN_POINT('',(5.691790095539,3.943155109201,1.698500007766
    ));
#4977 = CARTESIAN_POINT('',(4.067517873585,5.354403159303,1.768999996138
    ));
#4978 = CARTESIAN_POINT('',(2.153928779012,6.098703948652,1.839500001265
    ));
#4979 = CARTESIAN_POINT('',(0.216588043557,6.166747089311,1.909999999638
    ));
#4980 = CARTESIAN_POINT('',(-0.250902584786,6.137758917268,0.5));
#4981 = CARTESIAN_POINT('',(-2.179136417089,6.058935545559,
    0.570499999706));
#4982 = CARTESIAN_POINT('',(-4.079855610288,5.307033426306,
    0.641000000717));
#4983 = CARTESIAN_POINT('',(-5.688743181191,3.892840746429,
    0.711499997998));
#4984 = CARTESIAN_POINT('',(-6.746322991445,1.945863712376,0.78200000357
    ));
#4985 = CARTESIAN_POINT('',(-7.060119536882,-0.288607334213,
    0.852499994988));
#4986 = CARTESIAN_POINT('',(-6.564990950031,-2.490010708495,
    0.923000004865));
#4987 = CARTESIAN_POINT('',(-5.352026209492,-4.344171209893,
    0.993499996442));
#4988 = CARTESIAN_POINT('',(-3.633079386283,-5.622326899647,
    1.064000001657));
#4989 = CARTESIAN_POINT('',(-1.677331247307,-6.216582288968,
    1.134499999424));
#4990 = CARTESIAN_POINT('',(2.179136416878,-6.058935545557,
    1.275500000572));
#4991 = CARTESIAN_POINT('',(4.079855610947,-5.307033426386,
    1.345999997155));
#4992 = CARTESIAN_POINT('',(5.688743180237,-3.892840746126,
    1.416500006663));
#4993 = CARTESIAN_POINT('',(6.746322991901,-1.945863713008,
    1.486999988882));
#4994 = CARTESIAN_POINT('',(7.060119537703,0.288607335077,1.557500013165
    ));
#4995 = CARTESIAN_POINT('',(6.564990948128,2.490010707684,1.627999988214
    ));
#4996 = CARTESIAN_POINT('',(5.352026211437,4.344171210412,1.698500007684
    ));
#4997 = CARTESIAN_POINT('',(3.633079385091,5.622326899433,1.768999996182
    ));
#4998 = CARTESIAN_POINT('',(1.67733124775,6.216582289013,1.839500001249)
  );
#4999 = CARTESIAN_POINT('',(-0.250902584869,6.137758917264,
    1.909999999641));
#5000 = CARTESIAN_POINT('',(-0.515655114188,6.091319446645,0.5));
#5001 = CARTESIAN_POINT('',(-2.429299556518,5.929321614802,
    0.570499999708));
#5002 = CARTESIAN_POINT('',(-4.286396076198,5.099337686578,
    0.641000000713));
#5003 = CARTESIAN_POINT('',(-5.824626838968,3.623557271626,
    0.711499998015));
#5004 = CARTESIAN_POINT('',(-6.791635833445,1.641990283487,
    0.782000003534));
#5005 = CARTESIAN_POINT('',(-7.006701307505,-0.593145933757,
    0.852499995043));
#5006 = CARTESIAN_POINT('',(-6.418962133147,-2.76032145393,
    0.923000004807));
#5007 = CARTESIAN_POINT('',(-5.132605955938,-4.551131859676,
    0.993499996485));
#5008 = CARTESIAN_POINT('',(-3.368181362987,-5.747328986126,
    1.064000001638));
#5009 = CARTESIAN_POINT('',(-1.397989327934,-6.253317278468,
    1.13449999943));
#5010 = CARTESIAN_POINT('',(2.429299556308,-5.929321614811,
    1.275500000568));
#5011 = CARTESIAN_POINT('',(4.286396076857,-5.099337686624,
    1.345999997172));
#5012 = CARTESIAN_POINT('',(5.824626838003,-3.623557271374,
    1.416500006617));
#5013 = CARTESIAN_POINT('',(6.791635833933,-1.641990284092,
    1.486999988972));
#5014 = CARTESIAN_POINT('',(7.006701308275,0.593145934659,1.557500013041
    ));
#5015 = CARTESIAN_POINT('',(6.418962131299,2.760321453025,1.62799998834)
  );
#5016 = CARTESIAN_POINT('',(5.132605957841,4.551131860292,1.698500007593
    ));
#5017 = CARTESIAN_POINT('',(3.368181361815,5.747328985852,1.76899999623)
  );
#5018 = CARTESIAN_POINT('',(1.397989328371,6.253317278537,1.839500001234
    ));
#5019 = CARTESIAN_POINT('',(-0.515655114271,6.091319446637,
    1.909999999645));
#5020 = CARTESIAN_POINT('',(-0.779360411691,6.050160775945,0.5));
#5021 = CARTESIAN_POINT('',(-2.680074476271,5.805317481572,
    0.570499999709));
#5022 = CARTESIAN_POINT('',(-4.49532217603,4.897001639012,0.641000000709
    ));
#5023 = CARTESIAN_POINT('',(-5.96455741624,3.358759168336,0.711499998029
    ));
#5024 = CARTESIAN_POINT('',(-6.842296636921,1.341160717869,
    0.782000003502));
#5025 = CARTESIAN_POINT('',(-6.95935745791,-0.896479927111,
    0.852499995094));
#5026 = CARTESIAN_POINT('',(-6.279038132032,-3.031404870045,
    0.923000004754));
#5027 = CARTESIAN_POINT('',(-4.918638030886,-4.760694091456,
    0.993499996524));
#5028 = CARTESIAN_POINT('',(-3.10753375438,-5.876374774407,1.06400000162
    ));
#5029 = CARTESIAN_POINT('',(-1.121353652682,-6.295004070287,
    1.134499999434));
#5030 = CARTESIAN_POINT('',(2.680074476062,-5.805317481592,
    1.275500000565));
#5031 = CARTESIAN_POINT('',(4.495322176689,-4.897001639024,
    1.345999997187));
#5032 = CARTESIAN_POINT('',(5.964557415266,-3.358759168134,
    1.416500006579));
#5033 = CARTESIAN_POINT('',(6.842296637436,-1.341160718448,1.48699998905
    ));
#5034 = CARTESIAN_POINT('',(6.959357458633,0.896479928051,1.557500012932
    ));
#5035 = CARTESIAN_POINT('',(6.279038130235,3.031404869046,1.627999988453
    ));
#5036 = CARTESIAN_POINT('',(4.918638032753,4.76069409217,1.69850000751)
  );
#5037 = CARTESIAN_POINT('',(3.107533753225,5.876374774072,1.768999996274
    ));
#5038 = CARTESIAN_POINT('',(1.121353653115,6.295004070378,1.839500001219
    ));
#5039 = CARTESIAN_POINT('',(-0.779360411773,6.050160775932,
    1.909999999648));
#5040 = DEFINITIONAL_REPRESENTATION('',(#5041),#5045);
#5041 = LINE('',#5042,#5043);
#5042 = CARTESIAN_POINT('',(0.,6.29306553711));
#5043 = VECTOR('',#5044,1.);
#5044 = DIRECTION('',(1.,0.));
#5045 = ( GEOMETRIC_REPRESENTATION_CONTEXT(2) 
PARAMETRIC_REPRESENTATION_CONTEXT() REPRESENTATION_CONTEXT('2D SPACE',''
  ) );
#5046 = ADVANCED_FACE('',(#5047),#3522,.T.);
#5047 = FACE_BOUND('',#5048,.F.);
#5048 = EDGE_LOOP('',(#5049,#5078,#5099,#5100));
#5049 = ORIENTED_EDGE('',*,*,#5050,.T.);
#5050 = EDGE_CURVE('',#5051,#5051,#5053,.T.);
#5051 = VERTEX_POINT('',#5052);
#5052 = CARTESIAN_POINT('',(6.06,0.,0.4999));
#5053 = SURFACE_CURVE('',#5054,(#5059,#5066),.PCURVE_S1.);
#5054 = CIRCLE('',#5055,6.06);
#5055 = AXIS2_PLACEMENT_3D('',#5056,#5057,#5058);
#5056 = CARTESIAN_POINT('',(0.,0.,0.4999));
#5057 = DIRECTION('',(0.,0.,1.));
#5058 = DIRECTION('',(1.,0.,0.));
#5059 = PCURVE('',#3522,#5060);
#5060 = DEFINITIONAL_REPRESENTATION('',(#5061),#5065);
#5061 = LINE('',#5062,#5063);
#5062 = CARTESIAN_POINT('',(0.,-0.));
#5063 = VECTOR('',#5064,1.);
#5064 = DIRECTION('',(1.,-0.));
#5065 = ( GEOMETRIC_REPRESENTATION_CONTEXT(2) 
PARAMETRIC_REPRESENTATION_CONTEXT() REPRESENTATION_CONTEXT('2D SPACE',''
  ) );
#5066 = PCURVE('',#5067,#5072);
#5067 = CYLINDRICAL_SURFACE('',#5068,6.06);
#5068 = AXIS2_PLACEMENT_3D('',#5069,#5070,#5071);
#5069 = CARTESIAN_POINT('',(0.,0.,0.));
#5070 = DIRECTION('',(-0.,-0.,-1.));
#5071 = DIRECTION('',(1.,0.,0.));
#5072 = DEFINITIONAL_REPRESENTATION('',(#5073),#5077);
#5073 = LINE('',#5074,#5075);
#5074 = CARTESIAN_POINT('',(-0.,-0.4999));
#5075 = VECTOR('',#5076,1.);
#5076 = DIRECTION('',(-1.,0.));
#5077 = ( GEOMETRIC_REPRESENTATION_CONTEXT(2) 
PARAMETRIC_REPRESENTATION_CONTEXT() REPRESENTATION_CONTEXT('2D SPACE',''
  ) );
#5078 = ORIENTED_EDGE('',*,*,#5079,.T.);
#5079 = EDGE_CURVE('',#5051,#3506,#5080,.T.);
#5080 = SEAM_CURVE('',#5081,(#5085,#5092),.PCURVE_S1.);
#5081 = LINE('',#5082,#5083);
#5082 = CARTESIAN_POINT('',(6.06,0.,0.4999));
#5083 = VECTOR('',#5084,1.);
#5084 = DIRECTION('',(-0.707106781187,-0.,-0.707106781187));
#5085 = PCURVE('',#3522,#5086);
#5086 = DEFINITIONAL_REPRESENTATION('',(#5087),#5091);
#5087 = LINE('',#5088,#5089);
#5088 = CARTESIAN_POINT('',(0.,-0.));
#5089 = VECTOR('',#5090,1.);
#5090 = DIRECTION('',(0.,-1.));
#5091 = ( GEOMETRIC_REPRESENTATION_CONTEXT(2) 
PARAMETRIC_REPRESENTATION_CONTEXT() REPRESENTATION_CONTEXT('2D SPACE',''
  ) );
#5092 = PCURVE('',#3522,#5093);
#5093 = DEFINITIONAL_REPRESENTATION('',(#5094),#5098);
#5094 = LINE('',#5095,#5096);
#5095 = CARTESIAN_POINT('',(6.28318530718,-0.));
#5096 = VECTOR('',#5097,1.);
#5097 = DIRECTION('',(0.,-1.));
#5098 = ( GEOMETRIC_REPRESENTATION_CONTEXT(2) 
PARAMETRIC_REPRESENTATION_CONTEXT() REPRESENTATION_CONTEXT('2D SPACE',''
  ) );
#5099 = ORIENTED_EDGE('',*,*,#3505,.F.);
#5100 = ORIENTED_EDGE('',*,*,#5079,.F.);
#5101 = ADVANCED_FACE('',(#5102),#3659,.T.);
#5102 = FACE_BOUND('',#5103,.T.);
#5103 = EDGE_LOOP('',(#5104,#5266,#5304,#5305,#5306,#5461));
#5104 = ORIENTED_EDGE('',*,*,#5105,.T.);
#5105 = EDGE_CURVE('',#5106,#5108,#5110,.T.);
#5106 = VERTEX_POINT('',#5107);
#5107 = CARTESIAN_POINT('',(-6.029132943288,0.61086492137,0.5));
#5108 = VERTEX_POINT('',#5109);
#5109 = CARTESIAN_POINT('',(-0.58628519086,6.080295625377,0.5));
#5110 = SURFACE_CURVE('',#5111,(#5181,#5188),.PCURVE_S1.);
#5111 = B_SPLINE_CURVE_WITH_KNOTS('',3,(#5112,#5113,#5114,#5115,#5116,
    #5117,#5118,#5119,#5120,#5121,#5122,#5123,#5124,#5125,#5126,#5127,
    #5128,#5129,#5130,#5131,#5132,#5133,#5134,#5135,#5136,#5137,#5138,
    #5139,#5140,#5141,#5142,#5143,#5144,#5145,#5146,#5147,#5148,#5149,
    #5150,#5151,#5152,#5153,#5154,#5155,#5156,#5157,#5158,#5159,#5160,
    #5161,#5162,#5163,#5164,#5165,#5166,#5167,#5168,#5169,#5170,#5171,
    #5172,#5173,#5174,#5175,#5176,#5177,#5178,#5179,#5180),
  .UNSPECIFIED.,.T.,.F.,(1,1,2,1,1,1,1,1,1,1,1,1,1,1,1,1,1,1,1,1,1,1,1,1
    ,1,1,1,1,1,1,1,1,1,1,1,1,1,1,1,1,1,1,1,1,1,1,1,1,1,1,1,1,1,1,1,1,1,1
    ,1,1,1,1,1,1,1,1,1,1,2,1,1),(-0.806026575103,-0.214473175889,0.,
    0.586286434173,1.169790793149,1.751355281267,2.331488559819,
    2.910562708888,3.488880006941,4.066703671393,4.644275166407,
    5.221825806552,5.79958609389,6.377794883986,6.956710383849,
    7.536626039736,8.117897857159,8.701001356912,9.286688188225,
    9.875955541234,10.468810074336,11.065242783825,11.665253753848,
    12.268843067054,12.876010804635,13.486757046351,14.101081870572,
    14.718985354304,15.340467573224,15.965528601709,16.594168512865,
    17.226387378557,17.862185269437,18.501562254969,19.144518403459,
    19.791053782076,20.441168456882,21.094862492853,21.752135953902,
    22.41200520612,23.072621290473,23.733237374826,24.393853459179,
    25.054469543532,25.715085627885,26.375701712238,27.036317796592,
    27.696779606114,28.356330915924,29.012302760525,29.664695203167,
    30.313508308148,30.958742140836,31.600396767692,32.238472256296,
    32.872968675372,33.503886094813,34.131224585709,34.754984220372,
    35.375165072369,35.991767216544,36.604790729055,37.2142356874,
    37.82010217045,38.422390258483,39.021100033216,39.616231577839,
    40.207784977053,40.422258152942,41.008544587115,41.592048946091),
  .UNSPECIFIED.);
#5112 = CARTESIAN_POINT('',(-0.515655114188,6.091319446645,0.5));
#5113 = CARTESIAN_POINT('',(-0.779360411691,6.050160775945,0.5));
#5114 = CARTESIAN_POINT('',(-1.16250235964,5.975059152946,0.5));
#5115 = CARTESIAN_POINT('',(-1.724945918017,5.816176979549,0.5));
#5116 = CARTESIAN_POINT('',(-2.269422399482,5.609116393552,0.5));
#5117 = CARTESIAN_POINT('',(-2.791859341888,5.354815885694,0.5));
#5118 = CARTESIAN_POINT('',(-3.288157512943,5.054706284034,0.5));
#5119 = CARTESIAN_POINT('',(-3.754342317478,4.710957476207,0.5));
#5120 = CARTESIAN_POINT('',(-4.186640358131,4.326202813989,0.5));
#5121 = CARTESIAN_POINT('',(-4.581537524286,3.903496675191,0.5));
#5122 = CARTESIAN_POINT('',(-4.935826629961,3.446244740136,0.5));
#5123 = CARTESIAN_POINT('',(-5.246651000628,2.958154592189,0.5));
#5124 = CARTESIAN_POINT('',(-5.511547705283,2.443183065425,0.5));
#5125 = CARTESIAN_POINT('',(-5.728496058583,1.905481531718,0.5));
#5126 = CARTESIAN_POINT('',(-5.895981367382,1.349323877048,0.5));
#5127 = CARTESIAN_POINT('',(-6.013101284684,0.779030000656,0.5));
#5128 = CARTESIAN_POINT('',(-6.079778635098,0.198737595374,0.5));
#5129 = CARTESIAN_POINT('',(-6.097351973291,-0.38757257734,0.5));
#5130 = CARTESIAN_POINT('',(-6.070810477872,-0.977005540783,0.5));
#5131 = CARTESIAN_POINT('',(-5.984650059391,-1.564586974149,0.5));
#5132 = CARTESIAN_POINT('',(-5.842074344146,-2.144642722056,0.5));
#5133 = CARTESIAN_POINT('',(-5.642908724367,-2.711636530751,0.5));
#5134 = CARTESIAN_POINT('',(-5.388582661243,-3.260057201835,0.5));
#5135 = CARTESIAN_POINT('',(-5.080777233315,-3.784515162812,0.5));
#5136 = CARTESIAN_POINT('',(-4.721779005071,-4.279782764675,0.5));
#5137 = CARTESIAN_POINT('',(-4.314365843343,-4.740849479491,0.5));
#5138 = CARTESIAN_POINT('',(-3.861812772767,-5.162971291221,0.5));
#5139 = CARTESIAN_POINT('',(-3.367859053837,-5.541719245264,0.5));
#5140 = CARTESIAN_POINT('',(-2.836679655061,-5.873025162965,0.5));
#5141 = CARTESIAN_POINT('',(-2.272849735353,-6.153224566776,0.5));
#5142 = CARTESIAN_POINT('',(-1.681305610263,-6.379095831271,0.5));
#5143 = CARTESIAN_POINT('',(-1.067301523383,-6.547896802557,0.5));
#5144 = CARTESIAN_POINT('',(-0.436363443842,-6.65739236395,0.5));
#5145 = CARTESIAN_POINT('',(0.205762080507,-6.705895680754,0.5));
#5146 = CARTESIAN_POINT('',(0.853154815942,-6.692235970125,0.5));
#5147 = CARTESIAN_POINT('',(1.499795881744,-6.615979370681,0.5));
#5148 = CARTESIAN_POINT('',(2.139546729452,-6.476672771476,0.5));
#5149 = CARTESIAN_POINT('',(2.766184253799,-6.276838339496,0.5));
#5150 = CARTESIAN_POINT('',(3.372162974185,-6.01139819996,0.5));
#5151 = CARTESIAN_POINT('',(3.92866966687,-5.652536390812,0.5));
#5152 = CARTESIAN_POINT('',(4.454316127541,-5.251411575654,0.5));
#5153 = CARTESIAN_POINT('',(4.937427881666,-4.799100870864,0.5));
#5154 = CARTESIAN_POINT('',(5.375375303821,-4.303209629531,0.5));
#5155 = CARTESIAN_POINT('',(5.76340181514,-3.767362072231,0.5));
#5156 = CARTESIAN_POINT('',(6.098945302489,-3.19689451885,0.5));
#5157 = CARTESIAN_POINT('',(6.375516532812,-2.596520506664,0.5));
#5158 = CARTESIAN_POINT('',(6.602928097289,-1.974089160782,0.5));
#5159 = CARTESIAN_POINT('',(6.713405121674,-1.322416382342,0.5));
#5160 = CARTESIAN_POINT('',(6.775279288469,-0.668961516853,0.5));
#5161 = CARTESIAN_POINT('',(6.770006205713,-1.533351993709E-02,0.5));
#5162 = CARTESIAN_POINT('',(6.703241150991,0.630961358752,0.5));
#5163 = CARTESIAN_POINT('',(6.574982083717,1.264369119664,0.5));
#5164 = CARTESIAN_POINT('',(6.387442902262,1.879037472684,0.5));
#5165 = CARTESIAN_POINT('',(6.142932708237,2.469480600255,0.5));
#5166 = CARTESIAN_POINT('',(5.84438475265,3.030465778679,0.5));
#5167 = CARTESIAN_POINT('',(5.495175479753,3.557102781826,0.5));
#5168 = CARTESIAN_POINT('',(5.099126849618,4.044874947516,0.5));
#5169 = CARTESIAN_POINT('',(4.660455134954,4.4896805655,0.5));
#5170 = CARTESIAN_POINT('',(4.183729495113,4.887866843341,0.5));
#5171 = CARTESIAN_POINT('',(3.673824631401,5.236257381006,0.5));
#5172 = CARTESIAN_POINT('',(3.135870239727,5.532185236152,0.5));
#5173 = CARTESIAN_POINT('',(2.575204757298,5.773481366597,0.5));
#5174 = CARTESIAN_POINT('',(1.997303955103,5.958604579063,0.5));
#5175 = CARTESIAN_POINT('',(1.407796794117,6.086223542446,0.5));
#5176 = CARTESIAN_POINT('',(0.812154850354,6.156800912218,0.5));
#5177 = CARTESIAN_POINT('',(0.216588043641,6.166747089307,0.5));
#5178 = CARTESIAN_POINT('',(-0.250902584786,6.137758917268,0.5));
#5179 = CARTESIAN_POINT('',(-0.515655114188,6.091319446645,0.5));
#5180 = CARTESIAN_POINT('',(-0.779360411691,6.050160775945,0.5));
#5181 = PCURVE('',#3659,#5182);
#5182 = DEFINITIONAL_REPRESENTATION('',(#5183),#5187);
#5183 = LINE('',#5184,#5185);
#5184 = CARTESIAN_POINT('',(0.,0.));
#5185 = VECTOR('',#5186,1.);
#5186 = DIRECTION('',(1.,0.));
#5187 = ( GEOMETRIC_REPRESENTATION_CONTEXT(2) 
PARAMETRIC_REPRESENTATION_CONTEXT() REPRESENTATION_CONTEXT('2D SPACE',''
  ) );
#5188 = PCURVE('',#5189,#5194);
#5189 = PLANE('',#5190);
#5190 = AXIS2_PLACEMENT_3D('',#5191,#5192,#5193);
#5191 = CARTESIAN_POINT('',(0.337096370668,-0.279753294315,0.5));
#5192 = DIRECTION('',(0.,0.,1.));
#5193 = DIRECTION('',(1.,0.,0.));
#5194 = DEFINITIONAL_REPRESENTATION('',(#5195),#5265);
#5195 = B_SPLINE_CURVE_WITH_KNOTS('',3,(#5196,#5197,#5198,#5199,#5200,
    #5201,#5202,#5203,#5204,#5205,#5206,#5207,#5208,#5209,#5210,#5211,
    #5212,#5213,#5214,#5215,#5216,#5217,#5218,#5219,#5220,#5221,#5222,
    #5223,#5224,#5225,#5226,#5227,#5228,#5229,#5230,#5231,#5232,#5233,
    #5234,#5235,#5236,#5237,#5238,#5239,#5240,#5241,#5242,#5243,#5244,
    #5245,#5246,#5247,#5248,#5249,#5250,#5251,#5252,#5253,#5254,#5255,
    #5256,#5257,#5258,#5259,#5260,#5261,#5262,#5263,#5264),
  .UNSPECIFIED.,.T.,.F.,(1,1,2,1,1,1,1,1,1,1,1,1,1,1,1,1,1,1,1,1,1,1,1,1
    ,1,1,1,1,1,1,1,1,1,1,1,1,1,1,1,1,1,1,1,1,1,1,1,1,1,1,1,1,1,1,1,1,1,1
    ,1,1,1,1,1,1,1,1,1,1,2,1,1),(-0.806026575103,-0.214473175889,0.,
    0.586286434173,1.169790793149,1.751355281267,2.331488559819,
    2.910562708888,3.488880006941,4.066703671393,4.644275166407,
    5.221825806552,5.79958609389,6.377794883986,6.956710383849,
    7.536626039736,8.117897857159,8.701001356912,9.286688188225,
    9.875955541234,10.468810074336,11.065242783825,11.665253753848,
    12.268843067054,12.876010804635,13.486757046351,14.101081870572,
    14.718985354304,15.340467573224,15.965528601709,16.594168512865,
    17.226387378557,17.862185269437,18.501562254969,19.144518403459,
    19.791053782076,20.441168456882,21.094862492853,21.752135953902,
    22.41200520612,23.072621290473,23.733237374826,24.393853459179,
    25.054469543532,25.715085627885,26.375701712238,27.036317796592,
    27.696779606114,28.356330915924,29.012302760525,29.664695203167,
    30.313508308148,30.958742140836,31.600396767692,32.238472256296,
    32.872968675372,33.503886094813,34.131224585709,34.754984220372,
    35.375165072369,35.991767216544,36.604790729055,37.2142356874,
    37.82010217045,38.422390258483,39.021100033216,39.616231577839,
    40.207784977053,40.422258152942,41.008544587115,41.592048946091),
  .UNSPECIFIED.);
#5196 = CARTESIAN_POINT('',(-0.852751484856,6.37107274096));
#5197 = CARTESIAN_POINT('',(-1.116456782359,6.32991407026));
#5198 = CARTESIAN_POINT('',(-1.499598730308,6.254812447261));
#5199 = CARTESIAN_POINT('',(-2.062042288685,6.095930273864));
#5200 = CARTESIAN_POINT('',(-2.60651877015,5.888869687867));
#5201 = CARTESIAN_POINT('',(-3.128955712556,5.634569180009));
#5202 = CARTESIAN_POINT('',(-3.625253883612,5.334459578349));
#5203 = CARTESIAN_POINT('',(-4.091438688147,4.990710770522));
#5204 = CARTESIAN_POINT('',(-4.523736728799,4.605956108304));
#5205 = CARTESIAN_POINT('',(-4.918633894954,4.183249969506));
#5206 = CARTESIAN_POINT('',(-5.272923000629,3.725998034451));
#5207 = CARTESIAN_POINT('',(-5.583747371296,3.237907886504));
#5208 = CARTESIAN_POINT('',(-5.848644075951,2.722936359739));
#5209 = CARTESIAN_POINT('',(-6.065592429251,2.185234826033));
#5210 = CARTESIAN_POINT('',(-6.23307773805,1.629077171363));
#5211 = CARTESIAN_POINT('',(-6.350197655352,1.05878329497));
#5212 = CARTESIAN_POINT('',(-6.416875005766,0.478490889689));
#5213 = CARTESIAN_POINT('',(-6.434448343959,-0.107819283025));
#5214 = CARTESIAN_POINT('',(-6.40790684854,-0.697252246469));
#5215 = CARTESIAN_POINT('',(-6.321746430059,-1.284833679834));
#5216 = CARTESIAN_POINT('',(-6.179170714815,-1.864889427741));
#5217 = CARTESIAN_POINT('',(-5.980005095035,-2.431883236437));
#5218 = CARTESIAN_POINT('',(-5.725679031912,-2.98030390752));
#5219 = CARTESIAN_POINT('',(-5.417873603983,-3.504761868497));
#5220 = CARTESIAN_POINT('',(-5.058875375739,-4.00002947036));
#5221 = CARTESIAN_POINT('',(-4.651462214011,-4.461096185176));
#5222 = CARTESIAN_POINT('',(-4.198909143436,-4.883217996906));
#5223 = CARTESIAN_POINT('',(-3.704955424505,-5.261965950949));
#5224 = CARTESIAN_POINT('',(-3.173776025729,-5.593271868651));
#5225 = CARTESIAN_POINT('',(-2.609946106021,-5.873471272461));
#5226 = CARTESIAN_POINT('',(-2.018401980931,-6.099342536956));
#5227 = CARTESIAN_POINT('',(-1.404397894051,-6.268143508242));
#5228 = CARTESIAN_POINT('',(-0.77345981451,-6.377639069635));
#5229 = CARTESIAN_POINT('',(-0.131334290161,-6.426142386439));
#5230 = CARTESIAN_POINT('',(0.516058445274,-6.412482675811));
#5231 = CARTESIAN_POINT('',(1.162699511076,-6.336226076366));
#5232 = CARTESIAN_POINT('',(1.802450358783,-6.196919477161));
#5233 = CARTESIAN_POINT('',(2.429087883131,-5.997085045181));
#5234 = CARTESIAN_POINT('',(3.035066603517,-5.731644905646));
#5235 = CARTESIAN_POINT('',(3.591573296202,-5.372783096497));
#5236 = CARTESIAN_POINT('',(4.117219756873,-4.971658281339));
#5237 = CARTESIAN_POINT('',(4.600331510998,-4.519347576549));
#5238 = CARTESIAN_POINT('',(5.038278933153,-4.023456335216));
#5239 = CARTESIAN_POINT('',(5.426305444472,-3.487608777916));
#5240 = CARTESIAN_POINT('',(5.761848931821,-2.917141224535));
#5241 = CARTESIAN_POINT('',(6.038420162144,-2.31676721235));
#5242 = CARTESIAN_POINT('',(6.265831726621,-1.694335866467));
#5243 = CARTESIAN_POINT('',(6.376308751006,-1.042663088027));
#5244 = CARTESIAN_POINT('',(6.438182917801,-0.389208222538));
#5245 = CARTESIAN_POINT('',(6.432909835045,0.264419774378));
#5246 = CARTESIAN_POINT('',(6.366144780323,0.910714653067));
#5247 = CARTESIAN_POINT('',(6.237885713049,1.544122413979));
#5248 = CARTESIAN_POINT('',(6.050346531593,2.158790766999));
#5249 = CARTESIAN_POINT('',(5.805836337569,2.74923389457));
#5250 = CARTESIAN_POINT('',(5.507288381982,3.310219072994));
#5251 = CARTESIAN_POINT('',(5.158079109085,3.836856076141));
#5252 = CARTESIAN_POINT('',(4.76203047895,4.324628241831));
#5253 = CARTESIAN_POINT('',(4.323358764286,4.769433859815));
#5254 = CARTESIAN_POINT('',(3.846633124445,5.167620137656));
#5255 = CARTESIAN_POINT('',(3.336728260733,5.516010675321));
#5256 = CARTESIAN_POINT('',(2.798773869059,5.811938530467));
#5257 = CARTESIAN_POINT('',(2.23810838663,6.053234660912));
#5258 = CARTESIAN_POINT('',(1.660207584435,6.238357873377));
#5259 = CARTESIAN_POINT('',(1.070700423448,6.36597683676));
#5260 = CARTESIAN_POINT('',(0.475058479686,6.436554206533));
#5261 = CARTESIAN_POINT('',(-0.120508327028,6.446500383622));
#5262 = CARTESIAN_POINT('',(-0.587998955455,6.417512211583));
#5263 = CARTESIAN_POINT('',(-0.852751484856,6.37107274096));
#5264 = CARTESIAN_POINT('',(-1.116456782359,6.32991407026));
#5265 = ( GEOMETRIC_REPRESENTATION_CONTEXT(2) 
PARAMETRIC_REPRESENTATION_CONTEXT() REPRESENTATION_CONTEXT('2D SPACE',''
  ) );
#5266 = ORIENTED_EDGE('',*,*,#5267,.T.);
#5267 = EDGE_CURVE('',#5108,#3538,#5268,.T.);
#5268 = SEAM_CURVE('',#5269,(#5290,#5297),.PCURVE_S1.);
#5269 = B_SPLINE_CURVE_WITH_KNOTS('',10,(#5270,#5271,#5272,#5273,#5274,
    #5275,#5276,#5277,#5278,#5279,#5280,#5281,#5282,#5283,#5284,#5285,
    #5286,#5287,#5288,#5289),.UNSPECIFIED.,.F.,.F.,(11,9,11),(0.,
    3.146532768555,6.29306553711),.UNSPECIFIED.);
#5270 = CARTESIAN_POINT('',(-0.58628519086,6.080295625377,0.5));
#5271 = CARTESIAN_POINT('',(-2.496466397598,5.896108700536,
    0.570499999708));
#5272 = CARTESIAN_POINT('',(-4.342354248406,5.045144575221,
    0.641000000712));
#5273 = CARTESIAN_POINT('',(-5.862105446698,3.552634500962,
    0.711499998019));
#5274 = CARTESIAN_POINT('',(-6.805204678924,1.561416948458,
    0.782000003526));
#5275 = CARTESIAN_POINT('',(-6.994020865517,-0.674390047586,
    0.852499995057));
#5276 = CARTESIAN_POINT('',(-6.381485286756,-2.832927664901,
    0.923000004793));
#5277 = CARTESIAN_POINT('',(-5.075297395606,-4.607260411655,
    0.993499996496));
#5278 = CARTESIAN_POINT('',(-3.298370249011,-5.781892242938,
    1.064000001633));
#5279 = CARTESIAN_POINT('',(-1.323896015671,-6.264482550195,
    1.134499999431));
#5280 = CARTESIAN_POINT('',(2.496466397389,-5.896108700548,
    1.275500000567));
#5281 = CARTESIAN_POINT('',(4.342354249065,-5.045144575258,
    1.345999997176));
#5282 = CARTESIAN_POINT('',(5.862105445731,-3.552634500723,
    1.416500006607));
#5283 = CARTESIAN_POINT('',(6.805204679419,-1.561416949056,
    1.486999988993));
#5284 = CARTESIAN_POINT('',(6.994020866274,0.674390048499,1.557500013012
    ));
#5285 = CARTESIAN_POINT('',(6.381485284922,2.832927663971,1.627999988371
    ));
#5286 = CARTESIAN_POINT('',(5.0752973975,4.607260412298,1.698500007571)
  );
#5287 = CARTESIAN_POINT('',(3.298370247843,5.781892242648,1.768999996242
    ));
#5288 = CARTESIAN_POINT('',(1.323896016108,6.264482550269,1.83950000123)
  );
#5289 = CARTESIAN_POINT('',(-0.586285190942,6.080295625367,
    1.909999999646));
#5290 = PCURVE('',#3659,#5291);
#5291 = DEFINITIONAL_REPRESENTATION('',(#5292),#5296);
#5292 = LINE('',#5293,#5294);
#5293 = CARTESIAN_POINT('',(0.,0.));
#5294 = VECTOR('',#5295,1.);
#5295 = DIRECTION('',(0.,1.));
#5296 = ( GEOMETRIC_REPRESENTATION_CONTEXT(2) 
PARAMETRIC_REPRESENTATION_CONTEXT() REPRESENTATION_CONTEXT('2D SPACE',''
  ) );
#5297 = PCURVE('',#3659,#5298);
#5298 = DEFINITIONAL_REPRESENTATION('',(#5299),#5303);
#5299 = LINE('',#5300,#5301);
#5300 = CARTESIAN_POINT('',(40.422258152942,0.));
#5301 = VECTOR('',#5302,1.);
#5302 = DIRECTION('',(0.,1.));
#5303 = ( GEOMETRIC_REPRESENTATION_CONTEXT(2) 
PARAMETRIC_REPRESENTATION_CONTEXT() REPRESENTATION_CONTEXT('2D SPACE',''
  ) );
#5304 = ORIENTED_EDGE('',*,*,#3579,.F.);
#5305 = ORIENTED_EDGE('',*,*,#5267,.F.);
#5306 = ORIENTED_EDGE('',*,*,#5307,.T.);
#5307 = EDGE_CURVE('',#5108,#5308,#5310,.T.);
#5308 = VERTEX_POINT('',#5309);
#5309 = CARTESIAN_POINT('',(-1.662501174678,5.827494302373,0.5));
#5310 = SURFACE_CURVE('',#5311,(#5381,#5388),.PCURVE_S1.);
#5311 = B_SPLINE_CURVE_WITH_KNOTS('',3,(#5312,#5313,#5314,#5315,#5316,
    #5317,#5318,#5319,#5320,#5321,#5322,#5323,#5324,#5325,#5326,#5327,
    #5328,#5329,#5330,#5331,#5332,#5333,#5334,#5335,#5336,#5337,#5338,
    #5339,#5340,#5341,#5342,#5343,#5344,#5345,#5346,#5347,#5348,#5349,
    #5350,#5351,#5352,#5353,#5354,#5355,#5356,#5357,#5358,#5359,#5360,
    #5361,#5362,#5363,#5364,#5365,#5366,#5367,#5368,#5369,#5370,#5371,
    #5372,#5373,#5374,#5375,#5376,#5377,#5378,#5379,#5380),
  .UNSPECIFIED.,.T.,.F.,(1,1,2,1,1,1,1,1,1,1,1,1,1,1,1,1,1,1,1,1,1,1,1,1
    ,1,1,1,1,1,1,1,1,1,1,1,1,1,1,1,1,1,1,1,1,1,1,1,1,1,1,1,1,1,1,1,1,1,1
    ,1,1,1,1,1,1,1,1,1,1,2,1,1),(-0.806026575103,-0.214473175889,0.,
    0.586286434173,1.169790793149,1.751355281267,2.331488559819,
    2.910562708888,3.488880006941,4.066703671393,4.644275166407,
    5.221825806552,5.79958609389,6.377794883986,6.956710383849,
    7.536626039736,8.117897857159,8.701001356912,9.286688188225,
    9.875955541234,10.468810074336,11.065242783825,11.665253753848,
    12.268843067054,12.876010804635,13.486757046351,14.101081870572,
    14.718985354304,15.340467573224,15.965528601709,16.594168512865,
    17.226387378557,17.862185269437,18.501562254969,19.144518403459,
    19.791053782076,20.441168456882,21.094862492853,21.752135953902,
    22.41200520612,23.072621290473,23.733237374826,24.393853459179,
    25.054469543532,25.715085627885,26.375701712238,27.036317796592,
    27.696779606114,28.356330915924,29.012302760525,29.664695203167,
    30.313508308148,30.958742140836,31.600396767692,32.238472256296,
    32.872968675372,33.503886094813,34.131224585709,34.754984220372,
    35.375165072369,35.991767216544,36.604790729055,37.2142356874,
    37.82010217045,38.422390258483,39.021100033216,39.616231577839,
    40.207784977053,40.422258152942,41.008544587115,41.592048946091),
  .UNSPECIFIED.);
#5312 = CARTESIAN_POINT('',(-0.515655114188,6.091319446645,0.5));
#5313 = CARTESIAN_POINT('',(-0.779360411691,6.050160775945,0.5));
#5314 = CARTESIAN_POINT('',(-1.16250235964,5.975059152946,0.5));
#5315 = CARTESIAN_POINT('',(-1.724945918017,5.816176979549,0.5));
#5316 = CARTESIAN_POINT('',(-2.269422399482,5.609116393552,0.5));
#5317 = CARTESIAN_POINT('',(-2.791859341888,5.354815885694,0.5));
#5318 = CARTESIAN_POINT('',(-3.288157512943,5.054706284034,0.5));
#5319 = CARTESIAN_POINT('',(-3.754342317478,4.710957476207,0.5));
#5320 = CARTESIAN_POINT('',(-4.186640358131,4.326202813989,0.5));
#5321 = CARTESIAN_POINT('',(-4.581537524286,3.903496675191,0.5));
#5322 = CARTESIAN_POINT('',(-4.935826629961,3.446244740136,0.5));
#5323 = CARTESIAN_POINT('',(-5.246651000628,2.958154592189,0.5));
#5324 = CARTESIAN_POINT('',(-5.511547705283,2.443183065425,0.5));
#5325 = CARTESIAN_POINT('',(-5.728496058583,1.905481531718,0.5));
#5326 = CARTESIAN_POINT('',(-5.895981367382,1.349323877048,0.5));
#5327 = CARTESIAN_POINT('',(-6.013101284684,0.779030000656,0.5));
#5328 = CARTESIAN_POINT('',(-6.079778635098,0.198737595374,0.5));
#5329 = CARTESIAN_POINT('',(-6.097351973291,-0.38757257734,0.5));
#5330 = CARTESIAN_POINT('',(-6.070810477872,-0.977005540783,0.5));
#5331 = CARTESIAN_POINT('',(-5.984650059391,-1.564586974149,0.5));
#5332 = CARTESIAN_POINT('',(-5.842074344146,-2.144642722056,0.5));
#5333 = CARTESIAN_POINT('',(-5.642908724367,-2.711636530751,0.5));
#5334 = CARTESIAN_POINT('',(-5.388582661243,-3.260057201835,0.5));
#5335 = CARTESIAN_POINT('',(-5.080777233315,-3.784515162812,0.5));
#5336 = CARTESIAN_POINT('',(-4.721779005071,-4.279782764675,0.5));
#5337 = CARTESIAN_POINT('',(-4.314365843343,-4.740849479491,0.5));
#5338 = CARTESIAN_POINT('',(-3.861812772767,-5.162971291221,0.5));
#5339 = CARTESIAN_POINT('',(-3.367859053837,-5.541719245264,0.5));
#5340 = CARTESIAN_POINT('',(-2.836679655061,-5.873025162965,0.5));
#5341 = CARTESIAN_POINT('',(-2.272849735353,-6.153224566776,0.5));
#5342 = CARTESIAN_POINT('',(-1.681305610263,-6.379095831271,0.5));
#5343 = CARTESIAN_POINT('',(-1.067301523383,-6.547896802557,0.5));
#5344 = CARTESIAN_POINT('',(-0.436363443842,-6.65739236395,0.5));
#5345 = CARTESIAN_POINT('',(0.205762080507,-6.705895680754,0.5));
#5346 = CARTESIAN_POINT('',(0.853154815942,-6.692235970125,0.5));
#5347 = CARTESIAN_POINT('',(1.499795881744,-6.615979370681,0.5));
#5348 = CARTESIAN_POINT('',(2.139546729452,-6.476672771476,0.5));
#5349 = CARTESIAN_POINT('',(2.766184253799,-6.276838339496,0.5));
#5350 = CARTESIAN_POINT('',(3.372162974185,-6.01139819996,0.5));
#5351 = CARTESIAN_POINT('',(3.92866966687,-5.652536390812,0.5));
#5352 = CARTESIAN_POINT('',(4.454316127541,-5.251411575654,0.5));
#5353 = CARTESIAN_POINT('',(4.937427881666,-4.799100870864,0.5));
#5354 = CARTESIAN_POINT('',(5.375375303821,-4.303209629531,0.5));
#5355 = CARTESIAN_POINT('',(5.76340181514,-3.767362072231,0.5));
#5356 = CARTESIAN_POINT('',(6.098945302489,-3.19689451885,0.5));
#5357 = CARTESIAN_POINT('',(6.375516532812,-2.596520506664,0.5));
#5358 = CARTESIAN_POINT('',(6.602928097289,-1.974089160782,0.5));
#5359 = CARTESIAN_POINT('',(6.713405121674,-1.322416382342,0.5));
#5360 = CARTESIAN_POINT('',(6.775279288469,-0.668961516853,0.5));
#5361 = CARTESIAN_POINT('',(6.770006205713,-1.533351993709E-02,0.5));
#5362 = CARTESIAN_POINT('',(6.703241150991,0.630961358752,0.5));
#5363 = CARTESIAN_POINT('',(6.574982083717,1.264369119664,0.5));
#5364 = CARTESIAN_POINT('',(6.387442902262,1.879037472684,0.5));
#5365 = CARTESIAN_POINT('',(6.142932708237,2.469480600255,0.5));
#5366 = CARTESIAN_POINT('',(5.84438475265,3.030465778679,0.5));
#5367 = CARTESIAN_POINT('',(5.495175479753,3.557102781826,0.5));
#5368 = CARTESIAN_POINT('',(5.099126849618,4.044874947516,0.5));
#5369 = CARTESIAN_POINT('',(4.660455134954,4.4896805655,0.5));
#5370 = CARTESIAN_POINT('',(4.183729495113,4.887866843341,0.5));
#5371 = CARTESIAN_POINT('',(3.673824631401,5.236257381006,0.5));
#5372 = CARTESIAN_POINT('',(3.135870239727,5.532185236152,0.5));
#5373 = CARTESIAN_POINT('',(2.575204757298,5.773481366597,0.5));
#5374 = CARTESIAN_POINT('',(1.997303955103,5.958604579063,0.5));
#5375 = CARTESIAN_POINT('',(1.407796794117,6.086223542446,0.5));
#5376 = CARTESIAN_POINT('',(0.812154850354,6.156800912218,0.5));
#5377 = CARTESIAN_POINT('',(0.216588043641,6.166747089307,0.5));
#5378 = CARTESIAN_POINT('',(-0.250902584786,6.137758917268,0.5));
#5379 = CARTESIAN_POINT('',(-0.515655114188,6.091319446645,0.5));
#5380 = CARTESIAN_POINT('',(-0.779360411691,6.050160775945,0.5));
#5381 = PCURVE('',#3659,#5382);
#5382 = DEFINITIONAL_REPRESENTATION('',(#5383),#5387);
#5383 = LINE('',#5384,#5385);
#5384 = CARTESIAN_POINT('',(0.,0.));
#5385 = VECTOR('',#5386,1.);
#5386 = DIRECTION('',(1.,0.));
#5387 = ( GEOMETRIC_REPRESENTATION_CONTEXT(2) 
PARAMETRIC_REPRESENTATION_CONTEXT() REPRESENTATION_CONTEXT('2D SPACE',''
  ) );
#5388 = PCURVE('',#5189,#5389);
#5389 = DEFINITIONAL_REPRESENTATION('',(#5390),#5460);
#5390 = B_SPLINE_CURVE_WITH_KNOTS('',3,(#5391,#5392,#5393,#5394,#5395,
    #5396,#5397,#5398,#5399,#5400,#5401,#5402,#5403,#5404,#5405,#5406,
    #5407,#5408,#5409,#5410,#5411,#5412,#5413,#5414,#5415,#5416,#5417,
    #5418,#5419,#5420,#5421,#5422,#5423,#5424,#5425,#5426,#5427,#5428,
    #5429,#5430,#5431,#5432,#5433,#5434,#5435,#5436,#5437,#5438,#5439,
    #5440,#5441,#5442,#5443,#5444,#5445,#5446,#5447,#5448,#5449,#5450,
    #5451,#5452,#5453,#5454,#5455,#5456,#5457,#5458,#5459),
  .UNSPECIFIED.,.T.,.F.,(1,1,2,1,1,1,1,1,1,1,1,1,1,1,1,1,1,1,1,1,1,1,1,1
    ,1,1,1,1,1,1,1,1,1,1,1,1,1,1,1,1,1,1,1,1,1,1,1,1,1,1,1,1,1,1,1,1,1,1
    ,1,1,1,1,1,1,1,1,1,1,2,1,1),(-0.806026575103,-0.214473175889,0.,
    0.586286434173,1.169790793149,1.751355281267,2.331488559819,
    2.910562708888,3.488880006941,4.066703671393,4.644275166407,
    5.221825806552,5.79958609389,6.377794883986,6.956710383849,
    7.536626039736,8.117897857159,8.701001356912,9.286688188225,
    9.875955541234,10.468810074336,11.065242783825,11.665253753848,
    12.268843067054,12.876010804635,13.486757046351,14.101081870572,
    14.718985354304,15.340467573224,15.965528601709,16.594168512865,
    17.226387378557,17.862185269437,18.501562254969,19.144518403459,
    19.791053782076,20.441168456882,21.094862492853,21.752135953902,
    22.41200520612,23.072621290473,23.733237374826,24.393853459179,
    25.054469543532,25.715085627885,26.375701712238,27.036317796592,
    27.696779606114,28.356330915924,29.012302760525,29.664695203167,
    30.313508308148,30.958742140836,31.600396767692,32.238472256296,
    32.872968675372,33.503886094813,34.131224585709,34.754984220372,
    35.375165072369,35.991767216544,36.604790729055,37.2142356874,
    37.82010217045,38.422390258483,39.021100033216,39.616231577839,
    40.207784977053,40.422258152942,41.008544587115,41.592048946091),
  .UNSPECIFIED.);
#5391 = CARTESIAN_POINT('',(-0.852751484856,6.37107274096));
#5392 = CARTESIAN_POINT('',(-1.116456782359,6.32991407026));
#5393 = CARTESIAN_POINT('',(-1.499598730308,6.254812447261));
#5394 = CARTESIAN_POINT('',(-2.062042288685,6.095930273864));
#5395 = CARTESIAN_POINT('',(-2.60651877015,5.888869687867));
#5396 = CARTESIAN_POINT('',(-3.128955712556,5.634569180009));
#5397 = CARTESIAN_POINT('',(-3.625253883612,5.334459578349));
#5398 = CARTESIAN_POINT('',(-4.091438688147,4.990710770522));
#5399 = CARTESIAN_POINT('',(-4.523736728799,4.605956108304));
#5400 = CARTESIAN_POINT('',(-4.918633894954,4.183249969506));
#5401 = CARTESIAN_POINT('',(-5.272923000629,3.725998034451));
#5402 = CARTESIAN_POINT('',(-5.583747371296,3.237907886504));
#5403 = CARTESIAN_POINT('',(-5.848644075951,2.722936359739));
#5404 = CARTESIAN_POINT('',(-6.065592429251,2.185234826033));
#5405 = CARTESIAN_POINT('',(-6.23307773805,1.629077171363));
#5406 = CARTESIAN_POINT('',(-6.350197655352,1.05878329497));
#5407 = CARTESIAN_POINT('',(-6.416875005766,0.478490889689));
#5408 = CARTESIAN_POINT('',(-6.434448343959,-0.107819283025));
#5409 = CARTESIAN_POINT('',(-6.40790684854,-0.697252246469));
#5410 = CARTESIAN_POINT('',(-6.321746430059,-1.284833679834));
#5411 = CARTESIAN_POINT('',(-6.179170714815,-1.864889427741));
#5412 = CARTESIAN_POINT('',(-5.980005095035,-2.431883236437));
#5413 = CARTESIAN_POINT('',(-5.725679031912,-2.98030390752));
#5414 = CARTESIAN_POINT('',(-5.417873603983,-3.504761868497));
#5415 = CARTESIAN_POINT('',(-5.058875375739,-4.00002947036));
#5416 = CARTESIAN_POINT('',(-4.651462214011,-4.461096185176));
#5417 = CARTESIAN_POINT('',(-4.198909143436,-4.883217996906));
#5418 = CARTESIAN_POINT('',(-3.704955424505,-5.261965950949));
#5419 = CARTESIAN_POINT('',(-3.173776025729,-5.593271868651));
#5420 = CARTESIAN_POINT('',(-2.609946106021,-5.873471272461));
#5421 = CARTESIAN_POINT('',(-2.018401980931,-6.099342536956));
#5422 = CARTESIAN_POINT('',(-1.404397894051,-6.268143508242));
#5423 = CARTESIAN_POINT('',(-0.77345981451,-6.377639069635));
#5424 = CARTESIAN_POINT('',(-0.131334290161,-6.426142386439));
#5425 = CARTESIAN_POINT('',(0.516058445274,-6.412482675811));
#5426 = CARTESIAN_POINT('',(1.162699511076,-6.336226076366));
#5427 = CARTESIAN_POINT('',(1.802450358783,-6.196919477161));
#5428 = CARTESIAN_POINT('',(2.429087883131,-5.997085045181));
#5429 = CARTESIAN_POINT('',(3.035066603517,-5.731644905646));
#5430 = CARTESIAN_POINT('',(3.591573296202,-5.372783096497));
#5431 = CARTESIAN_POINT('',(4.117219756873,-4.971658281339));
#5432 = CARTESIAN_POINT('',(4.600331510998,-4.519347576549));
#5433 = CARTESIAN_POINT('',(5.038278933153,-4.023456335216));
#5434 = CARTESIAN_POINT('',(5.426305444472,-3.487608777916));
#5435 = CARTESIAN_POINT('',(5.761848931821,-2.917141224535));
#5436 = CARTESIAN_POINT('',(6.038420162144,-2.31676721235));
#5437 = CARTESIAN_POINT('',(6.265831726621,-1.694335866467));
#5438 = CARTESIAN_POINT('',(6.376308751006,-1.042663088027));
#5439 = CARTESIAN_POINT('',(6.438182917801,-0.389208222538));
#5440 = CARTESIAN_POINT('',(6.432909835045,0.264419774378));
#5441 = CARTESIAN_POINT('',(6.366144780323,0.910714653067));
#5442 = CARTESIAN_POINT('',(6.237885713049,1.544122413979));
#5443 = CARTESIAN_POINT('',(6.050346531593,2.158790766999));
#5444 = CARTESIAN_POINT('',(5.805836337569,2.74923389457));
#5445 = CARTESIAN_POINT('',(5.507288381982,3.310219072994));
#5446 = CARTESIAN_POINT('',(5.158079109085,3.836856076141));
#5447 = CARTESIAN_POINT('',(4.76203047895,4.324628241831));
#5448 = CARTESIAN_POINT('',(4.323358764286,4.769433859815));
#5449 = CARTESIAN_POINT('',(3.846633124445,5.167620137656));
#5450 = CARTESIAN_POINT('',(3.336728260733,5.516010675321));
#5451 = CARTESIAN_POINT('',(2.798773869059,5.811938530467));
#5452 = CARTESIAN_POINT('',(2.23810838663,6.053234660912));
#5453 = CARTESIAN_POINT('',(1.660207584435,6.238357873377));
#5454 = CARTESIAN_POINT('',(1.070700423448,6.36597683676));
#5455 = CARTESIAN_POINT('',(0.475058479686,6.436554206533));
#5456 = CARTESIAN_POINT('',(-0.120508327028,6.446500383622));
#5457 = CARTESIAN_POINT('',(-0.587998955455,6.417512211583));
#5458 = CARTESIAN_POINT('',(-0.852751484856,6.37107274096));
#5459 = CARTESIAN_POINT('',(-1.116456782359,6.32991407026));
#5460 = ( GEOMETRIC_REPRESENTATION_CONTEXT(2) 
PARAMETRIC_REPRESENTATION_CONTEXT() REPRESENTATION_CONTEXT('2D SPACE',''
  ) );
#5461 = ORIENTED_EDGE('',*,*,#5462,.T.);
#5462 = EDGE_CURVE('',#5308,#5106,#5463,.T.);
#5463 = SURFACE_CURVE('',#5464,(#5534,#5541),.PCURVE_S1.);
#5464 = B_SPLINE_CURVE_WITH_KNOTS('',3,(#5465,#5466,#5467,#5468,#5469,
    #5470,#5471,#5472,#5473,#5474,#5475,#5476,#5477,#5478,#5479,#5480,
    #5481,#5482,#5483,#5484,#5485,#5486,#5487,#5488,#5489,#5490,#5491,
    #5492,#5493,#5494,#5495,#5496,#5497,#5498,#5499,#5500,#5501,#5502,
    #5503,#5504,#5505,#5506,#5507,#5508,#5509,#5510,#5511,#5512,#5513,
    #5514,#5515,#5516,#5517,#5518,#5519,#5520,#5521,#5522,#5523,#5524,
    #5525,#5526,#5527,#5528,#5529,#5530,#5531,#5532,#5533),
  .UNSPECIFIED.,.T.,.F.,(1,1,2,1,1,1,1,1,1,1,1,1,1,1,1,1,1,1,1,1,1,1,1,1
    ,1,1,1,1,1,1,1,1,1,1,1,1,1,1,1,1,1,1,1,1,1,1,1,1,1,1,1,1,1,1,1,1,1,1
    ,1,1,1,1,1,1,1,1,1,1,2,1,1),(-0.806026575103,-0.214473175889,0.,
    0.586286434173,1.169790793149,1.751355281267,2.331488559819,
    2.910562708888,3.488880006941,4.066703671393,4.644275166407,
    5.221825806552,5.79958609389,6.377794883986,6.956710383849,
    7.536626039736,8.117897857159,8.701001356912,9.286688188225,
    9.875955541234,10.468810074336,11.065242783825,11.665253753848,
    12.268843067054,12.876010804635,13.486757046351,14.101081870572,
    14.718985354304,15.340467573224,15.965528601709,16.594168512865,
    17.226387378557,17.862185269437,18.501562254969,19.144518403459,
    19.791053782076,20.441168456882,21.094862492853,21.752135953902,
    22.41200520612,23.072621290473,23.733237374826,24.393853459179,
    25.054469543532,25.715085627885,26.375701712238,27.036317796592,
    27.696779606114,28.356330915924,29.012302760525,29.664695203167,
    30.313508308148,30.958742140836,31.600396767692,32.238472256296,
    32.872968675372,33.503886094813,34.131224585709,34.754984220372,
    35.375165072369,35.991767216544,36.604790729055,37.2142356874,
    37.82010217045,38.422390258483,39.021100033216,39.616231577839,
    40.207784977053,40.422258152942,41.008544587115,41.592048946091),
  .UNSPECIFIED.);
#5465 = CARTESIAN_POINT('',(-0.515655114188,6.091319446645,0.5));
#5466 = CARTESIAN_POINT('',(-0.779360411691,6.050160775945,0.5));
#5467 = CARTESIAN_POINT('',(-1.16250235964,5.975059152946,0.5));
#5468 = CARTESIAN_POINT('',(-1.724945918017,5.816176979549,0.5));
#5469 = CARTESIAN_POINT('',(-2.269422399482,5.609116393552,0.5));
#5470 = CARTESIAN_POINT('',(-2.791859341888,5.354815885694,0.5));
#5471 = CARTESIAN_POINT('',(-3.288157512943,5.054706284034,0.5));
#5472 = CARTESIAN_POINT('',(-3.754342317478,4.710957476207,0.5));
#5473 = CARTESIAN_POINT('',(-4.186640358131,4.326202813989,0.5));
#5474 = CARTESIAN_POINT('',(-4.581537524286,3.903496675191,0.5));
#5475 = CARTESIAN_POINT('',(-4.935826629961,3.446244740136,0.5));
#5476 = CARTESIAN_POINT('',(-5.246651000628,2.958154592189,0.5));
#5477 = CARTESIAN_POINT('',(-5.511547705283,2.443183065425,0.5));
#5478 = CARTESIAN_POINT('',(-5.728496058583,1.905481531718,0.5));
#5479 = CARTESIAN_POINT('',(-5.895981367382,1.349323877048,0.5));
#5480 = CARTESIAN_POINT('',(-6.013101284684,0.779030000656,0.5));
#5481 = CARTESIAN_POINT('',(-6.079778635098,0.198737595374,0.5));
#5482 = CARTESIAN_POINT('',(-6.097351973291,-0.38757257734,0.5));
#5483 = CARTESIAN_POINT('',(-6.070810477872,-0.977005540783,0.5));
#5484 = CARTESIAN_POINT('',(-5.984650059391,-1.564586974149,0.5));
#5485 = CARTESIAN_POINT('',(-5.842074344146,-2.144642722056,0.5));
#5486 = CARTESIAN_POINT('',(-5.642908724367,-2.711636530751,0.5));
#5487 = CARTESIAN_POINT('',(-5.388582661243,-3.260057201835,0.5));
#5488 = CARTESIAN_POINT('',(-5.080777233315,-3.784515162812,0.5));
#5489 = CARTESIAN_POINT('',(-4.721779005071,-4.279782764675,0.5));
#5490 = CARTESIAN_POINT('',(-4.314365843343,-4.740849479491,0.5));
#5491 = CARTESIAN_POINT('',(-3.861812772767,-5.162971291221,0.5));
#5492 = CARTESIAN_POINT('',(-3.367859053837,-5.541719245264,0.5));
#5493 = CARTESIAN_POINT('',(-2.836679655061,-5.873025162965,0.5));
#5494 = CARTESIAN_POINT('',(-2.272849735353,-6.153224566776,0.5));
#5495 = CARTESIAN_POINT('',(-1.681305610263,-6.379095831271,0.5));
#5496 = CARTESIAN_POINT('',(-1.067301523383,-6.547896802557,0.5));
#5497 = CARTESIAN_POINT('',(-0.436363443842,-6.65739236395,0.5));
#5498 = CARTESIAN_POINT('',(0.205762080507,-6.705895680754,0.5));
#5499 = CARTESIAN_POINT('',(0.853154815942,-6.692235970125,0.5));
#5500 = CARTESIAN_POINT('',(1.499795881744,-6.615979370681,0.5));
#5501 = CARTESIAN_POINT('',(2.139546729452,-6.476672771476,0.5));
#5502 = CARTESIAN_POINT('',(2.766184253799,-6.276838339496,0.5));
#5503 = CARTESIAN_POINT('',(3.372162974185,-6.01139819996,0.5));
#5504 = CARTESIAN_POINT('',(3.92866966687,-5.652536390812,0.5));
#5505 = CARTESIAN_POINT('',(4.454316127541,-5.251411575654,0.5));
#5506 = CARTESIAN_POINT('',(4.937427881666,-4.799100870864,0.5));
#5507 = CARTESIAN_POINT('',(5.375375303821,-4.303209629531,0.5));
#5508 = CARTESIAN_POINT('',(5.76340181514,-3.767362072231,0.5));
#5509 = CARTESIAN_POINT('',(6.098945302489,-3.19689451885,0.5));
#5510 = CARTESIAN_POINT('',(6.375516532812,-2.596520506664,0.5));
#5511 = CARTESIAN_POINT('',(6.602928097289,-1.974089160782,0.5));
#5512 = CARTESIAN_POINT('',(6.713405121674,-1.322416382342,0.5));
#5513 = CARTESIAN_POINT('',(6.775279288469,-0.668961516853,0.5));
#5514 = CARTESIAN_POINT('',(6.770006205713,-1.533351993709E-02,0.5));
#5515 = CARTESIAN_POINT('',(6.703241150991,0.630961358752,0.5));
#5516 = CARTESIAN_POINT('',(6.574982083717,1.264369119664,0.5));
#5517 = CARTESIAN_POINT('',(6.387442902262,1.879037472684,0.5));
#5518 = CARTESIAN_POINT('',(6.142932708237,2.469480600255,0.5));
#5519 = CARTESIAN_POINT('',(5.84438475265,3.030465778679,0.5));
#5520 = CARTESIAN_POINT('',(5.495175479753,3.557102781826,0.5));
#5521 = CARTESIAN_POINT('',(5.099126849618,4.044874947516,0.5));
#5522 = CARTESIAN_POINT('',(4.660455134954,4.4896805655,0.5));
#5523 = CARTESIAN_POINT('',(4.183729495113,4.887866843341,0.5));
#5524 = CARTESIAN_POINT('',(3.673824631401,5.236257381006,0.5));
#5525 = CARTESIAN_POINT('',(3.135870239727,5.532185236152,0.5));
#5526 = CARTESIAN_POINT('',(2.575204757298,5.773481366597,0.5));
#5527 = CARTESIAN_POINT('',(1.997303955103,5.958604579063,0.5));
#5528 = CARTESIAN_POINT('',(1.407796794117,6.086223542446,0.5));
#5529 = CARTESIAN_POINT('',(0.812154850354,6.156800912218,0.5));
#5530 = CARTESIAN_POINT('',(0.216588043641,6.166747089307,0.5));
#5531 = CARTESIAN_POINT('',(-0.250902584786,6.137758917268,0.5));
#5532 = CARTESIAN_POINT('',(-0.515655114188,6.091319446645,0.5));
#5533 = CARTESIAN_POINT('',(-0.779360411691,6.050160775945,0.5));
#5534 = PCURVE('',#3659,#5535);
#5535 = DEFINITIONAL_REPRESENTATION('',(#5536),#5540);
#5536 = LINE('',#5537,#5538);
#5537 = CARTESIAN_POINT('',(0.,0.));
#5538 = VECTOR('',#5539,1.);
#5539 = DIRECTION('',(1.,0.));
#5540 = ( GEOMETRIC_REPRESENTATION_CONTEXT(2) 
PARAMETRIC_REPRESENTATION_CONTEXT() REPRESENTATION_CONTEXT('2D SPACE',''
  ) );
#5541 = PCURVE('',#5542,#5547);
#5542 = PLANE('',#5543);
#5543 = AXIS2_PLACEMENT_3D('',#5544,#5545,#5546);
#5544 = CARTESIAN_POINT('',(-5.6E-16,2.E-16,0.5));
#5545 = DIRECTION('',(0.,0.,1.));
#5546 = DIRECTION('',(1.,0.,0.));
#5547 = DEFINITIONAL_REPRESENTATION('',(#5548),#5618);
#5548 = B_SPLINE_CURVE_WITH_KNOTS('',3,(#5549,#5550,#5551,#5552,#5553,
    #5554,#5555,#5556,#5557,#5558,#5559,#5560,#5561,#5562,#5563,#5564,
    #5565,#5566,#5567,#5568,#5569,#5570,#5571,#5572,#5573,#5574,#5575,
    #5576,#5577,#5578,#5579,#5580,#5581,#5582,#5583,#5584,#5585,#5586,
    #5587,#5588,#5589,#5590,#5591,#5592,#5593,#5594,#5595,#5596,#5597,
    #5598,#5599,#5600,#5601,#5602,#5603,#5604,#5605,#5606,#5607,#5608,
    #5609,#5610,#5611,#5612,#5613,#5614,#5615,#5616,#5617),
  .UNSPECIFIED.,.T.,.F.,(1,1,2,1,1,1,1,1,1,1,1,1,1,1,1,1,1,1,1,1,1,1,1,1
    ,1,1,1,1,1,1,1,1,1,1,1,1,1,1,1,1,1,1,1,1,1,1,1,1,1,1,1,1,1,1,1,1,1,1
    ,1,1,1,1,1,1,1,1,1,1,2,1,1),(-0.806026575103,-0.214473175889,0.,
    0.586286434173,1.169790793149,1.751355281267,2.331488559819,
    2.910562708888,3.488880006941,4.066703671393,4.644275166407,
    5.221825806552,5.79958609389,6.377794883986,6.956710383849,
    7.536626039736,8.117897857159,8.701001356912,9.286688188225,
    9.875955541234,10.468810074336,11.065242783825,11.665253753848,
    12.268843067054,12.876010804635,13.486757046351,14.101081870572,
    14.718985354304,15.340467573224,15.965528601709,16.594168512865,
    17.226387378557,17.862185269437,18.501562254969,19.144518403459,
    19.791053782076,20.441168456882,21.094862492853,21.752135953902,
    22.41200520612,23.072621290473,23.733237374826,24.393853459179,
    25.054469543532,25.715085627885,26.375701712238,27.036317796592,
    27.696779606114,28.356330915924,29.012302760525,29.664695203167,
    30.313508308148,30.958742140836,31.600396767692,32.238472256296,
    32.872968675372,33.503886094813,34.131224585709,34.754984220372,
    35.375165072369,35.991767216544,36.604790729055,37.2142356874,
    37.82010217045,38.422390258483,39.021100033216,39.616231577839,
    40.207784977053,40.422258152942,41.008544587115,41.592048946091),
  .UNSPECIFIED.);
#5549 = CARTESIAN_POINT('',(-0.515655114188,6.091319446645));
#5550 = CARTESIAN_POINT('',(-0.779360411691,6.050160775945));
#5551 = CARTESIAN_POINT('',(-1.16250235964,5.975059152946));
#5552 = CARTESIAN_POINT('',(-1.724945918017,5.816176979549));
#5553 = CARTESIAN_POINT('',(-2.269422399482,5.609116393552));
#5554 = CARTESIAN_POINT('',(-2.791859341888,5.354815885694));
#5555 = CARTESIAN_POINT('',(-3.288157512943,5.054706284034));
#5556 = CARTESIAN_POINT('',(-3.754342317478,4.710957476207));
#5557 = CARTESIAN_POINT('',(-4.186640358131,4.326202813989));
#5558 = CARTESIAN_POINT('',(-4.581537524286,3.903496675191));
#5559 = CARTESIAN_POINT('',(-4.935826629961,3.446244740136));
#5560 = CARTESIAN_POINT('',(-5.246651000628,2.958154592189));
#5561 = CARTESIAN_POINT('',(-5.511547705283,2.443183065425));
#5562 = CARTESIAN_POINT('',(-5.728496058583,1.905481531718));
#5563 = CARTESIAN_POINT('',(-5.895981367382,1.349323877048));
#5564 = CARTESIAN_POINT('',(-6.013101284684,0.779030000656));
#5565 = CARTESIAN_POINT('',(-6.079778635098,0.198737595374));
#5566 = CARTESIAN_POINT('',(-6.097351973291,-0.38757257734));
#5567 = CARTESIAN_POINT('',(-6.070810477872,-0.977005540783));
#5568 = CARTESIAN_POINT('',(-5.984650059391,-1.564586974149));
#5569 = CARTESIAN_POINT('',(-5.842074344146,-2.144642722056));
#5570 = CARTESIAN_POINT('',(-5.642908724367,-2.711636530751));
#5571 = CARTESIAN_POINT('',(-5.388582661243,-3.260057201835));
#5572 = CARTESIAN_POINT('',(-5.080777233315,-3.784515162812));
#5573 = CARTESIAN_POINT('',(-4.721779005071,-4.279782764675));
#5574 = CARTESIAN_POINT('',(-4.314365843343,-4.740849479491));
#5575 = CARTESIAN_POINT('',(-3.861812772767,-5.162971291221));
#5576 = CARTESIAN_POINT('',(-3.367859053837,-5.541719245264));
#5577 = CARTESIAN_POINT('',(-2.836679655061,-5.873025162965));
#5578 = CARTESIAN_POINT('',(-2.272849735353,-6.153224566776));
#5579 = CARTESIAN_POINT('',(-1.681305610263,-6.379095831271));
#5580 = CARTESIAN_POINT('',(-1.067301523383,-6.547896802557));
#5581 = CARTESIAN_POINT('',(-0.436363443842,-6.65739236395));
#5582 = CARTESIAN_POINT('',(0.205762080507,-6.705895680754));
#5583 = CARTESIAN_POINT('',(0.853154815942,-6.692235970125));
#5584 = CARTESIAN_POINT('',(1.499795881744,-6.615979370681));
#5585 = CARTESIAN_POINT('',(2.139546729452,-6.476672771476));
#5586 = CARTESIAN_POINT('',(2.766184253799,-6.276838339496));
#5587 = CARTESIAN_POINT('',(3.372162974185,-6.01139819996));
#5588 = CARTESIAN_POINT('',(3.92866966687,-5.652536390812));
#5589 = CARTESIAN_POINT('',(4.454316127541,-5.251411575654));
#5590 = CARTESIAN_POINT('',(4.937427881666,-4.799100870864));
#5591 = CARTESIAN_POINT('',(5.375375303821,-4.303209629531));
#5592 = CARTESIAN_POINT('',(5.76340181514,-3.767362072231));
#5593 = CARTESIAN_POINT('',(6.098945302489,-3.19689451885));
#5594 = CARTESIAN_POINT('',(6.375516532812,-2.596520506664));
#5595 = CARTESIAN_POINT('',(6.602928097289,-1.974089160782));
#5596 = CARTESIAN_POINT('',(6.713405121674,-1.322416382342));
#5597 = CARTESIAN_POINT('',(6.775279288469,-0.668961516853));
#5598 = CARTESIAN_POINT('',(6.770006205713,-1.533351993709E-02));
#5599 = CARTESIAN_POINT('',(6.703241150991,0.630961358752));
#5600 = CARTESIAN_POINT('',(6.574982083717,1.264369119664));
#5601 = CARTESIAN_POINT('',(6.387442902262,1.879037472684));
#5602 = CARTESIAN_POINT('',(6.142932708237,2.469480600255));
#5603 = CARTESIAN_POINT('',(5.84438475265,3.030465778679));
#5604 = CARTESIAN_POINT('',(5.495175479753,3.557102781826));
#5605 = CARTESIAN_POINT('',(5.099126849618,4.044874947516));
#5606 = CARTESIAN_POINT('',(4.660455134954,4.4896805655));
#5607 = CARTESIAN_POINT('',(4.183729495113,4.887866843341));
#5608 = CARTESIAN_POINT('',(3.673824631401,5.236257381006));
#5609 = CARTESIAN_POINT('',(3.135870239727,5.532185236152));
#5610 = CARTESIAN_POINT('',(2.575204757298,5.773481366597));
#5611 = CARTESIAN_POINT('',(1.997303955103,5.958604579063));
#5612 = CARTESIAN_POINT('',(1.407796794117,6.086223542446));
#5613 = CARTESIAN_POINT('',(0.812154850354,6.156800912218));
#5614 = CARTESIAN_POINT('',(0.216588043641,6.166747089307));
#5615 = CARTESIAN_POINT('',(-0.250902584786,6.137758917268));
#5616 = CARTESIAN_POINT('',(-0.515655114188,6.091319446645));
#5617 = CARTESIAN_POINT('',(-0.779360411691,6.050160775945));
#5618 = ( GEOMETRIC_REPRESENTATION_CONTEXT(2) 
PARAMETRIC_REPRESENTATION_CONTEXT() REPRESENTATION_CONTEXT('2D SPACE',''
  ) );
#5619 = ADVANCED_FACE('',(#5620),#5067,.T.);
#5620 = FACE_BOUND('',#5621,.F.);
#5621 = EDGE_LOOP('',(#5622,#5623,#5646,#5668,#5690,#5712));
#5622 = ORIENTED_EDGE('',*,*,#5050,.F.);
#5623 = ORIENTED_EDGE('',*,*,#5624,.T.);
#5624 = EDGE_CURVE('',#5051,#5625,#5627,.T.);
#5625 = VERTEX_POINT('',#5626);
#5626 = CARTESIAN_POINT('',(6.06,0.,0.5));
#5627 = SEAM_CURVE('',#5628,(#5632,#5639),.PCURVE_S1.);
#5628 = LINE('',#5629,#5630);
#5629 = CARTESIAN_POINT('',(6.06,0.,0.));
#5630 = VECTOR('',#5631,1.);
#5631 = DIRECTION('',(0.,0.,1.));
#5632 = PCURVE('',#5067,#5633);
#5633 = DEFINITIONAL_REPRESENTATION('',(#5634),#5638);
#5634 = LINE('',#5635,#5636);
#5635 = CARTESIAN_POINT('',(-6.28318530718,0.));
#5636 = VECTOR('',#5637,1.);
#5637 = DIRECTION('',(-0.,-1.));
#5638 = ( GEOMETRIC_REPRESENTATION_CONTEXT(2) 
PARAMETRIC_REPRESENTATION_CONTEXT() REPRESENTATION_CONTEXT('2D SPACE',''
  ) );
#5639 = PCURVE('',#5067,#5640);
#5640 = DEFINITIONAL_REPRESENTATION('',(#5641),#5645);
#5641 = LINE('',#5642,#5643);
#5642 = CARTESIAN_POINT('',(-0.,0.));
#5643 = VECTOR('',#5644,1.);
#5644 = DIRECTION('',(-0.,-1.));
#5645 = ( GEOMETRIC_REPRESENTATION_CONTEXT(2) 
PARAMETRIC_REPRESENTATION_CONTEXT() REPRESENTATION_CONTEXT('2D SPACE',''
  ) );
#5646 = ORIENTED_EDGE('',*,*,#5647,.T.);
#5647 = EDGE_CURVE('',#5625,#5308,#5648,.T.);
#5648 = SURFACE_CURVE('',#5649,(#5654,#5661),.PCURVE_S1.);
#5649 = CIRCLE('',#5650,6.06);
#5650 = AXIS2_PLACEMENT_3D('',#5651,#5652,#5653);
#5651 = CARTESIAN_POINT('',(0.,0.,0.5));
#5652 = DIRECTION('',(0.,0.,1.));
#5653 = DIRECTION('',(1.,0.,0.));
#5654 = PCURVE('',#5067,#5655);
#5655 = DEFINITIONAL_REPRESENTATION('',(#5656),#5660);
#5656 = LINE('',#5657,#5658);
#5657 = CARTESIAN_POINT('',(-0.,-0.5));
#5658 = VECTOR('',#5659,1.);
#5659 = DIRECTION('',(-1.,0.));
#5660 = ( GEOMETRIC_REPRESENTATION_CONTEXT(2) 
PARAMETRIC_REPRESENTATION_CONTEXT() REPRESENTATION_CONTEXT('2D SPACE',''
  ) );
#5661 = PCURVE('',#5189,#5662);
#5662 = DEFINITIONAL_REPRESENTATION('',(#5663),#5667);
#5663 = CIRCLE('',#5664,6.06);
#5664 = AXIS2_PLACEMENT_2D('',#5665,#5666);
#5665 = CARTESIAN_POINT('',(-0.337096370668,0.279753294315));
#5666 = DIRECTION('',(1.,0.));
#5667 = ( GEOMETRIC_REPRESENTATION_CONTEXT(2) 
PARAMETRIC_REPRESENTATION_CONTEXT() REPRESENTATION_CONTEXT('2D SPACE',''
  ) );
#5668 = ORIENTED_EDGE('',*,*,#5669,.T.);
#5669 = EDGE_CURVE('',#5308,#5106,#5670,.T.);
#5670 = SURFACE_CURVE('',#5671,(#5676,#5683),.PCURVE_S1.);
#5671 = CIRCLE('',#5672,6.06);
#5672 = AXIS2_PLACEMENT_3D('',#5673,#5674,#5675);
#5673 = CARTESIAN_POINT('',(0.,0.,0.5));
#5674 = DIRECTION('',(0.,0.,1.));
#5675 = DIRECTION('',(1.,0.,0.));
#5676 = PCURVE('',#5067,#5677);
#5677 = DEFINITIONAL_REPRESENTATION('',(#5678),#5682);
#5678 = LINE('',#5679,#5680);
#5679 = CARTESIAN_POINT('',(-0.,-0.5));
#5680 = VECTOR('',#5681,1.);
#5681 = DIRECTION('',(-1.,0.));
#5682 = ( GEOMETRIC_REPRESENTATION_CONTEXT(2) 
PARAMETRIC_REPRESENTATION_CONTEXT() REPRESENTATION_CONTEXT('2D SPACE',''
  ) );
#5683 = PCURVE('',#5542,#5684);
#5684 = DEFINITIONAL_REPRESENTATION('',(#5685),#5689);
#5685 = CIRCLE('',#5686,6.06);
#5686 = AXIS2_PLACEMENT_2D('',#5687,#5688);
#5687 = CARTESIAN_POINT('',(5.6E-16,-2.E-16));
#5688 = DIRECTION('',(1.,0.));
#5689 = ( GEOMETRIC_REPRESENTATION_CONTEXT(2) 
PARAMETRIC_REPRESENTATION_CONTEXT() REPRESENTATION_CONTEXT('2D SPACE',''
  ) );
#5690 = ORIENTED_EDGE('',*,*,#5691,.T.);
#5691 = EDGE_CURVE('',#5106,#5625,#5692,.T.);
#5692 = SURFACE_CURVE('',#5693,(#5698,#5705),.PCURVE_S1.);
#5693 = CIRCLE('',#5694,6.06);
#5694 = AXIS2_PLACEMENT_3D('',#5695,#5696,#5697);
#5695 = CARTESIAN_POINT('',(0.,0.,0.5));
#5696 = DIRECTION('',(0.,0.,1.));
#5697 = DIRECTION('',(1.,0.,0.));
#5698 = PCURVE('',#5067,#5699);
#5699 = DEFINITIONAL_REPRESENTATION('',(#5700),#5704);
#5700 = LINE('',#5701,#5702);
#5701 = CARTESIAN_POINT('',(-0.,-0.5));
#5702 = VECTOR('',#5703,1.);
#5703 = DIRECTION('',(-1.,0.));
#5704 = ( GEOMETRIC_REPRESENTATION_CONTEXT(2) 
PARAMETRIC_REPRESENTATION_CONTEXT() REPRESENTATION_CONTEXT('2D SPACE',''
  ) );
#5705 = PCURVE('',#5189,#5706);
#5706 = DEFINITIONAL_REPRESENTATION('',(#5707),#5711);
#5707 = CIRCLE('',#5708,6.06);
#5708 = AXIS2_PLACEMENT_2D('',#5709,#5710);
#5709 = CARTESIAN_POINT('',(-0.337096370668,0.279753294315));
#5710 = DIRECTION('',(1.,0.));
#5711 = ( GEOMETRIC_REPRESENTATION_CONTEXT(2) 
PARAMETRIC_REPRESENTATION_CONTEXT() REPRESENTATION_CONTEXT('2D SPACE',''
  ) );
#5712 = ORIENTED_EDGE('',*,*,#5624,.F.);
#5713 = ADVANCED_FACE('',(#5714),#5189,.F.);
#5714 = FACE_BOUND('',#5715,.F.);
#5715 = EDGE_LOOP('',(#5716,#5717,#5718,#5719));
#5716 = ORIENTED_EDGE('',*,*,#5105,.T.);
#5717 = ORIENTED_EDGE('',*,*,#5307,.T.);
#5718 = ORIENTED_EDGE('',*,*,#5647,.F.);
#5719 = ORIENTED_EDGE('',*,*,#5691,.F.);
#5720 = ADVANCED_FACE('',(#5721),#5542,.T.);
#5721 = FACE_BOUND('',#5722,.T.);
#5722 = EDGE_LOOP('',(#5723,#5724));
#5723 = ORIENTED_EDGE('',*,*,#5462,.F.);
#5724 = ORIENTED_EDGE('',*,*,#5669,.T.);
#5725 = ( GEOMETRIC_REPRESENTATION_CONTEXT(3) 
GLOBAL_UNCERTAINTY_ASSIGNED_CONTEXT((#5729)) 
GLOBAL_UNIT_ASSIGNED_CONTEXT((#5726,#5727,#5728)) REPRESENTATION_CONTEXT
('Context #1','3D Context with UNIT and UNCERTAINTY') );
#5726 = ( LENGTH_UNIT() NAMED_UNIT(*) SI_UNIT(.MILLI.,.METRE.) );
#5727 = ( NAMED_UNIT(*) PLANE_ANGLE_UNIT() SI_UNIT($,.RADIAN.) );
#5728 = ( NAMED_UNIT(*) SI_UNIT($,.STERADIAN.) SOLID_ANGLE_UNIT() );
#5729 = UNCERTAINTY_MEASURE_WITH_UNIT(LENGTH_MEASURE(1.E-07),#5726,
  'distance_accuracy_value','confusion accuracy');
#5730 = CONTEXT_DEPENDENT_SHAPE_REPRESENTATION(#5731,#5733);
#5731 = ( REPRESENTATION_RELATIONSHIP('','',#32,#10) 
REPRESENTATION_RELATIONSHIP_WITH_TRANSFORMATION(#5732) 
SHAPE_REPRESENTATION_RELATIONSHIP() );
#5732 = ITEM_DEFINED_TRANSFORMATION('','',#11,#15);
#5733 = PRODUCT_DEFINITION_SHAPE('Placement','Placement of an item',
  #5734);
#5734 = NEXT_ASSEMBLY_USAGE_OCCURRENCE('5','SensorHeadNippleBody','',#5,
  #27,$);
#5735 = PRODUCT_RELATED_PRODUCT_CATEGORY('part',$,(#29));
#5736 = MECHANICAL_DESIGN_GEOMETRIC_PRESENTATION_REPRESENTATION('',(
    #5737),#5725);
#5737 = STYLED_ITEM('color',(#5738),#33);
#5738 = PRESENTATION_STYLE_ASSIGNMENT((#5739,#5745));
#5739 = SURFACE_STYLE_USAGE(.BOTH.,#5740);
#5740 = SURFACE_SIDE_STYLE('',(#5741));
#5741 = SURFACE_STYLE_FILL_AREA(#5742);
#5742 = FILL_AREA_STYLE('',(#5743));
#5743 = FILL_AREA_STYLE_COLOUR('',#5744);
#5744 = COLOUR_RGB('',0.447058818107,0.474509808674,0.501960817233);
#5745 = CURVE_STYLE('',#5746,POSITIVE_LENGTH_MEASURE(0.1),#5747);
#5746 = DRAUGHTING_PRE_DEFINED_CURVE_FONT('continuous');
#5747 = COLOUR_RGB('',9.803921802644E-02,9.803921802644E-02,
  9.803921802644E-02);
ENDSEC;
END-ISO-10303-21;
